flow_id,y_true,AttackCategory,split_role,score,mse,y_pred
synthetic_A#2215,0,BENIGN,test_benign,0.15977197147267969,0.003994299286816992,0
synthetic_A#2582,0,BENIGN,test_benign,0.21042625251528851,0.005260656312882213,0
synthetic_A#1662,0,BENIGN,test_benign,0.36411063152004985,0.009102765788001246,0
synthetic_A#3027,0,BENIGN,test_benign,0.2240851613746171,0.005602129034365427,0
synthetic_A#4343,0,BENIGN,test_benign,0.1198303444811041,0.0029957586120276025,0
synthetic_A#2680,0,BENIGN,test_benign,1.0512924648120836,0.02628231162030209,0
synthetic_A#1765,0,BENIGN,test_benign,0.1017476876730905,0.0025436921918272626,0
synthetic_A#1123,0,BENIGN,test_benign,4.800391244749607,0.12000978111874017,0
synthetic_A#4054,0,BENIGN,test_benign,0.6518771962854555,0.01629692990713639,0
synthetic_A#3761,0,BENIGN,test_benign,1.4233355918731814,0.03558338979682953,0
synthetic_A#1535,0,BENIGN,test_benign,6.071108352853656,0.1517777088213414,0
synthetic_A#2944,0,BENIGN,test_benign,0.08290683699549398,0.0020726709248873494,0
synthetic_A#2987,0,BENIGN,test_benign,1.0074556392554443,0.025186390981386107,0
synthetic_A#4291,0,BENIGN,test_benign,0.3595859134895805,0.008989647837239514,0
synthetic_A#4342,0,BENIGN,test_benign,0.10664622202535884,0.002666155550633971,0
synthetic_A#4424,0,BENIGN,test_benign,0.6374733566947671,0.015936833917369178,0
synthetic_A#7941,0,BENIGN,test_benign,0.3594429878113574,0.008986074695283935,0
synthetic_A#4997,0,BENIGN,test_benign,0.14720258670404296,0.003680064667601074,0
synthetic_A#2748,0,BENIGN,test_benign,0.8470401902384119,0.0211760047559603,0
synthetic_A#2302,0,BENIGN,test_benign,0.20524731994285195,0.005131182998571298,0
synthetic_A#3932,0,BENIGN,test_benign,4.317041816315274,0.10792604540788184,0
synthetic_A#5956,0,BENIGN,test_benign,0.35297732418876265,0.008824433104719066,0
synthetic_A#6131,0,BENIGN,test_benign,0.137984351351182,0.0034496087837795502,0
synthetic_A#7596,0,BENIGN,test_benign,0.6139206147357145,0.015348015368392861,0
synthetic_A#794,0,BENIGN,test_benign,0.10451650224942736,0.002612912556235684,0
synthetic_A#3163,0,BENIGN,test_benign,0.19475969072284038,0.00486899226807101,0
synthetic_A#7940,0,BENIGN,test_benign,0.21719096616928546,0.005429774154232137,0
synthetic_A#3181,0,BENIGN,test_benign,0.37562068196621295,0.009390517049155323,0
synthetic_A#763,0,BENIGN,test_benign,0.8894158310393068,0.02223539577598267,0
synthetic_A#3078,0,BENIGN,test_benign,0.13111477416642883,0.003277869354160721,0
synthetic_A#811,0,BENIGN,test_benign,2.2297755126618313,0.05574438781654578,0
synthetic_A#7259,0,BENIGN,test_benign,1.213804950469367,0.030345123761734177,0
synthetic_A#6931,0,BENIGN,test_benign,1.0065248187960176,0.025163120469900442,0
synthetic_A#1618,0,BENIGN,test_benign,0.40104722095355017,0.010026180523838754,0
synthetic_A#6826,0,BENIGN,test_benign,0.328139249224775,0.008203481230619375,0
synthetic_A#1042,0,BENIGN,test_benign,0.9173550367570416,0.02293387591892604,0
synthetic_A#5318,0,BENIGN,test_benign,0.29688353629723013,0.0074220884074307535,0
synthetic_A#4794,0,BENIGN,test_benign,0.6682546813506093,0.016706367033765233,0
synthetic_A#487,0,BENIGN,test_benign,0.5981972711165805,0.014954931777914512,0
synthetic_A#1017,0,BENIGN,test_benign,0.43994236520208,0.010998559130052,0
synthetic_A#2815,0,BENIGN,test_benign,0.08771998091295405,0.002192999522823851,0
synthetic_A#2716,0,BENIGN,test_benign,1.308022133212463,0.03270055333031158,0
synthetic_A#5363,0,BENIGN,test_benign,0.4377723823317815,0.010944309558294538,0
synthetic_A#2929,0,BENIGN,test_benign,0.09566391222249163,0.0023915978055622906,0
synthetic_A#3362,0,BENIGN,test_benign,0.19026449727196598,0.00475661243179915,0
synthetic_A#5165,0,BENIGN,test_benign,0.3427627377029927,0.008569068442574818,0
synthetic_A#1075,0,BENIGN,test_benign,0.13163599505470205,0.0032908998763675514,0
synthetic_A#6398,0,BENIGN,test_benign,0.1680956378981298,0.0042023909474532455,0
synthetic_A#4981,0,BENIGN,test_benign,0.3218707566338587,0.008046768915846467,0
synthetic_A#6228,0,BENIGN,test_benign,0.2607690674338937,0.006519226685847343,0
synthetic_A#2921,0,BENIGN,test_benign,4.878963835094389,0.12197409587735972,0
synthetic_A#4019,0,BENIGN,test_benign,0.15126961492615548,0.003781740373153887,0
synthetic_A#4331,0,BENIGN,test_benign,0.20973351857632622,0.005243337964408156,0
synthetic_A#6999,0,BENIGN,test_benign,0.32386200702866963,0.00809655017571674,0
synthetic_A#1322,0,BENIGN,test_benign,0.33487398392087264,0.008371849598021817,0
synthetic_A#7731,0,BENIGN,test_benign,1.5186789968521053,0.03796697492130263,0
synthetic_A#2252,0,BENIGN,test_benign,1.4259701895702495,0.03564925473925624,0
synthetic_A#6654,0,BENIGN,test_benign,0.3125816897580789,0.007814542243951972,0
synthetic_A#7244,0,BENIGN,test_benign,2.279172167528084,0.056979304188202094,0
synthetic_A#866,0,BENIGN,test_benign,0.22745107830344813,0.0056862769575862036,0
synthetic_A#5591,0,BENIGN,test_benign,0.957615326332232,0.0239403831583058,0
synthetic_A#2465,0,BENIGN,test_benign,0.2759677028873425,0.006899192572183563,0
synthetic_A#465,0,BENIGN,test_benign,0.5880097719616781,0.014700244299041954,0
synthetic_A#2882,0,BENIGN,test_benign,0.2595848285601162,0.006489620714002905,0
synthetic_A#4961,0,BENIGN,test_benign,0.23317533959711595,0.005829383489927899,0
synthetic_A#7042,0,BENIGN,test_benign,0.5033939480991013,0.012584848702477534,0
synthetic_A#6240,0,BENIGN,test_benign,0.4858445208335056,0.01214611302083764,0
synthetic_A#5447,0,BENIGN,test_benign,0.147717978727995,0.0036929494681998748,0
synthetic_A#1502,0,BENIGN,test_benign,0.7510172511824443,0.01877543127956111,0
synthetic_A#3915,0,BENIGN,test_benign,2.7913637730353322,0.06978409432588331,0
synthetic_A#3262,0,BENIGN,test_benign,0.3251655669979724,0.008129139174949309,0
synthetic_A#263,0,BENIGN,test_benign,0.14369325314739462,0.0035923313286848656,0
synthetic_A#3806,0,BENIGN,test_benign,0.36715034093227594,0.009178758523306898,0
synthetic_A#4084,0,BENIGN,test_benign,1.846184426855181,0.04615461067137953,0
synthetic_A#7839,0,BENIGN,test_benign,0.21022157445942627,0.0052555393614856566,0
synthetic_A#1811,0,BENIGN,test_benign,0.20495814519639316,0.005123953629909829,0
synthetic_A#1144,0,BENIGN,test_benign,0.6912500521120235,0.017281251302800588,0
synthetic_A#5827,0,BENIGN,test_benign,11.13678061331042,0.2784195153327605,0
synthetic_A#2149,0,BENIGN,test_benign,2.8317418796686544,0.07079354699171636,0
synthetic_A#3929,0,BENIGN,test_benign,0.9792426079762746,0.024481065199406866,0
synthetic_A#6319,0,BENIGN,test_benign,7.468428987758242,0.18671072469395605,0
synthetic_A#3290,0,BENIGN,test_benign,0.8022512153744513,0.02005628038436128,0
synthetic_A#682,0,BENIGN,test_benign,0.42906324558503195,0.0107265811396258,0
synthetic_A#2840,0,BENIGN,test_benign,0.20378941001518242,0.00509473525037956,0
synthetic_A#1002,0,BENIGN,test_benign,0.13582408023552486,0.0033956020058881218,0
synthetic_A#6755,0,BENIGN,test_benign,0.3626353773171741,0.009065884432929352,0
synthetic_A#5129,0,BENIGN,test_benign,0.6456577985275391,0.016141444963188478,0
synthetic_A#4290,0,BENIGN,test_benign,0.08178230375916457,0.002044557593979114,0
synthetic_A#2173,0,BENIGN,test_benign,0.10801495438998235,0.0027003738597495587,0
synthetic_A#483,0,BENIGN,test_benign,0.6581824440585771,0.016454561101464427,0
synthetic_A#3813,0,BENIGN,test_benign,65.194778407412,1.6298694601853,1
synthetic_A#4414,0,BENIGN,test_benign,0.08816593705390834,0.0022041484263477084,0
synthetic_A#518,0,BENIGN,test_benign,0.13318379726544327,0.0033295949316360816,0
synthetic_A#6988,0,BENIGN,test_benign,0.701420510573197,0.017535512764329925,0
synthetic_A#1345,0,BENIGN,test_benign,5.840833343303399,0.14602083358258497,0
synthetic_A#696,0,BENIGN,test_benign,17.939684063286364,0.44849210158215913,0
synthetic_A#1009,0,BENIGN,test_benign,0.31040486301523174,0.007760121575380793,0
synthetic_A#6317,0,BENIGN,test_benign,0.473518497982741,0.011837962449568525,0
synthetic_A#6595,0,BENIGN,test_benign,0.08540621728537956,0.002135155432134489,0
synthetic_A#2770,0,BENIGN,test_benign,0.6575893049582822,0.016439732623957055,0
synthetic_A#1074,0,BENIGN,test_benign,0.08276002217013212,0.002069000554253303,0
synthetic_A#1339,0,BENIGN,test_benign,2.1163220403747274,0.052908051009368184,0
synthetic_A#2986,0,BENIGN,test_benign,1.0456118358964814,0.026140295897412034,0
synthetic_A#7709,0,BENIGN,test_benign,0.07570432945068281,0.0018926082362670702,0
synthetic_A#6747,0,BENIGN,test_benign,2.101702500203034,0.05254256250507585,0
synthetic_A#4421,0,BENIGN,test_benign,0.45318122498227437,0.011329530624556858,0
synthetic_A#3392,0,BENIGN,test_benign,0.056787946076815914,0.001419698651920398,0
synthetic_A#1483,0,BENIGN,test_benign,0.5904094139965528,0.01476023534991382,0
synthetic_A#4861,0,BENIGN,test_benign,0.44925793023888727,0.011231448255972182,0
synthetic_A#1934,0,BENIGN,test_benign,0.3518427723244654,0.008796069308111635,0
synthetic_A#1034,0,BENIGN,test_benign,0.3724646768003647,0.009311616920009117,0
synthetic_A#5484,0,BENIGN,test_benign,0.4481669743079172,0.01120417435769793,0
synthetic_A#2478,0,BENIGN,test_benign,0.2528400351995299,0.006321000879988247,0
synthetic_A#349,0,BENIGN,test_benign,34.69126296749004,0.867281574187251,1
synthetic_A#4393,0,BENIGN,test_benign,0.5475784025413707,0.013689460063534267,0
synthetic_A#4352,0,BENIGN,test_benign,0.16280111454493518,0.00407002786362338,0
synthetic_A#7557,0,BENIGN,test_benign,0.32293672613349655,0.008073418153337415,0
synthetic_A#1061,0,BENIGN,test_benign,2.1018401206321036,0.05254600301580259,0
synthetic_A#879,0,BENIGN,test_benign,0.13573769898320054,0.0033934424745800133,0
synthetic_A#5602,0,BENIGN,test_benign,0.5041974636257315,0.012604936590643287,0
synthetic_A#2542,0,BENIGN,test_benign,2.358739766295053,0.05896849415737633,0
synthetic_A#6423,0,BENIGN,test_benign,0.15675958093338316,0.003918989523334579,0
synthetic_A#6744,0,BENIGN,test_benign,3.1487500169863036,0.07871875042465759,0
synthetic_A#1850,0,BENIGN,test_benign,0.23553805546226178,0.005888451386556545,0
synthetic_A#5402,0,BENIGN,test_benign,0.16347721294805384,0.004086930323701346,0
synthetic_A#1677,0,BENIGN,test_benign,0.16757345216579178,0.0041893363041447945,0
synthetic_A#1835,0,BENIGN,test_benign,0.11096327754442242,0.0027740819386105607,0
synthetic_A#7111,0,BENIGN,test_benign,0.3483451528639118,0.008708628821597796,0
synthetic_A#4952,0,BENIGN,test_benign,1.1886001389123098,0.029715003472807745,0
synthetic_A#4704,0,BENIGN,test_benign,0.12372891343673258,0.0030932228359183142,0
synthetic_A#5199,0,BENIGN,test_benign,0.08703562967708972,0.002175890741927243,0
synthetic_A#457,0,BENIGN,test_benign,0.3811784502244815,0.009529461255612038,0
synthetic_A#4647,0,BENIGN,test_benign,0.6173633720933044,0.01543408430233261,0
synthetic_A#6507,0,BENIGN,test_benign,0.184193561485541,0.004604839037138525,0
synthetic_A#3182,0,BENIGN,test_benign,0.21795692941944922,0.005448923235486231,0
synthetic_A#5337,0,BENIGN,test_benign,0.8365878515599207,0.020914696288998016,0
synthetic_A#1945,0,BENIGN,test_benign,0.39845182833579484,0.00996129570839487,0
synthetic_A#6124,0,BENIGN,test_benign,0.17740589323896971,0.004435147330974243,0
synthetic_A#3263,0,BENIGN,test_benign,1.0463814396042868,0.026159535990107168,0
synthetic_A#6522,0,BENIGN,test_benign,0.5889304280704608,0.01472326070176152,0
synthetic_A#6521,0,BENIGN,test_benign,5.6621419923930505,0.14155354980982626,0
synthetic_A#6702,0,BENIGN,test_benign,0.2037685176017212,0.00509421294004303,0
synthetic_A#2988,0,BENIGN,test_benign,0.1281015604761565,0.0032025390119039127,0
synthetic_A#7020,0,BENIGN,test_benign,0.32729200884441983,0.008182300221110496,0
synthetic_A#1550,0,BENIGN,test_benign,0.16300423430180222,0.004075105857545056,0
synthetic_A#2164,0,BENIGN,test_benign,0.5772445289494661,0.014431113223736653,0
synthetic_A#586,0,BENIGN,test_benign,2.175108438008194,0.05437771095020485,0
synthetic_A#2405,0,BENIGN,test_benign,0.2190599869110165,0.005476499672775413,0
synthetic_A#6800,0,BENIGN,test_benign,0.26167637222628115,0.006541909305657029,0
synthetic_A#3428,0,BENIGN,test_benign,3.9783357308453526,0.09945839327113382,0
synthetic_A#2609,0,BENIGN,test_benign,0.1978489713734376,0.00494622428433594,0
synthetic_A#3656,0,BENIGN,test_benign,0.46056098630065545,0.011514024657516386,0
synthetic_A#3214,0,BENIGN,test_benign,0.6512061302822252,0.01628015325705563,0
synthetic_A#3534,0,BENIGN,test_benign,0.8359262624842017,0.02089815656210504,0
synthetic_A#3286,0,BENIGN,test_benign,0.5139884747786736,0.01284971186946684,0
synthetic_A#2080,0,BENIGN,test_benign,0.4794503445761962,0.011986258614404905,0
synthetic_A#6955,0,BENIGN,test_benign,0.1718450486133717,0.004296126215334292,0
synthetic_A#6487,0,BENIGN,test_benign,0.14006506964511475,0.003501626741127869,0
synthetic_A#647,0,BENIGN,test_benign,0.19683925360435003,0.004920981340108751,0
synthetic_A#222,0,BENIGN,test_benign,0.36183038535843903,0.009045759633960976,0
synthetic_A#6889,0,BENIGN,test_benign,0.30116457826404547,0.007529114456601137,0
synthetic_A#7678,0,BENIGN,test_benign,0.3973352377484038,0.009933380943710095,0
synthetic_A#23,0,BENIGN,test_benign,0.2637046042994212,0.0065926151074855305,0
synthetic_A#1905,0,BENIGN,test_benign,0.6455273860285813,0.01613818465071453,0
synthetic_A#4078,0,BENIGN,test_benign,0.10202589684158328,0.002550647421039582,0
synthetic_A#1554,0,BENIGN,test_benign,0.731709915239398,0.01829274788098495,0
synthetic_A#5723,0,BENIGN,test_benign,145.32982623779878,3.6332456559449695,1
synthetic_A#5204,0,BENIGN,test_benign,0.36629128806808053,0.009157282201702014,0
synthetic_A#7700,0,BENIGN,test_benign,0.22743390333961203,0.0056858475834903,0
synthetic_A#5840,0,BENIGN,test_benign,0.2486618443611608,0.00621654610902902,0
synthetic_A#4945,0,BENIGN,test_benign,21.025680326277946,0.5256420081569486,0
synthetic_A#1407,0,BENIGN,test_benign,1.2299689412274586,0.030749223530686466,0
synthetic_A#65,0,BENIGN,test_benign,0.23368786872191014,0.005842196718047753,0
synthetic_A#6340,0,BENIGN,test_benign,0.22110569575152106,0.005527642393788027,0
synthetic_A#1044,0,BENIGN,test_benign,0.12053235449032218,0.0030133088622580546,0
synthetic_A#6688,0,BENIGN,test_benign,0.9921646835668103,0.02480411708917026,0
synthetic_A#7924,0,BENIGN,test_benign,0.11391692749879256,0.002847923187469814,0
synthetic_A#4743,0,BENIGN,test_benign,0.19728327063015325,0.0049320817657538315,0
synthetic_A#2031,0,BENIGN,test_benign,0.3703194929084333,0.009257987322710833,0
synthetic_A#5824,0,BENIGN,test_benign,0.18572042383376608,0.004643010595844152,0
synthetic_A#5244,0,BENIGN,test_benign,1.5844834341798397,0.03961208585449599,0
synthetic_A#5036,0,BENIGN,test_benign,0.23799625036153227,0.005949906259038307,0
synthetic_A#554,0,BENIGN,test_benign,1.1113894625087735,0.027784736562719337,0
synthetic_A#7311,0,BENIGN,test_benign,2.0911101889424577,0.05227775472356144,0
synthetic_A#4394,0,BENIGN,test_benign,0.3363283857887746,0.008408209644719365,0
synthetic_A#5394,0,BENIGN,test_benign,1.95975786321254,0.0489939465803135,0
synthetic_A#3535,0,BENIGN,test_benign,1.2580561740168674,0.03145140435042169,0
synthetic_A#1699,0,BENIGN,test_benign,1.1457818027401239,0.028644545068503096,0
synthetic_A#6726,0,BENIGN,test_benign,0.3693660255663575,0.009234150639158938,0
synthetic_A#1055,0,BENIGN,test_benign,1.1390384305537542,0.028475960763843854,0
synthetic_A#1406,0,BENIGN,test_benign,0.9104169540224208,0.02276042385056052,0
synthetic_A#3767,0,BENIGN,test_benign,0.30173465768337404,0.007543366442084351,0
synthetic_A#601,0,BENIGN,test_benign,0.8206871249887766,0.020517178124719416,0
synthetic_A#1383,0,BENIGN,test_benign,0.07511269810538616,0.001877817452634654,0
synthetic_A#3332,0,BENIGN,test_benign,0.29114040888858983,0.007278510222214746,0
synthetic_A#2118,0,BENIGN,test_benign,5.6618552815611665,0.14154638203902917,0
synthetic_A#4319,0,BENIGN,test_benign,17.024619606254824,0.42561549015637057,0
synthetic_A#1912,0,BENIGN,test_benign,1.3017290718608576,0.03254322679652144,0
synthetic_A#3684,0,BENIGN,test_benign,0.26288810675452007,0.0065722026688630015,0
synthetic_A#7582,0,BENIGN,test_benign,1.4984188598786905,0.03746047149696726,0
synthetic_A#4813,0,BENIGN,test_benign,0.15665989680715997,0.003916497420178999,0
synthetic_A#1740,0,BENIGN,test_benign,0.22592262548237024,0.005648065637059256,0
synthetic_A#5039,0,BENIGN,test_benign,3.236238874139084,0.0809059718534771,0
synthetic_A#927,0,BENIGN,test_benign,0.1976496608448154,0.0049412415211203846,0
synthetic_A#5138,0,BENIGN,test_benign,0.23535826399162668,0.005883956599790667,0
synthetic_A#3578,0,BENIGN,test_benign,1.4200128677217423,0.035500321693043554,0
synthetic_A#4442,0,BENIGN,test_benign,1.3734616328595453,0.03433654082148863,0
synthetic_A#7472,0,BENIGN,test_benign,1.349871769986453,0.03374679424966133,0
synthetic_A#7128,0,BENIGN,test_benign,0.20787759371689607,0.005196939842922401,0
synthetic_A#239,0,BENIGN,test_benign,0.2649367392241001,0.006623418480602503,0
synthetic_A#2966,0,BENIGN,test_benign,0.47867992279285804,0.01196699806982145,0
synthetic_A#3542,0,BENIGN,test_benign,0.6991341404590676,0.01747835351147669,0
synthetic_A#6206,0,BENIGN,test_benign,0.48884135196896716,0.012221033799224179,0
synthetic_A#3210,0,BENIGN,test_benign,0.0662965955156699,0.0016574148878917474,0
synthetic_A#101,0,BENIGN,test_benign,0.6040992736920096,0.01510248184230024,0
synthetic_A#318,0,BENIGN,test_benign,2.707068038512019,0.06767670096280047,0
synthetic_A#4581,0,BENIGN,test_benign,0.5743188738106237,0.014357971845265594,0
synthetic_A#3187,0,BENIGN,test_benign,0.09578857632650875,0.002394714408162719,0
synthetic_A#533,0,BENIGN,test_benign,0.12656846834500632,0.003164211708625158,0
synthetic_A#737,0,BENIGN,test_benign,0.7647495979982892,0.01911873994995723,0
synthetic_A#1244,0,BENIGN,test_benign,0.5513118515477149,0.013782796288692872,0
synthetic_A#1142,0,BENIGN,test_benign,0.05425102924300358,0.0013562757310750895,0
synthetic_A#4347,0,BENIGN,test_benign,0.8716956038353604,0.02179239009588401,0
synthetic_A#7287,0,BENIGN,test_benign,1.5099178140126908,0.037747945350317266,0
synthetic_A#6526,0,BENIGN,test_benign,0.4701238056939556,0.011753095142348891,0
synthetic_A#1328,0,BENIGN,test_benign,0.48006439985176896,0.012001609996294224,0
synthetic_A#7097,0,BENIGN,test_benign,0.2119013292242629,0.005297533230606573,0
synthetic_A#6613,0,BENIGN,test_benign,0.25339579317684474,0.006334894829421118,0
synthetic_A#1928,0,BENIGN,test_benign,0.5747679413937009,0.014369198534842522,0
synthetic_A#5004,0,BENIGN,test_benign,0.25069274017290744,0.006267318504322686,0
synthetic_A#496,0,BENIGN,test_benign,0.20402802190258962,0.005100700547564741,0
synthetic_A#7544,0,BENIGN,test_benign,0.13208587474298042,0.0033021468685745107,0
synthetic_A#2771,0,BENIGN,test_benign,1.707313353087581,0.04268283382718953,0
synthetic_A#472,0,BENIGN,test_benign,0.0757108483916633,0.0018927712097915825,0
synthetic_A#5050,0,BENIGN,test_benign,1.0097083778107492,0.02524270944526873,0
synthetic_A#4076,0,BENIGN,test_benign,10.319091081219469,0.25797727703048673,0
synthetic_A#3916,0,BENIGN,test_benign,0.3725361241994263,0.009313403104985657,0
synthetic_A#544,0,BENIGN,test_benign,0.8176124483534395,0.020440311208835986,0
synthetic_A#4176,0,BENIGN,test_benign,1.4205900263532802,0.03551475065883201,0
synthetic_A#1242,0,BENIGN,test_benign,6.488665024487871,0.1622166256121968,0
synthetic_A#7330,0,BENIGN,test_benign,1.7028435438307148,0.04257108859576787,0
synthetic_A#5538,0,BENIGN,test_benign,0.27099568497892895,0.006774892124473224,0
synthetic_A#334,0,BENIGN,test_benign,0.3575792490569908,0.00893948122642477,0
synthetic_A#7132,0,BENIGN,test_benign,0.40039234000266344,0.010009808500066586,0
synthetic_A#1315,0,BENIGN,test_benign,2.1102779714360165,0.05275694928590041,0
synthetic_A#1919,0,BENIGN,test_benign,2.0291047294002102,0.05072761823500525,0
synthetic_A#2184,0,BENIGN,test_benign,0.20175486648093102,0.005043871662023276,0
synthetic_A#3861,0,BENIGN,test_benign,0.6638185799110663,0.016595464497776657,0
synthetic_A#7409,0,BENIGN,test_benign,0.22665400428247873,0.005666350107061968,0
synthetic_A#4645,0,BENIGN,test_benign,0.259529923020599,0.006488248075514976,0
synthetic_A#132,0,BENIGN,test_benign,4.569268439887214,0.11423171099718035,0
synthetic_A#3960,0,BENIGN,test_benign,0.9752896881797025,0.024382242204492564,0
synthetic_A#6351,0,BENIGN,test_benign,1.1115357655713047,0.027788394139282618,0
synthetic_A#2245,0,BENIGN,test_benign,0.8995161027156049,0.02248790256789012,0
synthetic_A#540,0,BENIGN,test_benign,0.3808770546867998,0.009521926367169994,0
synthetic_A#6146,0,BENIGN,test_benign,0.28266218113319486,0.007066554528329871,0
synthetic_A#2029,0,BENIGN,test_benign,0.07006557393992086,0.0017516393484980214,0
synthetic_A#37,0,BENIGN,test_benign,0.5779683742479853,0.014449209356199633,0
synthetic_A#7636,0,BENIGN,test_benign,29.360190222189082,0.7340047555547271,1
synthetic_A#7573,0,BENIGN,test_benign,0.3395108837026538,0.008487772092566345,0
synthetic_A#2018,0,BENIGN,test_benign,0.08724180840864537,0.0021810452102161344,0
synthetic_A#2111,0,BENIGN,test_benign,0.32246673788539937,0.008061668447134985,0
synthetic_A#2402,0,BENIGN,test_benign,0.22309800176928463,0.005577450044232116,0
synthetic_A#748,0,BENIGN,test_benign,0.3214518612862265,0.008036296532155662,0
synthetic_A#7567,0,BENIGN,test_benign,1.3127805813787028,0.03281951453446757,0
synthetic_A#2456,0,BENIGN,test_benign,0.6053367985010654,0.015133419962526633,0
synthetic_A#7512,0,BENIGN,test_benign,0.7785382890827833,0.019463457227069582,0
synthetic_A#2344,0,BENIGN,test_benign,0.817825857166266,0.02044564642915665,0
synthetic_A#95,0,BENIGN,test_benign,2.0523385929213136,0.05130846482303284,0
synthetic_A#6251,0,BENIGN,test_benign,0.4476894036703813,0.011192235091759532,0
synthetic_A#7864,0,BENIGN,test_benign,0.21877460890440087,0.005469365222610022,0
synthetic_A#5223,0,BENIGN,test_benign,0.07239978905413383,0.0018099947263533456,0
synthetic_A#2114,0,BENIGN,test_benign,0.6568323690831861,0.01642080922707965,0
synthetic_A#2586,0,BENIGN,test_benign,0.18432724106811926,0.004608181026702981,0
synthetic_A#5198,0,BENIGN,test_benign,0.24947639571493352,0.006236909892873338,0
synthetic_A#3439,0,BENIGN,test_benign,1.245419509161568,0.0311354877290392,0
synthetic_A#3554,0,BENIGN,test_benign,1.0045991079697503,0.025114977699243757,0
synthetic_A#453,0,BENIGN,test_benign,4.280403253312478,0.10701008133281195,0
synthetic_A#6584,0,BENIGN,test_benign,0.845600084422411,0.021140002110560274,0
synthetic_A#2812,0,BENIGN,test_benign,0.1539878966663395,0.0038496974166584872,0
synthetic_A#2836,0,BENIGN,test_benign,1.223624836907831,0.030590620922695776,0
synthetic_A#251,0,BENIGN,test_benign,1.216316806126802,0.030407920153170048,0
synthetic_A#6635,0,BENIGN,test_benign,0.14964288514421692,0.003741072128605423,0
synthetic_A#1022,0,BENIGN,test_benign,1.4033239402674937,0.035083098506687345,0
synthetic_A#7647,0,BENIGN,test_benign,0.5855526315141952,0.014638815787854881,0
synthetic_A#1010,0,BENIGN,test_benign,0.6726562566667845,0.016816406416669614,0
synthetic_A#4649,0,BENIGN,test_benign,0.12386969268713771,0.0030967423171784428,0
synthetic_A#6001,0,BENIGN,test_benign,0.12295755297926309,0.003073938824481577,0
synthetic_A#1672,0,BENIGN,test_benign,0.09405706217676461,0.0023514265544191154,0
synthetic_A#625,0,BENIGN,test_benign,1.081754155256521,0.027043853881413026,0
synthetic_A#7793,0,BENIGN,test_benign,0.02928881688593655,0.0007322204221484137,0
synthetic_A#2110,0,BENIGN,test_benign,4.253184658562728,0.1063296164640682,0
synthetic_A#1465,0,BENIGN,test_benign,2.329677562437701,0.05824193906094253,0
synthetic_A#7529,0,BENIGN,test_benign,1.18396416607116,0.029599104151779,0
synthetic_A#4734,0,BENIGN,test_benign,0.5913753485775777,0.014784383714439442,0
synthetic_A#4266,0,BENIGN,test_benign,0.570884024461686,0.01427210061154215,0
synthetic_A#3091,0,BENIGN,test_benign,0.4168592149704006,0.010421480374260016,0
synthetic_A#6972,0,BENIGN,test_benign,0.12008166349123661,0.0030020415872809153,0
synthetic_A#1888,0,BENIGN,test_benign,0.7621363864650663,0.019053409661626657,0
synthetic_A#1608,0,BENIGN,test_benign,0.27280405855129314,0.006820101463782329,0
synthetic_A#1744,0,BENIGN,test_benign,2.6547278038453905,0.06636819509613476,0
synthetic_A#157,0,BENIGN,test_benign,2.3513853306141974,0.058784633265354935,0
synthetic_A#2439,0,BENIGN,test_benign,0.10468976051215442,0.0026172440128038607,0
synthetic_A#2199,0,BENIGN,test_benign,0.12643839810803065,0.003160959952700766,0
synthetic_A#3094,0,BENIGN,test_benign,2.7141407473908776,0.06785351868477194,0
synthetic_A#6213,0,BENIGN,test_benign,0.42994744971126475,0.010748686242781618,0
synthetic_A#503,0,BENIGN,test_benign,0.5554788250240721,0.013886970625601801,0
synthetic_A#6186,0,BENIGN,test_benign,0.17641052644274985,0.004410263161068746,0
synthetic_A#315,0,BENIGN,test_benign,0.04844619840230695,0.0012111549600576736,0
synthetic_A#710,0,BENIGN,test_benign,0.31570659578186844,0.007892664894546712,0
synthetic_A#3968,0,BENIGN,test_benign,1.0930974387550687,0.02732743596887672,0
synthetic_A#4174,0,BENIGN,test_benign,0.19634472417820065,0.004908618104455016,0
synthetic_A#3717,0,BENIGN,test_benign,1.1595983319205678,0.028989958298014196,0
synthetic_A#7082,0,BENIGN,test_benign,0.2569582779970848,0.00642395694992712,0
synthetic_A#856,0,BENIGN,test_benign,0.1535438218797096,0.0038385955469927404,0
synthetic_A#3322,0,BENIGN,test_benign,0.4876846784816879,0.012192116962042197,0
synthetic_A#5002,0,BENIGN,test_benign,0.28046069387196526,0.007011517346799131,0
synthetic_A#2656,0,BENIGN,test_benign,0.22017737459854364,0.005504434364963591,0
synthetic_A#319,0,BENIGN,test_benign,2.4891708089790194,0.06222927022447548,0
synthetic_A#429,0,BENIGN,test_benign,0.6035813105071637,0.015089532762679093,0
synthetic_A#1018,0,BENIGN,test_benign,0.10928531164291472,0.0027321327910728678,0
synthetic_A#1426,0,BENIGN,test_benign,0.47868843820618145,0.011967210955154536,0
synthetic_A#7942,0,BENIGN,test_benign,0.3932341934591731,0.009830854836479327,0
synthetic_A#3703,0,BENIGN,test_benign,0.17032028439523636,0.004258007109880909,0
synthetic_A#6543,0,BENIGN,test_benign,0.34750120658175043,0.008687530164543761,0
synthetic_A#2107,0,BENIGN,test_benign,0.7289983459576684,0.018224958648941712,0
synthetic_A#7145,0,BENIGN,test_benign,0.23700950057922993,0.005925237514480748,0
synthetic_A#6605,0,BENIGN,test_benign,0.13251275521805878,0.0033128188804514695,0
synthetic_A#7530,0,BENIGN,test_benign,1.0724436124101546,0.026811090310253867,0
synthetic_A#7978,0,BENIGN,test_benign,2.311024495982714,0.057775612399567855,0
synthetic_A#7944,0,BENIGN,test_benign,0.6544903820396433,0.016362259550991083,0
synthetic_A#1193,0,BENIGN,test_benign,2.7159202267603377,0.06789800566900844,0
synthetic_A#6357,0,BENIGN,test_benign,0.6490537890342154,0.016226344725855386,0
synthetic_A#4113,0,BENIGN,test_benign,0.2011926215934875,0.005029815539837187,0
synthetic_A#5740,0,BENIGN,test_benign,1.0974677223921465,0.027436693059803664,0
synthetic_A#1840,0,BENIGN,test_benign,0.25229741681115264,0.006307435420278816,0
synthetic_A#2534,0,BENIGN,test_benign,0.13717512207060198,0.0034293780517650496,0
synthetic_A#1862,0,BENIGN,test_benign,1.1519553591065268,0.02879888397766317,0
synthetic_A#5836,0,BENIGN,test_benign,0.37239839138037456,0.009309959784509363,0
synthetic_A#7773,0,BENIGN,test_benign,0.1574448370583484,0.0039361209264587105,0
synthetic_A#6699,0,BENIGN,test_benign,0.5216835251641567,0.013042088129103919,0
synthetic_A#3045,0,BENIGN,test_benign,0.6218720723284128,0.01554680180821032,0
synthetic_A#2628,0,BENIGN,test_benign,0.20252454238559164,0.005063113559639791,0
synthetic_A#4228,0,BENIGN,test_benign,0.2991810085982144,0.00747952521495536,0
synthetic_A#6060,0,BENIGN,test_benign,0.18121213232328098,0.004530303308082025,0
synthetic_A#4229,0,BENIGN,test_benign,0.19817628517934588,0.004954407129483647,0
synthetic_A#1281,0,BENIGN,test_benign,0.2902408264898529,0.007256020662246322,0
synthetic_A#7740,0,BENIGN,test_benign,1.4073427191977563,0.03518356797994391,0
synthetic_A#7288,0,BENIGN,test_benign,0.0893790281402839,0.0022344757035070973,0
synthetic_A#5502,0,BENIGN,test_benign,0.6137253209525828,0.01534313302381457,0
synthetic_A#4220,0,BENIGN,test_benign,1.7401351120024031,0.04350337780006008,0
synthetic_A#4545,0,BENIGN,test_benign,0.20115241184370009,0.005028810296092502,0
synthetic_A#7698,0,BENIGN,test_benign,0.3688848472891231,0.009222121182228076,0
synthetic_A#743,0,BENIGN,test_benign,0.17905942200523556,0.004476485550130889,0
synthetic_A#5528,0,BENIGN,test_benign,0.2596867439826982,0.006492168599567455,0
synthetic_A#2233,0,BENIGN,test_benign,1.8477272957182445,0.04619318239295611,0
synthetic_A#4504,0,BENIGN,test_benign,0.13772450359238614,0.0034431125898096533,0
synthetic_A#6246,0,BENIGN,test_benign,0.16495605210522496,0.004123901302630624,0
synthetic_A#6096,0,BENIGN,test_benign,1.1444503995888138,0.028611259989720344,0
synthetic_A#7770,0,BENIGN,test_benign,1.2331346612941771,0.030828366532354427,0
synthetic_A#5277,0,BENIGN,test_benign,0.263762292914989,0.006594057322874725,0
synthetic_A#3615,0,BENIGN,test_benign,1.2792811711551795,0.031982029278879484,0
synthetic_A#4789,0,BENIGN,test_benign,0.30842533852198717,0.007710633463049679,0
synthetic_A#7496,0,BENIGN,test_benign,0.22019763176252377,0.005504940794063095,0
synthetic_A#2697,0,BENIGN,test_benign,0.31699464294764745,0.007924866073691186,0
synthetic_A#1701,0,BENIGN,test_benign,0.9089823477035641,0.022724558692589103,0
synthetic_A#996,0,BENIGN,test_benign,0.47415670569529833,0.011853917642382458,0
synthetic_A#4038,0,BENIGN,test_benign,0.18450569194467986,0.004612642298616997,0
synthetic_A#4657,0,BENIGN,test_benign,0.20331868063818737,0.0050829670159546845,0
synthetic_A#7906,0,BENIGN,test_benign,0.5498497627177248,0.01374624406794312,0
synthetic_A#4717,0,BENIGN,test_benign,0.18315917214688004,0.004578979303672001,0
synthetic_A#4715,0,BENIGN,test_benign,0.8137778790125234,0.020344446975313086,0
synthetic_A#3482,0,BENIGN,test_benign,0.6947725886113242,0.017369314715283104,0
synthetic_A#6369,0,BENIGN,test_benign,1.8199120279875927,0.04549780069968982,0
synthetic_A#5893,0,BENIGN,test_benign,2.005078568092784,0.0501269642023196,0
synthetic_A#5146,0,BENIGN,test_benign,7.4926263710111805,0.18731565927527952,0
synthetic_A#1084,0,BENIGN,test_benign,0.6162191290275054,0.015405478225687635,0
synthetic_A#2266,0,BENIGN,test_benign,0.19921684671316076,0.0049804211678290185,0
synthetic_A#1922,0,BENIGN,test_benign,0.4482704638781573,0.011206761596953932,0
synthetic_A#7223,0,BENIGN,test_benign,4.525545050621233,0.11313862626553081,0
synthetic_A#1046,0,BENIGN,test_benign,0.7713086452908183,0.019282716132270457,0
synthetic_A#1346,0,BENIGN,test_benign,0.5249476307422041,0.013123690768555102,0
synthetic_A#5922,0,BENIGN,test_benign,14.141735150458178,0.3535433787614545,0
synthetic_A#1176,0,BENIGN,test_benign,0.1908382700475597,0.004770956751188993,0
synthetic_A#6282,0,BENIGN,test_benign,0.26660332548917487,0.0066650831372293716,0
synthetic_A#7036,0,BENIGN,test_benign,0.1615581902842868,0.00403895475710717,0
synthetic_A#6083,0,BENIGN,test_benign,0.24502178948104186,0.006125544737026046,0
synthetic_A#5914,0,BENIGN,test_benign,0.7593659402951307,0.018984148507378267,0
synthetic_A#4838,0,BENIGN,test_benign,1.795766933807689,0.044894173345192225,0
synthetic_A#1421,0,BENIGN,test_benign,0.12827062660724514,0.0032067656651811284,0
synthetic_A#6075,0,BENIGN,test_benign,0.38013708076348685,0.009503427019087171,0
synthetic_A#4149,0,BENIGN,test_benign,0.4349818206815592,0.01087454551703898,0
synthetic_A#5775,0,BENIGN,test_benign,0.8629112676345897,0.021572781690864743,0
synthetic_A#908,0,BENIGN,test_benign,0.13231967347252377,0.0033079918368130942,0
synthetic_A#2913,0,BENIGN,test_benign,1.3315145989776653,0.03328786497444163,0
synthetic_A#6851,0,BENIGN,test_benign,3.631022006191132,0.0907755501547783,0
synthetic_A#1972,0,BENIGN,test_benign,0.19290908970319737,0.004822727242579934,0
synthetic_A#6527,0,BENIGN,test_benign,0.3406584369381672,0.008516460923454181,0
synthetic_A#7918,0,BENIGN,test_benign,0.4066460419504586,0.010166151048761465,0
synthetic_A#3733,0,BENIGN,test_benign,0.2612995891383453,0.006532489728458632,0
synthetic_A#393,0,BENIGN,test_benign,0.20704569671944673,0.005176142417986168,0
synthetic_A#683,0,BENIGN,test_benign,0.0783030603816946,0.001957576509542365,0
synthetic_A#230,0,BENIGN,test_benign,4.990213722776484,0.12475534306941209,0
synthetic_A#7947,0,BENIGN,test_benign,0.29366494259303133,0.007341623564825784,0
synthetic_A#1430,0,BENIGN,test_benign,0.11251188180054957,0.002812797045013739,0
synthetic_A#676,0,BENIGN,test_benign,13.312658778781753,0.3328164694695438,0
synthetic_A#6463,0,BENIGN,test_benign,0.4794929473825943,0.011987323684564857,0
synthetic_A#2138,0,BENIGN,test_benign,0.2703362670276016,0.00675840667569004,0
synthetic_A#6926,0,BENIGN,test_benign,0.4023178307678871,0.010057945769197177,0
synthetic_A#33,0,BENIGN,test_benign,3.8384181258103265,0.09596045314525817,0
synthetic_A#2807,0,BENIGN,test_benign,3.418525583957918,0.08546313959894794,0
synthetic_A#957,0,BENIGN,test_benign,3.0251202579276155,0.07562800644819039,0
synthetic_A#7871,0,BENIGN,test_benign,0.14316994497819432,0.003579248624454858,0
synthetic_A#6342,0,BENIGN,test_benign,0.38863520350172026,0.009715880087543007,0
synthetic_A#1632,0,BENIGN,test_benign,0.3406891161508555,0.008517227903771388,0
synthetic_A#7417,0,BENIGN,test_benign,0.570511059574681,0.014262776489367024,0
synthetic_A#4262,0,BENIGN,test_benign,0.17198745689794928,0.004299686422448732,0
synthetic_A#2223,0,BENIGN,test_benign,1.527418679634792,0.0381854669908698,0
synthetic_A#3378,0,BENIGN,test_benign,0.23892946675395052,0.005973236668848763,0
synthetic_A#7159,0,BENIGN,test_benign,1.0469360519298172,0.02617340129824543,0
synthetic_A#61,0,BENIGN,test_benign,0.18734922005362203,0.004683730501340551,0
synthetic_A#4570,0,BENIGN,test_benign,0.22385867964868672,0.005596466991217168,0
synthetic_A#1807,0,BENIGN,test_benign,0.503902018562961,0.012597550464074025,0
synthetic_A#1277,0,BENIGN,test_benign,12.736549124391491,0.3184137281097873,0
synthetic_A#7534,0,BENIGN,test_benign,0.1535122611980158,0.0038378065299503952,0
synthetic_A#3515,0,BENIGN,test_benign,0.12146779965379537,0.003036694991344884,0
synthetic_A#332,0,BENIGN,test_benign,1.782858375164381,0.04457145937910952,0
synthetic_A#6072,0,BENIGN,test_benign,0.4890885532158838,0.012227213830397096,0
synthetic_A#2375,0,BENIGN,test_benign,0.44734501676121213,0.011183625419030303,0
synthetic_A#7171,0,BENIGN,test_benign,0.4650149907919095,0.011625374769797737,0
synthetic_A#1261,0,BENIGN,test_benign,0.5876968689910179,0.014692421724775449,0
synthetic_A#5607,0,BENIGN,test_benign,3.7237030746095314,0.09309257686523828,0
synthetic_A#5303,0,BENIGN,test_benign,0.46265802578903714,0.011566450644725928,0
synthetic_A#5627,0,BENIGN,test_benign,31.451147620734567,0.7862786905183642,1
synthetic_A#736,0,BENIGN,test_benign,0.1977482734574224,0.0049437068364355605,0
synthetic_A#6415,0,BENIGN,test_benign,0.8555991563477122,0.021389978908692805,0
synthetic_A#6088,0,BENIGN,test_benign,3.074775856062552,0.0768693964015638,0
synthetic_A#2897,0,BENIGN,test_benign,0.561032267144671,0.014025806678616776,0
synthetic_A#3244,0,BENIGN,test_benign,0.654167331065036,0.0163541832766259,0
synthetic_A#5364,0,BENIGN,test_benign,2.6238109329708488,0.06559527332427122,0
synthetic_A#3288,0,BENIGN,test_benign,0.3258834016001928,0.00814708504000482,0
synthetic_A#6459,0,BENIGN,test_benign,0.8338957212491066,0.020847393031227665,0
synthetic_A#7284,0,BENIGN,test_benign,0.20904509371305804,0.005226127342826451,0
synthetic_A#6449,0,BENIGN,test_benign,0.7379193253464202,0.018447983133660507,0
synthetic_A#3299,0,BENIGN,test_benign,0.29854065819040376,0.007463516454760094,0
synthetic_A#2473,0,BENIGN,test_benign,0.4239580192223489,0.010598950480558722,0
synthetic_A#2306,0,BENIGN,test_benign,3.1838422161786095,0.07959605540446524,0
synthetic_A#1374,0,BENIGN,test_benign,0.1372597550263251,0.0034314938756581275,0
synthetic_A#6171,0,BENIGN,test_benign,0.22746696016486556,0.005686674004121639,0
synthetic_A#7741,0,BENIGN,test_benign,0.2690343785791478,0.006725859464478695,0
synthetic_A#7893,0,BENIGN,test_benign,2.5848224744217614,0.06462056186054403,0
synthetic_A#2598,0,BENIGN,test_benign,0.41448067792026894,0.010362016948006723,0
synthetic_A#3429,0,BENIGN,test_benign,0.441461474574278,0.01103653686435695,0
synthetic_A#2603,0,BENIGN,test_benign,0.25316320562590694,0.006329080140647673,0
synthetic_A#3877,0,BENIGN,test_benign,0.10555932995002465,0.002638983248750616,0
synthetic_A#7863,0,BENIGN,test_benign,0.14515638572449419,0.0036289096431123546,0
synthetic_A#6575,0,BENIGN,test_benign,0.903759136548973,0.022593978413724326,0
synthetic_A#7117,0,BENIGN,test_benign,0.3868854293238167,0.009672135733095418,0
synthetic_A#1078,0,BENIGN,test_benign,0.20520889985748925,0.005130222496437231,0
synthetic_A#3520,0,BENIGN,test_benign,0.31548398430468877,0.007887099607617219,0
synthetic_A#1163,0,BENIGN,test_benign,0.15475419094845602,0.0038688547737114006,0
synthetic_A#6577,0,BENIGN,test_benign,8.034126702200519,0.20085316755501298,0
synthetic_A#3832,0,BENIGN,test_benign,0.5851807907210527,0.014629519768026317,0
synthetic_A#5441,0,BENIGN,test_benign,0.4468183330692368,0.01117045832673092,0
synthetic_A#79,0,BENIGN,test_benign,6.48038098135607,0.16200952453390177,0
synthetic_A#2585,0,BENIGN,test_benign,0.7106964978528012,0.01776741244632003,0
synthetic_A#6906,0,BENIGN,test_benign,0.41360800525043906,0.010340200131260977,0
synthetic_A#6816,0,BENIGN,test_benign,0.4386438554538064,0.01096609638634516,0
synthetic_A#4509,0,BENIGN,test_benign,0.4276961723924566,0.010692404309811415,0
synthetic_A#7165,0,BENIGN,test_benign,0.3687245614520456,0.009218114036301139,0
synthetic_A#5925,0,BENIGN,test_benign,0.3587066090221781,0.008967665225554453,0
synthetic_A#4595,0,BENIGN,test_benign,1.3279523166760843,0.03319880791690211,0
synthetic_A#1790,0,BENIGN,test_benign,0.24609975056289377,0.006152493764072344,0
synthetic_A#1786,0,BENIGN,test_benign,0.9881406687680481,0.0247035167192012,0
synthetic_A#1569,0,BENIGN,test_benign,0.11396649497538378,0.002849162374384594,0
synthetic_A#1737,0,BENIGN,test_benign,0.06702355220200487,0.0016755888050501218,0
synthetic_A#2251,0,BENIGN,test_benign,0.09675363252129934,0.0024188408130324836,0
synthetic_A#4888,0,BENIGN,test_benign,0.1529228547255659,0.0038230713681391476,0
synthetic_A#1025,0,BENIGN,test_benign,1.3878108603897168,0.03469527150974292,0
synthetic_A#1954,0,BENIGN,test_benign,2.478645517496096,0.061966137937402396,0
synthetic_A#3612,0,BENIGN,test_benign,0.6692558969333036,0.01673139742333259,0
synthetic_A#1562,0,BENIGN,test_benign,2.724367048154316,0.0681091762038579,0
synthetic_A#5777,0,BENIGN,test_benign,0.13111742072958546,0.0032779355182396366,0
synthetic_A#6289,0,BENIGN,test_benign,2.0473658133126986,0.05118414533281747,0
synthetic_A#7466,0,BENIGN,test_benign,0.7486619144634107,0.01871654786158527,0
synthetic_A#1330,0,BENIGN,test_benign,0.2655170979969613,0.006637927449924033,0
synthetic_A#6762,0,BENIGN,test_benign,0.4910354652998098,0.012275886632495245,0
synthetic_A#7878,0,BENIGN,test_benign,0.5333293625760493,0.013333234064401234,0
synthetic_A#5722,0,BENIGN,test_benign,0.8687025672151065,0.021717564180377662,0
synthetic_A#2020,0,BENIGN,test_benign,0.4832027079469598,0.012080067698673995,0
synthetic_A#149,0,BENIGN,test_benign,1.212575212260171,0.030314380306504275,0
synthetic_A#5327,0,BENIGN,test_benign,0.16728452519371473,0.0041821131298428686,0
synthetic_A#5155,0,BENIGN,test_benign,0.9226133191567922,0.023065332978919807,0
synthetic_A#7785,0,BENIGN,test_benign,3.408709876246188,0.0852177469061547,0
synthetic_A#1732,0,BENIGN,test_benign,0.12789941887976006,0.0031974854719940015,0
synthetic_A#970,0,BENIGN,test_benign,0.4297373226356347,0.010743433065890868,0
synthetic_A#2338,0,BENIGN,test_benign,0.7629726785191673,0.019074316962979183,0
synthetic_A#1263,0,BENIGN,test_benign,0.1592413346397941,0.003981033365994853,0
synthetic_A#169,0,BENIGN,test_benign,0.17260843169638057,0.004315210792409515,0
synthetic_A#4550,0,BENIGN,test_benign,0.7402070005872106,0.018505175014680263,0
synthetic_A#1515,0,BENIGN,test_benign,1.7571845876604895,0.043929614691512235,0
synthetic_A#2859,0,BENIGN,test_benign,0.20457289207502516,0.005114322301875629,0
synthetic_A#1479,0,BENIGN,test_benign,1.328686695713074,0.03321716739282685,0
synthetic_A#1615,0,BENIGN,test_benign,2.38697508582527,0.05967437714563175,0
synthetic_A#2574,0,BENIGN,test_benign,0.35901481601682483,0.00897537040042062,0
synthetic_A#5802,0,BENIGN,test_benign,0.41351513520863203,0.010337878380215802,0
synthetic_A#4905,0,BENIGN,test_benign,1.8330281780805124,0.04582570445201281,0
synthetic_A#2579,0,BENIGN,test_benign,0.2982329582216642,0.0074558239555416045,0
synthetic_A#4248,0,BENIGN,test_benign,0.07544462644212668,0.0018861156610531671,0
synthetic_A#3438,0,BENIGN,test_benign,0.691086452789371,0.017277161319734273,0
synthetic_A#233,0,BENIGN,test_benign,1.5719053510226184,0.03929763377556546,0
synthetic_A#353,0,BENIGN,test_benign,1.5639420439024059,0.03909855109756015,0
synthetic_A#2229,0,BENIGN,test_benign,0.3647186142610195,0.009117965356525487,0
synthetic_A#4633,0,BENIGN,test_benign,3.984585047425285,0.09961462618563213,0
synthetic_A#4513,0,BENIGN,test_benign,0.2912865650047837,0.007282164125119593,0
synthetic_A#2877,0,BENIGN,test_benign,0.9114919121103032,0.02278729780275758,0
synthetic_A#5810,0,BENIGN,test_benign,4.578474683869981,0.11446186709674952,0
synthetic_A#2847,0,BENIGN,test_benign,0.11080265735991932,0.002770066433997983,0
synthetic_A#3274,0,BENIGN,test_benign,0.6029265270624584,0.01507316317656146,0
synthetic_A#3826,0,BENIGN,test_benign,0.2718955085436001,0.006797387713590003,0
synthetic_A#4920,0,BENIGN,test_benign,0.23711630946473128,0.005927907736618282,0
synthetic_A#1221,0,BENIGN,test_benign,0.6063821067560473,0.015159552668901182,0
synthetic_A#4689,0,BENIGN,test_benign,0.4086657895614538,0.010216644739036345,0
synthetic_A#509,0,BENIGN,test_benign,0.6154630946462281,0.015386577366155701,0
synthetic_A#997,0,BENIGN,test_benign,0.47386559771728043,0.011846639942932011,0
synthetic_A#5564,0,BENIGN,test_benign,0.8888331897834522,0.022220829744586303,0
synthetic_A#4511,0,BENIGN,test_benign,0.16845959365038576,0.004211489841259644,0
synthetic_A#7100,0,BENIGN,test_benign,0.993482051372071,0.024837051284301775,0
synthetic_A#6925,0,BENIGN,test_benign,0.3753480523940715,0.009383701309851788,0
synthetic_A#4686,0,BENIGN,test_benign,0.33214064631799844,0.00830351615794996,0
synthetic_A#6790,0,BENIGN,test_benign,0.38199336103464276,0.00954983402586607,0
synthetic_A#7251,0,BENIGN,test_benign,0.15585546527990618,0.0038963866319976547,0
synthetic_A#5306,0,BENIGN,test_benign,0.08389810583873143,0.002097452645968286,0
synthetic_A#538,0,BENIGN,test_benign,0.879541317350871,0.021988532933771777,0
synthetic_A#7874,0,BENIGN,test_benign,0.38216810897613884,0.00955420272440347,0
synthetic_A#3870,0,BENIGN,test_benign,7.514760566961076,0.1878690141740269,0
synthetic_A#5454,0,BENIGN,test_benign,0.21807324781790677,0.005451831195447669,0
synthetic_A#3946,0,BENIGN,test_benign,1.9362975033469012,0.04840743758367253,0
synthetic_A#7373,0,BENIGN,test_benign,0.05340242018593572,0.0013350605046483928,0
synthetic_A#1839,0,BENIGN,test_benign,0.06194142076836369,0.0015485355192090921,0
synthetic_A#1703,0,BENIGN,test_benign,0.9644883098384585,0.024112207745961463,0
synthetic_A#6872,0,BENIGN,test_benign,0.5200003571873573,0.013000008929683931,0
synthetic_A#4738,0,BENIGN,test_benign,1.0524989141855072,0.02631247285463768,0
synthetic_A#6674,0,BENIGN,test_benign,31.05256106924708,0.776314026731177,1
synthetic_A#7950,0,BENIGN,test_benign,0.19880083518937275,0.004970020879734319,0
synthetic_A#2653,0,BENIGN,test_benign,0.17036338322413036,0.004259084580603259,0
synthetic_A#4950,0,BENIGN,test_benign,0.8248271065179817,0.020620677662949543,0
synthetic_A#3422,0,BENIGN,test_benign,0.4168732120351798,0.010421830300879495,0
synthetic_A#2970,0,BENIGN,test_benign,4.962157530957452,0.12405393827393629,0
synthetic_A#4184,0,BENIGN,test_benign,1.0713652783274588,0.02678413195818647,0
synthetic_A#6304,0,BENIGN,test_benign,0.46099071305918304,0.011524767826479576,0
synthetic_A#2022,0,BENIGN,test_benign,0.09086515753212393,0.0022716289383030983,0
synthetic_A#7608,0,BENIGN,test_benign,2.3661214721414345,0.05915303680353586,0
synthetic_A#5769,0,BENIGN,test_benign,3.9180334584390946,0.09795083646097737,0
synthetic_A#1005,0,BENIGN,test_benign,4.4774028034622475,0.11193507008655619,0
synthetic_A#6076,0,BENIGN,test_benign,4.589366168698455,0.11473415421746139,0
synthetic_A#1320,0,BENIGN,test_benign,1.75090799773804,0.043772699943450996,0
synthetic_A#5761,0,BENIGN,test_benign,0.725742669227537,0.018143566730688426,0
synthetic_A#5891,0,BENIGN,test_benign,1.740399357621261,0.04350998394053153,0
synthetic_A#2755,0,BENIGN,test_benign,0.6001389385003519,0.015003473462508798,0
synthetic_A#7458,0,BENIGN,test_benign,0.11348146347919232,0.002837036586979808,0
synthetic_A#408,0,BENIGN,test_benign,3.994248746907831,0.09985621867269577,0
synthetic_A#1197,0,BENIGN,test_benign,0.639298603198405,0.015982465079960127,0
synthetic_A#7870,0,BENIGN,test_benign,1.6861937007190182,0.04215484251797545,0
synthetic_A#7710,0,BENIGN,test_benign,0.08546689475206184,0.002136672368801546,0
synthetic_A#7880,0,BENIGN,test_benign,5.745867872698417,0.14364669681746042,0
synthetic_A#1323,0,BENIGN,test_benign,0.12615754141547522,0.0031539385353868805,0
synthetic_A#1056,0,BENIGN,test_benign,1.9509524485415075,0.04877381121353769,0
synthetic_A#4669,0,BENIGN,test_benign,1.4683082103019762,0.036707705257549406,0
synthetic_A#3799,0,BENIGN,test_benign,0.18467570534665,0.004616892633666251,0
synthetic_A#3012,0,BENIGN,test_benign,0.4443654292876681,0.011109135732191702,0
synthetic_A#1670,0,BENIGN,test_benign,0.1999728300717465,0.004999320751793662,0
synthetic_A#940,0,BENIGN,test_benign,0.5225091147956671,0.013062727869891677,0
synthetic_A#3305,0,BENIGN,test_benign,0.07840946741351426,0.0019602366853378565,0
synthetic_A#7173,0,BENIGN,test_benign,0.2590758483063152,0.00647689620765788,0
synthetic_A#5491,0,BENIGN,test_benign,0.48323292839561505,0.012080823209890377,0
synthetic_A#2776,0,BENIGN,test_benign,0.1670006431384273,0.0041750160784606825,0
synthetic_A#576,0,BENIGN,test_benign,0.5507216827370461,0.013768042068426153,0
synthetic_A#3418,0,BENIGN,test_benign,0.6449539568435564,0.01612384892108891,0
synthetic_A#1741,0,BENIGN,test_benign,1.0832634755090007,0.027081586887725016,0
synthetic_A#1669,0,BENIGN,test_benign,1.8234268221182242,0.04558567055295561,0
synthetic_A#5356,0,BENIGN,test_benign,0.15862863869421973,0.003965715967355493,0
synthetic_A#2922,0,BENIGN,test_benign,0.2622538073791139,0.006556345184477848,0
synthetic_A#5046,0,BENIGN,test_benign,1.313708709782322,0.03284271774455805,0
synthetic_A#177,0,BENIGN,test_benign,0.1997442898420329,0.004993607246050823,0
synthetic_A#7220,0,BENIGN,test_benign,1.1932969157092872,0.02983242289273218,0
synthetic_A#1817,0,BENIGN,test_benign,0.2365007257882782,0.005912518144706955,0
synthetic_A#6620,0,BENIGN,test_benign,0.11992779840346585,0.002998194960086646,0
synthetic_A#1728,0,BENIGN,test_benign,0.08423071114017922,0.00210576777850448,0
synthetic_A#5923,0,BENIGN,test_benign,0.4991275087471218,0.012478187718678046,0
synthetic_A#5546,0,BENIGN,test_benign,1.9405175105120678,0.048512937762801696,0
synthetic_A#3934,0,BENIGN,test_benign,0.5401700912996557,0.013504252282491391,0
synthetic_A#328,0,BENIGN,test_benign,0.07497349760479448,0.001874337440119862,0
synthetic_A#2554,0,BENIGN,test_benign,0.19378511592487108,0.004844627898121777,0
synthetic_A#2124,0,BENIGN,test_benign,0.641673210893171,0.016041830272329274,0
synthetic_A#5782,0,BENIGN,test_benign,0.1249546586647162,0.003123866466617905,0
synthetic_A#6385,0,BENIGN,test_benign,2.9392794936431494,0.07348198734107873,0
synthetic_A#7341,0,BENIGN,test_benign,0.6344081408161317,0.015860203520403293,0
synthetic_A#2892,0,BENIGN,test_benign,0.8373541198743701,0.020933852996859254,0
synthetic_A#6062,0,BENIGN,test_benign,0.36662932653415936,0.009165733163353984,0
synthetic_A#4417,0,BENIGN,test_benign,1.592558105789665,0.03981395264474162,0
synthetic_A#3257,0,BENIGN,test_benign,2.6779722901647935,0.06694930725411984,0
synthetic_A#5664,0,BENIGN,test_benign,2.6351663409393264,0.06587915852348317,0
synthetic_A#4001,0,BENIGN,test_benign,0.23600170639526213,0.005900042659881553,0
synthetic_A#7162,0,BENIGN,test_benign,1.58373973566133,0.03959349339153325,0
synthetic_A#1297,0,BENIGN,test_benign,0.22267115064179838,0.00556677876604496,0
synthetic_A#4532,0,BENIGN,test_benign,1.3239938408211192,0.03309984602052798,0
synthetic_A#4518,0,BENIGN,test_benign,0.28867172060248325,0.007216793015062081,0
synthetic_A#5190,0,BENIGN,test_benign,0.7839849266402594,0.019599623166006486,0
synthetic_A#6659,0,BENIGN,test_benign,0.5750650870561617,0.014376627176404042,0
synthetic_A#7789,0,BENIGN,test_benign,0.20029404317596458,0.005007351079399114,0
synthetic_A#7641,0,BENIGN,test_benign,0.3086940665719573,0.007717351664298933,0
synthetic_A#181,0,BENIGN,test_benign,0.1773819511096455,0.004434548777741137,0
synthetic_A#4296,0,BENIGN,test_benign,0.15966617258536991,0.003991654314634248,0
synthetic_A#4535,0,BENIGN,test_benign,0.11793093394156762,0.0029482733485391905,0
synthetic_A#7442,0,BENIGN,test_benign,0.25296242640556527,0.006324060660139132,0
synthetic_A#1295,0,BENIGN,test_benign,1.5314485680948196,0.03828621420237049,0
synthetic_A#4960,0,BENIGN,test_benign,1.5002597576238015,0.037506493940595034,0
synthetic_A#5826,0,BENIGN,test_benign,0.6381604566492474,0.015954011416231186,0
synthetic_A#742,0,BENIGN,test_benign,0.3097846026196458,0.007744615065491145,0
synthetic_A#2208,0,BENIGN,test_benign,0.1692060915764659,0.0042301522894116475,0
synthetic_A#6789,0,BENIGN,test_benign,0.5913197778336319,0.014782994445840797,0
synthetic_A#1183,0,BENIGN,test_benign,0.42892052187221835,0.010723013046805459,0
synthetic_A#7987,0,BENIGN,test_benign,0.19317086297509084,0.004829271574377271,0
synthetic_A#3396,0,BENIGN,test_benign,0.3993882027515519,0.009984705068788798,0
synthetic_A#3123,0,BENIGN,test_benign,0.31060975764050414,0.007765243941012604,0
synthetic_A#41,0,BENIGN,test_benign,0.2680612917547276,0.00670153229386819,0
synthetic_A#6425,0,BENIGN,test_benign,2.988351892315163,0.07470879730787908,0
synthetic_A#4366,0,BENIGN,test_benign,0.6177676836474144,0.01544419209118536,0
synthetic_A#3910,0,BENIGN,test_benign,1.0963990498889904,0.02740997624722476,0
synthetic_A#6857,0,BENIGN,test_benign,1.2662155006774487,0.031655387516936216,0
synthetic_A#217,0,BENIGN,test_benign,1.5487333816660898,0.038718334541652244,0
synthetic_A#185,0,BENIGN,test_benign,0.6489619816101987,0.016224049540254967,0
synthetic_A#3139,0,BENIGN,test_benign,5.29854265643733,0.13246356641093324,0
synthetic_A#5464,0,BENIGN,test_benign,0.1632147385875259,0.004080368464688147,0
synthetic_A#3567,0,BENIGN,test_benign,0.3697840468012378,0.009244601170030944,0
synthetic_A#6985,0,BENIGN,test_benign,0.2456000958875006,0.006140002397187515,0
synthetic_A#4438,0,BENIGN,test_benign,0.1409657808600791,0.0035241445215019778,0
synthetic_A#712,0,BENIGN,test_benign,0.2124755715183822,0.005311889287959555,0
synthetic_A#1414,0,BENIGN,test_benign,0.6333201528205056,0.01583300382051264,0
synthetic_A#2802,0,BENIGN,test_benign,0.17554211104381107,0.004388552776095277,0
synthetic_A#87,0,BENIGN,test_benign,0.14109123753169073,0.0035272809382922684,0
synthetic_A#5880,0,BENIGN,test_benign,1.7047672055826113,0.04261918013956528,0
synthetic_A#6562,0,BENIGN,test_benign,0.5773143201594486,0.014432858003986216,0
synthetic_A#7017,0,BENIGN,test_benign,0.35776359421904974,0.008944089855476244,0
synthetic_A#6606,0,BENIGN,test_benign,0.42665895187747327,0.010666473796936832,0
synthetic_A#1027,0,BENIGN,test_benign,0.2679852234241103,0.006699630585602757,0
synthetic_A#2550,0,BENIGN,test_benign,0.3618340084167814,0.009045850210419535,0
synthetic_A#2112,0,BENIGN,test_benign,0.4203741402373256,0.01050935350593314,0
synthetic_A#257,0,BENIGN,test_benign,0.06982960576586784,0.001745740144146696,0
synthetic_A#7792,0,BENIGN,test_benign,0.5531236782761596,0.01382809195690399,0
synthetic_A#3246,0,BENIGN,test_benign,0.4969435745495159,0.012423589363737896,0
synthetic_A#7686,0,BENIGN,test_benign,0.2461920463867669,0.0061548011596691725,0
synthetic_A#4671,0,BENIGN,test_benign,7.6324795823918175,0.19081198955979545,0
synthetic_A#3782,0,BENIGN,test_benign,0.8917890989841397,0.022294727474603492,0
synthetic_A#706,0,BENIGN,test_benign,0.06822841930789303,0.0017057104826973257,0
synthetic_A#2453,0,BENIGN,test_benign,0.22618591823619197,0.005654647955904799,0
synthetic_A#1656,0,BENIGN,test_benign,0.263514396974755,0.006587859924368875,0
synthetic_A#4845,0,BENIGN,test_benign,0.14448790699095104,0.003612197674773776,0
synthetic_A#5867,0,BENIGN,test_benign,2.6038487497250964,0.0650962187431274,0
synthetic_A#3475,0,BENIGN,test_benign,0.2011710490063811,0.005029276225159527,0
synthetic_A#543,0,BENIGN,test_benign,0.24647948228245892,0.006161987057061473,0
synthetic_A#2351,0,BENIGN,test_benign,1.1228238003166617,0.028070595007916543,0
synthetic_A#2795,0,BENIGN,test_benign,0.1452701699473143,0.0036317542486828574,0
synthetic_A#4695,0,BENIGN,test_benign,0.24787300596181983,0.006196825149045496,0
synthetic_A#5444,0,BENIGN,test_benign,13.201654794285677,0.33004136985714194,0
synthetic_A#7039,0,BENIGN,test_benign,0.3026741636152711,0.007566854090381778,0
synthetic_A#2287,0,BENIGN,test_benign,3.8875831568366794,0.09718957892091698,0
synthetic_A#1053,0,BENIGN,test_benign,9.309760993484401,0.23274402483711004,0
synthetic_A#5562,0,BENIGN,test_benign,0.5216793516338254,0.013041983790845636,0
synthetic_A#6053,0,BENIGN,test_benign,7.870535943641603,0.19676339859104008,0
synthetic_A#381,0,BENIGN,test_benign,1.1134570845652767,0.027836427114131916,0
synthetic_A#56,0,BENIGN,test_benign,0.21655238332198873,0.005413809583049718,0
synthetic_A#69,0,BENIGN,test_benign,1.3807323375225358,0.034518308438063396,0
synthetic_A#3207,0,BENIGN,test_benign,0.7953395517474953,0.01988348879368738,0
synthetic_A#2751,0,BENIGN,test_benign,0.1321754107643827,0.003304385269109567,0
synthetic_A#1429,0,BENIGN,test_benign,0.47339425434329163,0.01183485635858229,0
synthetic_A#1545,0,BENIGN,test_benign,0.34053409916186284,0.008513352479046572,0
synthetic_A#1127,0,BENIGN,test_benign,0.1588718283982193,0.003971795709955483,0
synthetic_A#3320,0,BENIGN,test_benign,0.1827204064631578,0.004568010161578945,0
synthetic_A#6611,0,BENIGN,test_benign,0.8496130003634115,0.021240325009085285,0
synthetic_A#2487,0,BENIGN,test_benign,1.0819722044784936,0.02704930511196234,0
synthetic_A#7782,0,BENIGN,test_benign,0.5272954245466809,0.013182385613667021,0
synthetic_A#3007,0,BENIGN,test_benign,0.5126248749915203,0.012815621874788009,0
synthetic_A#445,0,BENIGN,test_benign,0.4045983889298669,0.010114959723246672,0
synthetic_A#7564,0,BENIGN,test_benign,2.3274712568164393,0.058186781420410984,0
synthetic_A#6511,0,BENIGN,test_benign,0.14145162967451272,0.003536290741862818,0
synthetic_A#4881,0,BENIGN,test_benign,0.48972055044731966,0.012243013761182992,0
synthetic_A#800,0,BENIGN,test_benign,0.07483813553850807,0.0018709533884627017,0
synthetic_A#3558,0,BENIGN,test_benign,0.351713289231786,0.008792832230794651,0
synthetic_A#3206,0,BENIGN,test_benign,0.35274603405143734,0.008818650851285933,0
synthetic_A#6664,0,BENIGN,test_benign,1.7940033631299448,0.04485008407824862,0
synthetic_A#7587,0,BENIGN,test_benign,0.5931536236804321,0.014828840592010803,0
synthetic_A#2345,0,BENIGN,test_benign,0.1841370284095324,0.0046034257102383095,0
synthetic_A#7398,0,BENIGN,test_benign,0.25425280266997996,0.006356320066749499,0
synthetic_A#6474,0,BENIGN,test_benign,3.489245828916665,0.08723114572291663,0
synthetic_A#19,0,BENIGN,test_benign,0.29552133565556754,0.007388033391389189,0
synthetic_A#7383,0,BENIGN,test_benign,0.20526687093735432,0.005131671773433858,0
synthetic_A#5333,0,BENIGN,test_benign,1.9625481121504451,0.04906370280376113,0
synthetic_A#6532,0,BENIGN,test_benign,6.073418755039601,0.15183546887599003,0
synthetic_A#1511,0,BENIGN,test_benign,0.3442703926435447,0.008606759816088617,0
synthetic_A#828,0,BENIGN,test_benign,26.128679641229564,0.653216991030739,1
synthetic_A#7431,0,BENIGN,test_benign,0.19792082585869364,0.004948020646467341,0
synthetic_A#7153,0,BENIGN,test_benign,1.5917684992688383,0.03979421248172096,0
synthetic_A#4672,0,BENIGN,test_benign,0.1465553446392694,0.003663883615981735,0
synthetic_A#6536,0,BENIGN,test_benign,0.11771274510896651,0.002942818627724163,0
synthetic_A#476,0,BENIGN,test_benign,0.5272347619159284,0.013180869047898211,0
synthetic_A#5668,0,BENIGN,test_benign,0.9410567184795626,0.023526417961989066,0
synthetic_A#6573,0,BENIGN,test_benign,0.11835200140097579,0.002958800035024395,0
synthetic_A#2676,0,BENIGN,test_benign,1.1024908778741538,0.027562271946853845,0
synthetic_A#468,0,BENIGN,test_benign,0.6660491135763923,0.016651227839409807,0
synthetic_A#7416,0,BENIGN,test_benign,0.5763141599003772,0.01440785399750943,0
synthetic_A#308,0,BENIGN,test_benign,1.235526397032157,0.030888159925803925,0
synthetic_A#7428,0,BENIGN,test_benign,1.4385781841673373,0.03596445460418343,0
synthetic_A#2925,0,BENIGN,test_benign,4.420275008295334,0.11050687520738336,0
synthetic_A#1650,0,BENIGN,test_benign,0.38584075927973127,0.009646018981993281,0
synthetic_A#4085,0,BENIGN,test_benign,0.16204099531167337,0.004051024882791835,0
synthetic_A#5325,0,BENIGN,test_benign,3.150276866725176,0.07875692166812939,0
synthetic_A#5428,0,BENIGN,test_benign,3.7849195150526764,0.09462298787631691,0
synthetic_A#1966,0,BENIGN,test_benign,0.15950746246478859,0.003987686561619715,0
synthetic_A#5845,0,BENIGN,test_benign,0.411150644892579,0.010278766122314476,0
synthetic_A#5774,0,BENIGN,test_benign,15.80731106354412,0.395182776588603,0
synthetic_A#7282,0,BENIGN,test_benign,0.4347483028477175,0.010868707571192937,0
synthetic_A#6044,0,BENIGN,test_benign,1.5962354437668154,0.03990588609417038,0
synthetic_A#4626,0,BENIGN,test_benign,0.1586813288019077,0.003967033220047692,0
synthetic_A#80,0,BENIGN,test_benign,0.3420443078344513,0.008551107695861282,0
synthetic_A#2132,0,BENIGN,test_benign,0.15081621085640873,0.003770405271410218,0
synthetic_A#641,0,BENIGN,test_benign,1.465286704194362,0.03663216760485905,0
synthetic_A#2894,0,BENIGN,test_benign,3.5793459488152575,0.08948364872038143,0
synthetic_A#2436,0,BENIGN,test_benign,0.2478185177599771,0.006195462943999428,0
synthetic_A#3889,0,BENIGN,test_benign,1.9282640108296176,0.04820660027074044,0
synthetic_A#3666,0,BENIGN,test_benign,0.13824230778351718,0.0034560576945879295,0
synthetic_A#1509,0,BENIGN,test_benign,0.3149923040113247,0.007874807600283118,0
synthetic_A#7726,0,BENIGN,test_benign,0.24281943869764672,0.006070485967441168,0
synthetic_A#1168,0,BENIGN,test_benign,0.1266451323395362,0.003166128308488405,0
synthetic_A#4198,0,BENIGN,test_benign,1.0445983593729857,0.026114958984324643,0
synthetic_A#1405,0,BENIGN,test_benign,0.17087460654033393,0.004271865163508348,0
synthetic_A#4731,0,BENIGN,test_benign,0.216757799816594,0.00541894499541485,0
synthetic_A#2221,0,BENIGN,test_benign,0.1599120180079689,0.003997800450199223,0
synthetic_A#2973,0,BENIGN,test_benign,0.47182405211911554,0.011795601302977889,0
synthetic_A#6022,0,BENIGN,test_benign,0.0715489397891343,0.0017887234947283575,0
synthetic_A#4927,0,BENIGN,test_benign,0.3675516309831816,0.00918879077457954,0
synthetic_A#6683,0,BENIGN,test_benign,0.28105391490318066,0.007026347872579516,0
synthetic_A#5152,0,BENIGN,test_benign,0.6536363289624905,0.016340908224062263,0
synthetic_A#118,0,BENIGN,test_benign,3.4247376671420637,0.0856184416785516,0
synthetic_A#3145,0,BENIGN,test_benign,0.5732567541864177,0.014331418854660443,0
synthetic_A#3025,0,BENIGN,test_benign,0.055063287295188404,0.0013765821823797102,0
synthetic_A#4668,0,BENIGN,test_benign,6.9090096302030055,0.17272524075507514,0
synthetic_A#5933,0,BENIGN,test_benign,1.8404190196287948,0.04601047549071987,0
synthetic_A#4620,0,BENIGN,test_benign,0.5968951029720887,0.014922377574302217,0
synthetic_A#4110,0,BENIGN,test_benign,1.4719468831374116,0.03679867207843529,0
synthetic_A#4935,0,BENIGN,test_benign,0.2462406340219649,0.006156015850549122,0
synthetic_A#4267,0,BENIGN,test_benign,0.11871494384880742,0.0029678735962201854,0
synthetic_A#4526,0,BENIGN,test_benign,0.09072706719607544,0.002268176679901886,0
synthetic_A#3784,0,BENIGN,test_benign,3.4753628545282997,0.0868840713632075,0
synthetic_A#7828,0,BENIGN,test_benign,1.7011795191490946,0.04252948797872737,0
synthetic_A#7687,0,BENIGN,test_benign,0.6721228442689269,0.01680307110672317,0
synthetic_A#1729,0,BENIGN,test_benign,322.05759677112843,8.051439919278211,1
synthetic_A#2664,0,BENIGN,test_benign,0.46518246372244054,0.011629561593061014,0
synthetic_A#2098,0,BENIGN,test_benign,3.6419115853508255,0.09104778963377064,0
synthetic_A#2884,0,BENIGN,test_benign,4.4699755487190345,0.11174938871797586,0
synthetic_A#2991,0,BENIGN,test_benign,1.1979342885315027,0.02994835721328757,0
synthetic_A#6314,0,BENIGN,test_benign,2.18674785302413,0.05466869632560325,0
synthetic_A#7598,0,BENIGN,test_benign,0.5138139376848009,0.012845348442120022,0
synthetic_A#2572,0,BENIGN,test_benign,0.8786872474868976,0.02196718118717244,0
synthetic_A#7757,0,BENIGN,test_benign,0.9711757748486016,0.02427939437121504,0
synthetic_A#1057,0,BENIGN,test_benign,1.1380057970619144,0.02845014492654786,0
synthetic_A#3805,0,BENIGN,test_benign,1.4728360937760152,0.03682090234440038,0
synthetic_A#5833,0,BENIGN,test_benign,0.9930658984770571,0.024826647461926428,0
synthetic_A#5634,0,BENIGN,test_benign,0.18927290350638498,0.004731822587659624,0
synthetic_A#6245,0,BENIGN,test_benign,0.30677231760969254,0.007669307940242313,0
synthetic_A#7899,0,BENIGN,test_benign,3.1737045825566583,0.07934261456391646,0
synthetic_A#5871,0,BENIGN,test_benign,11.756823919305745,0.29392059798264364,0
synthetic_A#3312,0,BENIGN,test_benign,0.17825827459396348,0.0044564568648490874,0
synthetic_A#2471,0,BENIGN,test_benign,0.770843835038252,0.019271095875956303,0
synthetic_A#5080,0,BENIGN,test_benign,0.9668919251682241,0.024172298129205603,0
synthetic_A#4004,0,BENIGN,test_benign,0.8884095045995468,0.022210237614988672,0
synthetic_A#3985,0,BENIGN,test_benign,0.24808398423885386,0.006202099605971347,0
synthetic_A#7986,0,BENIGN,test_benign,0.3429375846092946,0.008573439615232364,0
synthetic_A#6400,0,BENIGN,test_benign,1.0399300930445594,0.025998252326113986,0
synthetic_A#7479,0,BENIGN,test_benign,0.9213910085646022,0.023034775214115056,0
synthetic_A#773,0,BENIGN,test_benign,0.7370448105683429,0.018426120264208572,0
synthetic_A#7992,0,BENIGN,test_benign,21.517313296498173,0.5379328324124544,0
synthetic_A#6775,0,BENIGN,test_benign,1.1574950691593076,0.028937376728982687,0
synthetic_A#7248,0,BENIGN,test_benign,0.5418431155854799,0.013546077889636998,0
synthetic_A#3901,0,BENIGN,test_benign,0.7511033682798336,0.01877758420699584,0
synthetic_A#50,0,BENIGN,test_benign,0.3063830223852603,0.007659575559631507,0
synthetic_A#5499,0,BENIGN,test_benign,0.19032835627115186,0.004758208906778796,0
synthetic_A#733,0,BENIGN,test_benign,0.49014166781110563,0.01225354169527764,0
synthetic_A#245,0,BENIGN,test_benign,0.06837447234262116,0.001709361808565529,0
synthetic_A#5850,0,BENIGN,test_benign,0.33760650214502974,0.008440162553625744,0
synthetic_A#179,0,BENIGN,test_benign,1.381671966127837,0.034541799153195926,0
synthetic_A#7032,0,BENIGN,test_benign,0.22524323371732535,0.005631080842933134,0
synthetic_A#17,0,BENIGN,test_benign,0.38466837022393596,0.0096167092555984,0
synthetic_A#2182,0,BENIGN,test_benign,2.351565576753904,0.0587891394188476,0
synthetic_A#5930,0,BENIGN,test_benign,0.308932097371284,0.0077233024342821,0
synthetic_A#3927,0,BENIGN,test_benign,0.12588460702636015,0.0031471151756590036,0
synthetic_A#7808,0,BENIGN,test_benign,0.4578942952951428,0.01144735738237857,0
synthetic_A#6216,0,BENIGN,test_benign,0.5924310152366458,0.014810775380916144,0
synthetic_A#4270,0,BENIGN,test_benign,1.3550242137809714,0.03387560534452429,0
synthetic_A#7935,0,BENIGN,test_benign,0.06793645438004779,0.0016984113595011948,0
synthetic_A#4608,0,BENIGN,test_benign,0.10523500704121498,0.0026308751760303747,0
synthetic_A#2939,0,BENIGN,test_benign,1.3545837247510297,0.033864593118775745,0
synthetic_A#4336,0,BENIGN,test_benign,0.08769049331708201,0.00219226233292705,0
synthetic_A#3658,0,BENIGN,test_benign,0.8396444933081745,0.020991112332704363,0
synthetic_A#1373,0,BENIGN,test_benign,0.35914605427073176,0.008978651356768294,0
synthetic_A#1087,0,BENIGN,test_benign,0.23790526311317994,0.005947631577829499,0
synthetic_A#321,0,BENIGN,test_benign,0.18095887302991412,0.004523971825747853,0
synthetic_A#2127,0,BENIGN,test_benign,0.09737355897984709,0.002434338974496177,0
synthetic_A#4660,0,BENIGN,test_benign,0.48932536669706034,0.012233134167426508,0
synthetic_A#1487,0,BENIGN,test_benign,0.44794033495493385,0.011198508373873347,0
synthetic_A#4368,0,BENIGN,test_benign,0.14367265131473422,0.0035918162828683558,0
synthetic_A#4871,0,BENIGN,test_benign,3.215737630663029,0.08039344076657573,0
synthetic_A#5095,0,BENIGN,test_benign,0.9414544604632857,0.023536361511582143,0
synthetic_A#6825,0,BENIGN,test_benign,0.9590980897357506,0.023977452243393767,0
synthetic_A#965,0,BENIGN,test_benign,0.4141860084206737,0.010354650210516844,0
synthetic_A#7873,0,BENIGN,test_benign,0.628293000994067,0.015707325024851677,0
synthetic_A#7135,0,BENIGN,test_benign,10.106050471906972,0.2526512617976743,0
synthetic_A#6037,0,BENIGN,test_benign,0.5295311299935929,0.013238278249839822,0
synthetic_A#6071,0,BENIGN,test_benign,0.2550765441661917,0.006376913604154792,0
synthetic_A#1665,0,BENIGN,test_benign,0.6028155576900553,0.015070388942251383,0
synthetic_A#4519,0,BENIGN,test_benign,0.3110777864608921,0.007776944661522303,0
synthetic_A#1793,0,BENIGN,test_benign,0.17886463229371688,0.004471615807342922,0
synthetic_A#5038,0,BENIGN,test_benign,0.1261000642524805,0.003152501606312012,0
synthetic_A#5473,0,BENIGN,test_benign,2.339423568017062,0.05848558920042655,0
synthetic_A#4031,0,BENIGN,test_benign,0.36907062353681064,0.009226765588420265,0
synthetic_A#4316,0,BENIGN,test_benign,0.6172539546309295,0.015431348865773237,0
synthetic_A#7730,0,BENIGN,test_benign,1.9961974787273387,0.04990493696818347,0
synthetic_A#6372,0,BENIGN,test_benign,0.07310013520300822,0.0018275033800752055,0
synthetic_A#5649,0,BENIGN,test_benign,0.4462660904667755,0.011156652261669387,0
synthetic_A#2181,0,BENIGN,test_benign,0.15929574687125808,0.003982393671781452,0
synthetic_A#5786,0,BENIGN,test_benign,0.11577908492888073,0.002894477123222018,0
synthetic_A#7898,0,BENIGN,test_benign,0.09866406746897993,0.002466601686724498,0
synthetic_A#4796,0,BENIGN,test_benign,0.2444643733405658,0.006111609333514146,0
synthetic_A#4449,0,BENIGN,test_benign,0.41844846830604143,0.010461211707651037,0
synthetic_A#5821,0,BENIGN,test_benign,8.47819079294701,0.21195476982367528,0
synthetic_A#5400,0,BENIGN,test_benign,1.2836424555000394,0.03209106138750099,0
synthetic_A#2522,0,BENIGN,test_benign,0.2830909200679951,0.007077273001699877,0
synthetic_A#5253,0,BENIGN,test_benign,0.790401429076562,0.01976003572691405,0
synthetic_A#5137,0,BENIGN,test_benign,0.25421158401305943,0.006355289600326486,0
synthetic_A#4024,0,BENIGN,test_benign,0.11642464007640543,0.0029106160019101357,0
synthetic_A#1172,0,BENIGN,test_benign,2.3398293327062536,0.05849573331765634,0
synthetic_A#6418,0,BENIGN,test_benign,1.950010211101794,0.048750255277544854,0
synthetic_A#3458,0,BENIGN,test_benign,0.7560469601539718,0.018901174003849296,0
synthetic_A#6670,0,BENIGN,test_benign,0.35929974307875817,0.008982493576968955,0
synthetic_A#2937,0,BENIGN,test_benign,1.1380972652955452,0.02845243163238863,0
synthetic_A#435,0,BENIGN,test_benign,0.2221514672546261,0.005553786681365652,0
synthetic_A#3513,0,BENIGN,test_benign,0.5662403919413314,0.014156009798533284,0
synthetic_A#1489,0,BENIGN,test_benign,1.7561346633938508,0.04390336658484627,0
synthetic_A#3470,0,BENIGN,test_benign,0.09107924578592025,0.002276981144648006,0
synthetic_A#4928,0,BENIGN,test_benign,2.401378843981739,0.06003447109954348,0
synthetic_A#5662,0,BENIGN,test_benign,1.7905759288266136,0.044764398220665344,0
synthetic_A#1557,0,BENIGN,test_benign,2.4626381494560947,0.06156595373640237,0
synthetic_A#994,0,BENIGN,test_benign,0.05311191766416766,0.0013277979416041915,0
synthetic_A#858,0,BENIGN,test_benign,0.43828085399393096,0.010957021349848274,0
synthetic_A#2758,0,BENIGN,test_benign,0.43836797144171324,0.010959199286042831,0
synthetic_A#1533,0,BENIGN,test_benign,0.39962318556923165,0.009990579639230791,0
synthetic_A#4017,0,BENIGN,test_benign,1.308101436215728,0.032702535905393196,0
synthetic_A#3347,0,BENIGN,test_benign,0.5734351278458791,0.014335878196146979,0
synthetic_A#3231,0,BENIGN,test_benign,4.544489220808322,0.11361223052020805,0
synthetic_A#5103,0,BENIGN,test_benign,0.1925851396958909,0.004814628492397272,0
synthetic_A#6761,0,BENIGN,test_benign,0.3762058946345405,0.009405147365863512,0
synthetic_A#5494,0,BENIGN,test_benign,0.727273238133952,0.0181818309533488,0
synthetic_A#7503,0,BENIGN,test_benign,0.19528360395379596,0.004882090098844899,0
synthetic_A#3437,0,BENIGN,test_benign,0.7527773305206343,0.01881943326301586,0
synthetic_A#486,0,BENIGN,test_benign,0.08022842901846096,0.002005710725461524,0
synthetic_A#3095,0,BENIGN,test_benign,0.4009625419487619,0.010024063548719047,0
synthetic_A#199,0,BENIGN,test_benign,0.4061718229941137,0.010154295574852843,0
synthetic_A#6275,0,BENIGN,test_benign,0.09948078065898405,0.0024870195164746014,0
synthetic_A#2057,0,BENIGN,test_benign,0.2681679470181427,0.006704198675453568,0
synthetic_A#5635,0,BENIGN,test_benign,7.223465075779194,0.18058662689447985,0
synthetic_A#7816,0,BENIGN,test_benign,1.0763881454487725,0.026909703636219313,0
synthetic_A#2458,0,BENIGN,test_benign,2.0712407882538013,0.051781019706345036,0
synthetic_A#982,0,BENIGN,test_benign,0.36641066689736723,0.009160266672434181,0
synthetic_A#7664,0,BENIGN,test_benign,1.277159724763551,0.031928993119088776,0
synthetic_A#3434,0,BENIGN,test_benign,0.14043360292304702,0.0035108400730761756,0
synthetic_A#7560,0,BENIGN,test_benign,0.46703157561273856,0.011675789390318464,0
synthetic_A#2592,0,BENIGN,test_benign,0.8590591756357943,0.021476479390894858,0
synthetic_A#5471,0,BENIGN,test_benign,0.8764359566942517,0.021910898917356293,0
synthetic_A#5162,0,BENIGN,test_benign,0.5072646233235041,0.012681615583087603,0
synthetic_A#4355,0,BENIGN,test_benign,0.12012062193745457,0.0030030155484363644,0
synthetic_A#5081,0,BENIGN,test_benign,0.26634942351639457,0.006658735587909864,0
synthetic_A#6535,0,BENIGN,test_benign,1.1840372825555423,0.029600932063888558,0
synthetic_A#6428,0,BENIGN,test_benign,0.8635471961809347,0.021588679904523365,0
synthetic_A#2226,0,BENIGN,test_benign,0.35592214941097483,0.00889805373527437,0
synthetic_A#4080,0,BENIGN,test_benign,0.8546868555113316,0.02136717138778329,0
synthetic_A#4977,0,BENIGN,test_benign,0.8004338377411615,0.02001084594352904,0
synthetic_A#1501,0,BENIGN,test_benign,1.1339864693921158,0.028349661734802894,0
synthetic_A#711,0,BENIGN,test_benign,0.7458766709067366,0.018646916772668415,0
synthetic_A#354,0,BENIGN,test_benign,0.5366726925771277,0.013416817314428193,0
synthetic_A#2796,0,BENIGN,test_benign,1.1639216260091927,0.029098040650229817,0
synthetic_A#4059,0,BENIGN,test_benign,0.06390286521191921,0.0015975716302979801,0
synthetic_A#48,0,BENIGN,test_benign,0.6103198697077035,0.015257996742692587,0
synthetic_A#3032,0,BENIGN,test_benign,0.9248346275292612,0.023120865688231528,0
synthetic_A#642,0,BENIGN,test_benign,2.204520481943356,0.0551130120485839,0
synthetic_A#4126,0,BENIGN,test_benign,1.6062332460276834,0.04015583115069209,0
synthetic_A#6798,0,BENIGN,test_benign,0.6819660635325767,0.017049151588314417,0
synthetic_A#176,0,BENIGN,test_benign,4.272392110963361,0.10680980277408403,0
synthetic_A#1871,0,BENIGN,test_benign,0.23635110797030168,0.005908777699257542,0
synthetic_A#2316,0,BENIGN,test_benign,0.3943564247858098,0.009858910619645245,0
synthetic_A#786,0,BENIGN,test_benign,1.6388437834345366,0.04097109458586341,0
synthetic_A#4793,0,BENIGN,test_benign,0.30894256363328965,0.0077235640908322415,0
synthetic_A#3254,0,BENIGN,test_benign,0.11385810250862105,0.0028464525627155263,0
synthetic_A#7488,0,BENIGN,test_benign,0.33856744490389634,0.008464186122597408,0
synthetic_A#1803,0,BENIGN,test_benign,0.1882339698830209,0.004705849247075523,0
synthetic_A#4196,0,BENIGN,test_benign,0.4799788381878014,0.011999470954695035,0
synthetic_A#4216,0,BENIGN,test_benign,3.198606746521988,0.0799651686630497,0
synthetic_A#932,0,BENIGN,test_benign,1.189045958256015,0.029726148956400373,0
synthetic_A#91,0,BENIGN,test_benign,193.6639180017428,4.841597950043569,1
synthetic_A#1302,0,BENIGN,test_benign,0.34972460532248917,0.008743115133062229,0
synthetic_A#2063,0,BENIGN,test_benign,0.34373841423870144,0.008593460355967536,0
synthetic_A#1400,0,BENIGN,test_benign,1.1221068039178,0.028052670097944998,0
synthetic_A#5862,0,BENIGN,test_benign,0.10649383424249445,0.002662345856062361,0
synthetic_A#7681,0,BENIGN,test_benign,0.9060527790027512,0.02265131947506878,0
synthetic_A#5838,0,BENIGN,test_benign,0.3933909590275976,0.00983477397568994,0
synthetic_A#530,0,BENIGN,test_benign,0.9024350006798034,0.022560875016995087,0
synthetic_A#3571,0,BENIGN,test_benign,0.900822785953004,0.022520569648825102,0
synthetic_A#6552,0,BENIGN,test_benign,0.2375779733040835,0.005939449332602088,0
synthetic_A#4953,0,BENIGN,test_benign,4.838881722102924,0.1209720430525731,0
synthetic_A#1940,0,BENIGN,test_benign,1.5951204240074963,0.039878010600187405,0
synthetic_A#3199,0,BENIGN,test_benign,0.2321240614782068,0.00580310153695517,0
synthetic_A#5411,0,BENIGN,test_benign,0.5076670774040118,0.012691676935100296,0
synthetic_A#3992,0,BENIGN,test_benign,0.1481885741460215,0.0037047143536505373,0
synthetic_A#106,0,BENIGN,test_benign,0.2502527048340005,0.006256317620850012,0
synthetic_A#5686,0,BENIGN,test_benign,2.074902823227122,0.05187257058067805,0
synthetic_A#3592,0,BENIGN,test_benign,7.222778774082746,0.18056946935206866,0
synthetic_A#2918,0,BENIGN,test_benign,0.1569126211229106,0.003922815528072765,0
synthetic_A#5753,0,BENIGN,test_benign,0.5391138781962029,0.013477846954905073,0
synthetic_A#3404,0,BENIGN,test_benign,0.33787775351014276,0.00844694383775357,0
synthetic_A#131,0,BENIGN,test_benign,0.06491565923853057,0.0016228914809632642,0
synthetic_A#6141,0,BENIGN,test_benign,0.3237534643656117,0.008093836609140292,0
synthetic_A#1726,0,BENIGN,test_benign,0.5504461914536558,0.013761154786341396,0
synthetic_A#7299,0,BENIGN,test_benign,0.5300459752592678,0.013251149381481694,0
synthetic_A#3132,0,BENIGN,test_benign,0.12803999152545237,0.003200999788136309,0
synthetic_A#6270,0,BENIGN,test_benign,0.2343490003116468,0.00585872500779117,0
synthetic_A#4489,0,BENIGN,test_benign,0.3536543601101217,0.008841359002753043,0
synthetic_A#3126,0,BENIGN,test_benign,0.20325280316718383,0.0050813200791795955,0
synthetic_A#6187,0,BENIGN,test_benign,0.4490728853378936,0.01122682213344734,0
synthetic_A#5185,0,BENIGN,test_benign,0.16390002624083755,0.0040975006560209385,0
synthetic_A#7221,0,BENIGN,test_benign,0.13153502756561755,0.003288375689140439,0
synthetic_A#2418,0,BENIGN,test_benign,1.7657158314423105,0.04414289578605776,0
synthetic_A#1617,0,BENIGN,test_benign,0.37779259964934453,0.009444814991233614,0
synthetic_A#1412,0,BENIGN,test_benign,0.6754552916926746,0.016886382292316864,0
synthetic_A#5460,0,BENIGN,test_benign,0.376406967815251,0.009410174195381276,0
synthetic_A#7463,0,BENIGN,test_benign,3.7479352452433687,0.09369838113108422,0
synthetic_A#7846,0,BENIGN,test_benign,0.5659220153745934,0.014148050384364836,0
synthetic_A#5231,0,BENIGN,test_benign,0.1735077987438127,0.004337694968595317,0
synthetic_A#2722,0,BENIGN,test_benign,4.621519023583331,0.11553797558958327,0
synthetic_A#694,0,BENIGN,test_benign,0.26277419005748354,0.006569354751437088,0
synthetic_A#5962,0,BENIGN,test_benign,1.8089095104556456,0.045222737761391144,0
synthetic_A#2488,0,BENIGN,test_benign,0.880684917844279,0.022017122946106978,0
synthetic_A#5508,0,BENIGN,test_benign,3.3628604888171845,0.0840715122204296,0
synthetic_A#1103,0,BENIGN,test_benign,1.0763391313607962,0.026908478284019904,0
synthetic_A#167,0,BENIGN,test_benign,0.19454335917522433,0.004863583979380608,0
synthetic_A#93,0,BENIGN,test_benign,0.32038037707310807,0.008009509426827701,0
synthetic_A#367,0,BENIGN,test_benign,0.3128512792333839,0.007821281980834597,0
synthetic_A#3352,0,BENIGN,test_benign,0.3062019124550015,0.007655047811375037,0
synthetic_A#6687,0,BENIGN,test_benign,0.1916140206456443,0.004790350516141108,0
synthetic_A#6465,0,BENIGN,test_benign,0.651320322964386,0.01628300807410965,0
synthetic_A#7354,0,BENIGN,test_benign,0.7583618697753646,0.018959046744384114,0
synthetic_A#835,0,BENIGN,test_benign,0.10636806225722818,0.0026592015564307044,0
synthetic_A#5542,0,BENIGN,test_benign,0.89150087043408,0.022287521760852,0
synthetic_A#6165,0,BENIGN,test_benign,0.2774607509241597,0.006936518773103993,0
synthetic_A#6854,0,BENIGN,test_benign,0.08526129816813724,0.002131532454203431,0
synthetic_A#3333,0,BENIGN,test_benign,0.22389707124932318,0.005597426781233079,0
synthetic_A#5921,0,BENIGN,test_benign,3.3338110688407316,0.0833452767210183,0
synthetic_A#6455,0,BENIGN,test_benign,1.775628349164423,0.04439070872911057,0
synthetic_A#4753,0,BENIGN,test_benign,0.6522943903442124,0.01630735975860531,0
synthetic_A#6849,0,BENIGN,test_benign,0.8214188186449702,0.020535470466124257,0
synthetic_A#7049,0,BENIGN,test_benign,0.5304547483929591,0.013261368709823978,0
synthetic_A#5247,0,BENIGN,test_benign,0.8710371540412537,0.021775928851031343,0
synthetic_A#7423,0,BENIGN,test_benign,0.7434187079092137,0.018585467697730344,0
synthetic_A#1880,0,BENIGN,test_benign,0.6943491449028648,0.01735872862257162,0
synthetic_A#5195,0,BENIGN,test_benign,0.46130301761498954,0.011532575440374738,0
synthetic_A#2706,0,BENIGN,test_benign,1.0863302284721796,0.02715825571180449,0
synthetic_A#5548,0,BENIGN,test_benign,0.06552665564817833,0.0016381663912044583,0
synthetic_A#4656,0,BENIGN,test_benign,0.22278598820842305,0.005569649705210576,0
synthetic_A#2420,0,BENIGN,test_benign,0.6953441641690242,0.017383604104225604,0
synthetic_A#5882,0,BENIGN,test_benign,0.21676450332634678,0.005419112583158669,0
synthetic_A#2619,0,BENIGN,test_benign,0.6305789089904064,0.01576447272476016,0
synthetic_A#4404,0,BENIGN,test_benign,0.04102714503205565,0.0010256786258013913,0
synthetic_A#1915,0,BENIGN,test_benign,25.390829330562426,0.6347707332640606,1
synthetic_A#6631,0,BENIGN,test_benign,0.8706256521895877,0.02176564130473969,0
synthetic_A#4450,0,BENIGN,test_benign,0.04653641317488677,0.0011634103293721692,0
synthetic_A#5266,0,BENIGN,test_benign,0.07928664073796775,0.0019821660184491936,0
synthetic_A#5440,0,BENIGN,test_benign,0.4005712381516063,0.010014280953790157,0
synthetic_A#1730,0,BENIGN,test_benign,2.1263122824906793,0.053157807062266985,0
synthetic_A#511,0,BENIGN,test_benign,0.12915333371194487,0.003228833342798622,0
synthetic_A#789,0,BENIGN,test_benign,0.19293576356342976,0.004823394089085744,0
synthetic_A#6161,0,BENIGN,test_benign,0.12207650882744206,0.0030519127206860516,0
synthetic_A#7767,0,BENIGN,test_benign,0.14844204729082205,0.0037110511822705514,0
synthetic_A#7981,0,BENIGN,test_benign,0.24734009532602103,0.006183502383150526,0
synthetic_A#1916,0,BENIGN,test_benign,0.1077157941476393,0.0026928948536909824,0
synthetic_A#1643,0,BENIGN,test_benign,0.27517337549074683,0.006879334387268671,0
synthetic_A#7589,0,BENIGN,test_benign,1.0256264287184749,0.025640660717961873,0
synthetic_A#2948,0,BENIGN,test_benign,0.9462274329005295,0.023655685822513237,0
synthetic_A#4195,0,BENIGN,test_benign,0.45246999216011785,0.011311749804002947,0
synthetic_A#6885,0,BENIGN,test_benign,0.14068514398973958,0.0035171285997434897,0
synthetic_A#2764,0,BENIGN,test_benign,0.0780644392356596,0.00195161098089149,0
synthetic_A#6661,0,BENIGN,test_benign,11.932453882085051,0.29831134705212625,0
synthetic_A#2644,0,BENIGN,test_benign,1.7538852692548927,0.04384713173137232,0
synthetic_A#6059,0,BENIGN,test_benign,0.3408624060180558,0.008521560150451395,0
synthetic_A#1559,0,BENIGN,test_benign,1.1722143194333583,0.029305357985833957,0
synthetic_A#5285,0,BENIGN,test_benign,1.5114093961561696,0.037785234903904244,0
synthetic_A#3245,0,BENIGN,test_benign,0.16001628237701043,0.004000407059425261,0
synthetic_A#4970,0,BENIGN,test_benign,1.1468330894486176,0.02867082723621544,0
synthetic_A#7050,0,BENIGN,test_benign,0.2519187344396775,0.006297968360991937,0
synthetic_A#6003,0,BENIGN,test_benign,0.15700623852044035,0.003925155963011009,0
synthetic_A#5121,0,BENIGN,test_benign,0.8397604740055215,0.020994011850138036,0
synthetic_A#3816,0,BENIGN,test_benign,0.3632077519413739,0.009080193798534347,0
synthetic_A#5817,0,BENIGN,test_benign,0.13135910791381009,0.003283977697845252,0
synthetic_A#2692,0,BENIGN,test_benign,0.7945504449196776,0.01986376112299194,0
synthetic_A#6884,0,BENIGN,test_benign,1.567602179888923,0.03919005449722308,0
synthetic_A#5816,0,BENIGN,test_benign,0.32811476528592076,0.00820286913214802,0
synthetic_A#4362,0,BENIGN,test_benign,0.6208975504847964,0.015522438762119912,0
synthetic_A#6771,0,BENIGN,test_benign,5.0302363650682675,0.1257559091267067,0
synthetic_A#7810,0,BENIGN,test_benign,0.17981662524441178,0.004495415631110294,0
synthetic_A#6409,0,BENIGN,test_benign,0.11578850063375155,0.002894712515843789,0
synthetic_A#5674,0,BENIGN,test_benign,2.296886420721876,0.057422160518046904,0
synthetic_A#1883,0,BENIGN,test_benign,2.4946320136116293,0.06236580034029073,0
synthetic_A#73,0,BENIGN,test_benign,0.35443880520362114,0.008860970130090528,0
synthetic_A#3491,0,BENIGN,test_benign,0.10242794241665079,0.00256069856041627,0
synthetic_A#1259,0,BENIGN,test_benign,0.5629996697888688,0.01407499174472172,0
synthetic_A#1335,0,BENIGN,test_benign,4.166085838554478,0.10415214596386195,0
synthetic_A#6344,0,BENIGN,test_benign,0.1574729016836196,0.00393682254209049,0
synthetic_A#4498,0,BENIGN,test_benign,0.1516901666988314,0.0037922541674707847,0
synthetic_A#2513,0,BENIGN,test_benign,1.0335226617138906,0.025838066542847267,0
synthetic_A#7350,0,BENIGN,test_benign,0.890871028707847,0.022271775717696174,0
synthetic_A#3405,0,BENIGN,test_benign,0.134017926716871,0.003350448167921775,0
synthetic_A#5617,0,BENIGN,test_benign,0.38607642973336265,0.009651910743334066,0
synthetic_A#2498,0,BENIGN,test_benign,2.9678803245506207,0.07419700811376552,0
synthetic_A#1623,0,BENIGN,test_benign,0.3605910695361185,0.009014776738402962,0
synthetic_A#2304,0,BENIGN,test_benign,0.2766335358973348,0.00691583839743337,0
synthetic_A#3550,0,BENIGN,test_benign,11.114320988029176,0.2778580247007294,0
synthetic_A#1417,0,BENIGN,test_benign,0.3465741176623486,0.008664352941558715,0
synthetic_A#31,0,BENIGN,test_benign,0.6134997939449556,0.01533749484862389,0
synthetic_A#2943,0,BENIGN,test_benign,0.1628572081413837,0.004071430203534593,0
synthetic_A#3077,0,BENIGN,test_benign,0.24050213565030315,0.006012553391257579,0
synthetic_A#6323,0,BENIGN,test_benign,0.12999288549322116,0.003249822137330529,0
synthetic_A#168,0,BENIGN,test_benign,0.06770695844704115,0.0016926739611760288,0
synthetic_A#6099,0,BENIGN,test_benign,0.16137974454940868,0.004034493613735217,0
synthetic_A#6773,0,BENIGN,test_benign,0.0869858239352199,0.0021746455983804977,0
synthetic_A#5610,0,BENIGN,test_benign,0.48938085155725153,0.012234521288931289,0
synthetic_A#7501,0,BENIGN,test_benign,1.3043118072500561,0.032607795181251405,0
synthetic_A#1926,0,BENIGN,test_benign,0.2091008918650112,0.00522752229662528,0
synthetic_A#2088,0,BENIGN,test_benign,0.2678661039421467,0.0066966525985536676,0
synthetic_A#6553,0,BENIGN,test_benign,2.647193394888,0.0661798348722,0
synthetic_A#2495,0,BENIGN,test_benign,3.233405044105407,0.08083512610263519,0
synthetic_A#5987,0,BENIGN,test_benign,0.23817193703890965,0.005954298425972742,0
synthetic_A#3295,0,BENIGN,test_benign,1.259797801109181,0.03149494502772952,0
synthetic_A#1402,0,BENIGN,test_benign,0.12014193768973443,0.003003548442243361,0
synthetic_A#4323,0,BENIGN,test_benign,0.07327679449844357,0.0018319198624610893,0
synthetic_A#4710,0,BENIGN,test_benign,0.4844268614889685,0.012110671537224213,0
synthetic_A#1507,0,BENIGN,test_benign,0.4421481946642296,0.01105370486660574,0
synthetic_A#26,0,BENIGN,test_benign,6.386661250495385,0.15966653126238461,0
synthetic_A#4750,0,BENIGN,test_benign,1.3759387306862894,0.034398468267157235,0
synthetic_A#7174,0,BENIGN,test_benign,1.5077056656878653,0.037692641642196635,0
synthetic_A#2406,0,BENIGN,test_benign,0.8500821749814184,0.021252054374535458,0
synthetic_A#2069,0,BENIGN,test_benign,1.8921426902248177,0.047303567255620446,0
synthetic_A#3942,0,BENIGN,test_benign,0.8827805540541576,0.022069513851353938,0
synthetic_A#2191,0,BENIGN,test_benign,39.90741592077802,0.9976853980194506,1
synthetic_A#500,0,BENIGN,test_benign,1.5974297916874802,0.039935744792187006,0
synthetic_A#6309,0,BENIGN,test_benign,0.10379209903357056,0.002594802475839264,0
synthetic_A#437,0,BENIGN,test_benign,0.3116214120096528,0.007790535300241321,0
synthetic_A#4983,0,BENIGN,test_benign,5.016780323590036,0.12541950808975091,0
synthetic_A#1420,0,BENIGN,test_benign,0.16081112551674298,0.0040202781379185745,0
synthetic_A#3857,0,BENIGN,test_benign,0.5464572895573873,0.013661432238934682,0
synthetic_A#7939,0,BENIGN,test_benign,1.2700463824504569,0.03175115956126142,0
synthetic_A#1978,0,BENIGN,test_benign,5.9253394713438725,0.1481334867835968,0
synthetic_A#5992,0,BENIGN,test_benign,0.5548248032844636,0.01387062008211159,0
synthetic_A#2523,0,BENIGN,test_benign,0.14431795229385067,0.003607948807346267,0
synthetic_A#6210,0,BENIGN,test_benign,0.23872204917582107,0.005968051229395527,0
synthetic_A#5716,0,BENIGN,test_benign,0.14476590127867833,0.0036191475319669584,0
synthetic_A#6264,0,BENIGN,test_benign,0.8081822183705647,0.02020455545926412,0
synthetic_A#3817,0,BENIGN,test_benign,35.17339608448667,0.8793349021121667,1
synthetic_A#1180,0,BENIGN,test_benign,0.10818180887670747,0.002704545221917687,0
synthetic_A#3355,0,BENIGN,test_benign,4.341688009786369,0.10854220024465921,0
synthetic_A#2954,0,BENIGN,test_benign,0.1077916509315063,0.0026947912732876575,0
synthetic_A#7732,0,BENIGN,test_benign,0.05690084973822826,0.0014225212434557065,0
synthetic_A#5517,0,BENIGN,test_benign,3.1386995794347543,0.07846748948586886,0
synthetic_A#7639,0,BENIGN,test_benign,0.2501561342441859,0.006253903356104648,0
synthetic_A#5887,0,BENIGN,test_benign,2.142724693364698,0.05356811733411745,0
synthetic_A#1758,0,BENIGN,test_benign,2.6569626007815508,0.06642406501953876,0
synthetic_A#534,0,BENIGN,test_benign,0.5917539213036018,0.014793848032590045,0
synthetic_A#3570,0,BENIGN,test_benign,0.23438695025082243,0.005859673756270561,0
synthetic_A#585,0,BENIGN,test_benign,2.17134530861572,0.05428363271539301,0
synthetic_A#6191,0,BENIGN,test_benign,0.5130420817647157,0.012826052044117891,0
synthetic_A#4552,0,BENIGN,test_benign,1.6910927983896484,0.04227731995974121,0
synthetic_A#1203,0,BENIGN,test_benign,0.33665748120429606,0.008416437030107402,0
synthetic_A#1606,0,BENIGN,test_benign,0.6663956241685816,0.01665989060421454,0
synthetic_A#6639,0,BENIGN,test_benign,0.3971818455335848,0.00992954613833962,0
synthetic_A#3303,0,BENIGN,test_benign,0.788737631290154,0.01971844078225385,0
synthetic_A#491,0,BENIGN,test_benign,4.882771176929675,0.12206927942324189,0
synthetic_A#5180,0,BENIGN,test_benign,0.34531349236337966,0.008632837309084491,0
synthetic_A#3524,0,BENIGN,test_benign,0.22469542623680602,0.005617385655920151,0
synthetic_A#3460,0,BENIGN,test_benign,0.3492425765922096,0.008731064414805239,0
synthetic_A#6049,0,BENIGN,test_benign,0.30094642994005494,0.0075236607485013735,0
synthetic_A#7249,0,BENIGN,test_benign,0.08474376122679497,0.0021185940306698743,0
synthetic_A#6753,0,BENIGN,test_benign,0.8366087222172298,0.020915218055430746,0
synthetic_A#852,0,BENIGN,test_benign,0.4811714604099693,0.012029286510249232,0
synthetic_A#7518,0,BENIGN,test_benign,0.593196748998463,0.014829918724961574,0
synthetic_A#5209,0,BENIGN,test_benign,0.4662363947954229,0.011655909869885572,0
synthetic_A#2094,0,BENIGN,test_benign,0.2002608125609277,0.005006520314023192,0
synthetic_A#2531,0,BENIGN,test_benign,0.39884114016641875,0.009971028504160468,0
synthetic_A#5478,0,BENIGN,test_benign,0.9212903754408284,0.023032259386020708,0
synthetic_A#397,0,BENIGN,test_benign,0.2813973442218563,0.0070349336055464074,0
synthetic_A#6055,0,BENIGN,test_benign,0.458830775201585,0.011470769380039625,0
synthetic_A#1649,0,BENIGN,test_benign,0.21923586002889855,0.005480896500722464,0
synthetic_A#401,0,BENIGN,test_benign,0.4476035593074401,0.011190088982686003,0
synthetic_A#7612,0,BENIGN,test_benign,2.300159060112218,0.057503976502805455,0
synthetic_A#7907,0,BENIGN,test_benign,1.190541191219721,0.029763529780493025,0
synthetic_A#7695,0,BENIGN,test_benign,1.3134053349687753,0.03283513337421938,0
synthetic_A#3544,0,BENIGN,test_benign,1.8671984625796674,0.04667996156449168,0
synthetic_A#5632,0,BENIGN,test_benign,2.8340804109495306,0.07085201027373826,0
synthetic_A#5903,0,BENIGN,test_benign,0.13759406221248838,0.0034398515553122093,0
synthetic_A#5934,0,BENIGN,test_benign,0.4125061692581176,0.010312654231452941,0
synthetic_A#4664,0,BENIGN,test_benign,17.66549425228453,0.4416373563071133,0
synthetic_A#573,0,BENIGN,test_benign,0.1954720765684123,0.004886801914210308,0
synthetic_A#2328,0,BENIGN,test_benign,0.3437143015200031,0.008592857538000077,0
synthetic_A#2955,0,BENIGN,test_benign,1.5069980109919712,0.03767495027479928,0
synthetic_A#2404,0,BENIGN,test_benign,0.030336643407903492,0.0007584160851975873,0
synthetic_A#7226,0,BENIGN,test_benign,0.6526717031716041,0.016316792579290102,0
synthetic_A#535,0,BENIGN,test_benign,0.2528415615730538,0.006321039039326346,0
synthetic_A#3574,0,BENIGN,test_benign,0.18976930053536284,0.004744232513384071,0
synthetic_A#2373,0,BENIGN,test_benign,0.6005692034417902,0.015014230086044755,0
synthetic_A#7474,0,BENIGN,test_benign,3.5789963222294388,0.08947490805573596,0
synthetic_A#3660,0,BENIGN,test_benign,0.39587844433548275,0.00989696110838707,0
synthetic_A#3383,0,BENIGN,test_benign,0.11044458572224246,0.0027611146430560614,0
synthetic_A#5860,0,BENIGN,test_benign,1.3262588506415125,0.03315647126603781,0
synthetic_A#473,0,BENIGN,test_benign,1.0576486312559812,0.02644121578139953,0
synthetic_A#5551,0,BENIGN,test_benign,2.474110732593015,0.061852768314825377,0
synthetic_A#6048,0,BENIGN,test_benign,2.1970618222690166,0.054926545556725416,0
synthetic_A#881,0,BENIGN,test_benign,0.1754893018643479,0.004387232546608698,0
synthetic_A#4848,0,BENIGN,test_benign,0.13426994771802936,0.003356748692950734,0
synthetic_A#3346,0,BENIGN,test_benign,0.23685990265187323,0.005921497566296831,0
synthetic_A#4756,0,BENIGN,test_benign,0.4344439398031504,0.010861098495078759,0
synthetic_A#2746,0,BENIGN,test_benign,0.26825197091970293,0.006706299272992574,0
synthetic_A#469,0,BENIGN,test_benign,0.27339621642489065,0.006834905410622266,0
synthetic_A#2602,0,BENIGN,test_benign,0.1554392064326808,0.00388598016081702,0
synthetic_A#7068,0,BENIGN,test_benign,0.12119139311533082,0.0030297848278832704,0
synthetic_A#247,0,BENIGN,test_benign,2.5092192563612308,0.06273048140903077,0
synthetic_A#2276,0,BENIGN,test_benign,2.242479532970991,0.05606198832427477,0
synthetic_A#6033,0,BENIGN,test_benign,2.2050723472516394,0.05512680868129098,0
synthetic_A#865,0,BENIGN,test_benign,0.3741274714031156,0.00935318678507789,0
synthetic_A#761,0,BENIGN,test_benign,0.3097279777858868,0.00774319944464717,0
synthetic_A#6365,0,BENIGN,test_benign,0.19128783581599124,0.004782195895399781,0
synthetic_A#4462,0,BENIGN,test_benign,0.247648215870938,0.00619120539677345,0
synthetic_A#2540,0,BENIGN,test_benign,0.20767384594537283,0.005191846148634321,0
synthetic_A#1287,0,BENIGN,test_benign,0.8975853982424662,0.022439634956061653,0
synthetic_A#4034,0,BENIGN,test_benign,1.4382623656853677,0.03595655914213419,0
synthetic_A#425,0,BENIGN,test_benign,0.3150249455925261,0.007875623639813152,0
synthetic_A#5738,0,BENIGN,test_benign,0.4346726548561384,0.01086681637140346,0
synthetic_A#3193,0,BENIGN,test_benign,0.4292479842846655,0.010731199607116637,0
synthetic_A#5830,0,BENIGN,test_benign,0.0906675125207195,0.0022666878130179874,0
synthetic_A#228,0,BENIGN,test_benign,0.270323746466059,0.006758093661651475,0
synthetic_A#4515,0,BENIGN,test_benign,0.1368990471098916,0.00342247617774729,0
synthetic_A#7882,0,BENIGN,test_benign,0.16408738902069614,0.004102184725517403,0
synthetic_A#693,0,BENIGN,test_benign,1.8424729532396507,0.046061823830991264,0
synthetic_A#1041,0,BENIGN,test_benign,0.40643827896983614,0.010160956974245903,0
synthetic_A#3096,0,BENIGN,test_benign,0.9856993845024852,0.02464248461256213,0
synthetic_A#3050,0,BENIGN,test_benign,1.5713784150707548,0.03928446037676887,0
synthetic_A#1595,0,BENIGN,test_benign,0.46089526494705985,0.011522381623676496,0
synthetic_A#2549,0,BENIGN,test_benign,0.18700293306663782,0.004675073326665945,0
synthetic_A#7617,0,BENIGN,test_benign,1.9771816668519087,0.04942954167129772,0
synthetic_A#7993,0,BENIGN,test_benign,0.5770324233650712,0.01442581058412678,0
synthetic_A#6061,0,BENIGN,test_benign,0.3047681515819879,0.007619203789549697,0
synthetic_A#5125,0,BENIGN,test_benign,0.5102265606650611,0.012755664016626528,0
synthetic_A#1128,0,BENIGN,test_benign,0.3470447208918687,0.008676118022296718,0
synthetic_A#5493,0,BENIGN,test_benign,0.05047021917421761,0.0012617554793554401,0
synthetic_A#3473,0,BENIGN,test_benign,1.7028695804171026,0.042571739510427566,0
synthetic_A#5132,0,BENIGN,test_benign,0.21918614185514235,0.005479653546378559,0
synthetic_A#58,0,BENIGN,test_benign,0.8303312927432532,0.02075828231858133,0
synthetic_A#5752,0,BENIGN,test_benign,0.6498372605684751,0.01624593151421188,0
synthetic_A#4313,0,BENIGN,test_benign,0.12817165491841842,0.0032042913729604604,0
synthetic_A#1199,0,BENIGN,test_benign,0.41518738533252825,0.010379684633313206,0
synthetic_A#3688,0,BENIGN,test_benign,22.99050216628465,0.5747625541571162,1
synthetic_A#4894,0,BENIGN,test_benign,0.14424409850229625,0.0036061024625574064,0
synthetic_A#96,0,BENIGN,test_benign,0.21229169838640422,0.005307292459660105,0
synthetic_A#5729,0,BENIGN,test_benign,0.2774199597155076,0.00693549899288769,0
synthetic_A#960,0,BENIGN,test_benign,1.8991008134320229,0.04747752033580057,0
synthetic_A#1634,0,BENIGN,test_benign,2.1674969119933967,0.05418742279983492,0
synthetic_A#7779,0,BENIGN,test_benign,0.347007178485479,0.008675179462136976,0
synthetic_A#877,0,BENIGN,test_benign,0.10518717244285537,0.002629679311071384,0
synthetic_A#6656,0,BENIGN,test_benign,0.7661887892219548,0.01915471973054887,0
synthetic_A#156,0,BENIGN,test_benign,4.047585939352038,0.10118964848380094,0
synthetic_A#2087,0,BENIGN,test_benign,0.1295787797093067,0.0032394694927326676,0
synthetic_A#5958,0,BENIGN,test_benign,0.3073679619268309,0.007684199048170773,0
synthetic_A#611,0,BENIGN,test_benign,0.4075578495967877,0.010188946239919693,0
synthetic_A#5929,0,BENIGN,test_benign,0.32875599820037477,0.008218899955009368,0
synthetic_A#1979,0,BENIGN,test_benign,0.347366214192,0.008684155354799999,0
synthetic_A#1188,0,BENIGN,test_benign,1.7809559430243416,0.04452389857560854,0
synthetic_A#4233,0,BENIGN,test_benign,5.78363942818512,0.144590985704628,0
synthetic_A#447,0,BENIGN,test_benign,0.4996481498144706,0.012491203745361765,0
synthetic_A#7114,0,BENIGN,test_benign,0.392233976334184,0.0098058494083546,0
synthetic_A#2357,0,BENIGN,test_benign,1.4665195202455714,0.036662988006139284,0
synthetic_A#4119,0,BENIGN,test_benign,0.16370360425096137,0.004092590106274034,0
synthetic_A#592,0,BENIGN,test_benign,1.997467898581129,0.049936697464528224,0
synthetic_A#7930,0,BENIGN,test_benign,1.9982012680589878,0.049955031701474695,0
synthetic_A#7954,0,BENIGN,test_benign,0.5826672745252068,0.014566681863130171,0
synthetic_A#7182,0,BENIGN,test_benign,0.6318109394550613,0.01579527348637653,0
synthetic_A#6550,0,BENIGN,test_benign,0.3116046793970614,0.007790116984926534,0
synthetic_A#4306,0,BENIGN,test_benign,0.23781424155238054,0.0059453560388095135,0
synthetic_A#4127,0,BENIGN,test_benign,0.667830217023032,0.0166957554255758,0
synthetic_A#847,0,BENIGN,test_benign,4.429610283516053,0.11074025708790132,0
synthetic_A#6232,0,BENIGN,test_benign,0.4824137213435912,0.01206034303358978,0
synthetic_A#624,0,BENIGN,test_benign,0.7542599986394425,0.01885649996598606,0
synthetic_A#3908,0,BENIGN,test_benign,5.715361195394051,0.14288402988485127,0
synthetic_A#3238,0,BENIGN,test_benign,49.33514709452716,1.233378677363179,1
synthetic_A#2272,0,BENIGN,test_benign,1.0398241748415824,0.02599560437103956,0
synthetic_A#6123,0,BENIGN,test_benign,0.20991878825003912,0.005247969706250978,0
synthetic_A#3753,0,BENIGN,test_benign,1.3124735970842965,0.032811839927107414,0
synthetic_A#756,0,BENIGN,test_benign,0.4057014461755283,0.010142536154388208,0
synthetic_A#5707,0,BENIGN,test_benign,0.19613481512037118,0.004903370378009279,0
synthetic_A#1480,0,BENIGN,test_benign,0.19892134565512176,0.004973033641378044,0
synthetic_A#3771,0,BENIGN,test_benign,0.523566178544596,0.013089154463614899,0
synthetic_A#2641,0,BENIGN,test_benign,1.0077838573328588,0.02519459643332147,0
synthetic_A#3334,0,BENIGN,test_benign,34.82048914435758,0.8705122286089395,1
synthetic_A#6995,0,BENIGN,test_benign,0.5609925645626186,0.014024814114065465,0
synthetic_A#7656,0,BENIGN,test_benign,0.06603494935224083,0.0016508737338060207,0
synthetic_A#5018,0,BENIGN,test_benign,0.21579007864240096,0.005394751966060024,0
synthetic_A#5706,0,BENIGN,test_benign,0.9647836149725814,0.024119590374314534,0
synthetic_A#4562,0,BENIGN,test_benign,1.8746318170625986,0.046865795426564966,0
synthetic_A#3006,0,BENIGN,test_benign,0.9546510930455765,0.023866277326139412,0
synthetic_A#764,0,BENIGN,test_benign,0.7374175445066369,0.018435438612665923,0
synthetic_A#3977,0,BENIGN,test_benign,0.4313690983760997,0.010784227459402492,0
synthetic_A#5636,0,BENIGN,test_benign,1.194295419636867,0.02985738549092167,0
synthetic_A#1971,0,BENIGN,test_benign,0.1775280344381162,0.004438200860952905,0
synthetic_A#2718,0,BENIGN,test_benign,0.43408832423766275,0.010852208105941568,0
synthetic_A#7112,0,BENIGN,test_benign,0.3912599731772912,0.00978149932943228,0
synthetic_A#3898,0,BENIGN,test_benign,0.19048468101281713,0.004762117025320428,0
synthetic_A#7956,0,BENIGN,test_benign,0.20626139580548314,0.005156534895137078,0
synthetic_A#1024,0,BENIGN,test_benign,1.7560779670741768,0.04390194917685442,0
synthetic_A#2829,0,BENIGN,test_benign,12.075993952066632,0.3018998488016658,0
synthetic_A#752,0,BENIGN,test_benign,1.658102500367327,0.04145256250918318,0
synthetic_A#351,0,BENIGN,test_benign,0.37501867683245144,0.009375466920811286,0
synthetic_A#6989,0,BENIGN,test_benign,0.41247682286157983,0.010311920571539495,0
synthetic_A#1313,0,BENIGN,test_benign,0.5260937354160884,0.01315234338540221,0
synthetic_A#6589,0,BENIGN,test_benign,0.7356611795679353,0.018391529489198383,0
synthetic_A#3742,0,BENIGN,test_benign,0.9911223587767861,0.024778058969419654,0
synthetic_A#7508,0,BENIGN,test_benign,1.1179285332259978,0.027948213330649944,0
synthetic_A#5532,0,BENIGN,test_benign,0.28755499278675606,0.007188874819668902,0
synthetic_A#3065,0,BENIGN,test_benign,0.06034548685437342,0.0015086371713593355,0
synthetic_A#561,0,BENIGN,test_benign,1.4862829107017308,0.03715707276754327,0
synthetic_A#2464,0,BENIGN,test_benign,1.5293807139335183,0.03823451784833796,0
synthetic_A#4271,0,BENIGN,test_benign,0.7170220065945799,0.0179255501648645,0
synthetic_A#4320,0,BENIGN,test_benign,0.17547762436075467,0.004386940609018867,0
synthetic_A#6902,0,BENIGN,test_benign,0.3754661337675713,0.009386653344189283,0
synthetic_A#4816,0,BENIGN,test_benign,1.0580969557040671,0.02645242389260168,0
synthetic_A#7691,0,BENIGN,test_benign,0.10262853646235373,0.0025657134115588433,0
synthetic_A#1047,0,BENIGN,test_benign,96.19437830205456,2.404859457551364,1
synthetic_A#3103,0,BENIGN,test_benign,3.0019749023725146,0.07504937255931286,0
synthetic_A#1385,0,BENIGN,test_benign,0.3347404168853948,0.00836851042213487,0
synthetic_A#414,0,BENIGN,test_benign,0.14367285664197024,0.003591821416049256,0
synthetic_A#4002,0,BENIGN,test_benign,0.11445029741251789,0.002861257435312947,0
synthetic_A#2570,0,BENIGN,test_benign,2.313020296141677,0.05782550740354192,0
synthetic_A#2002,0,BENIGN,test_benign,0.25180882935835636,0.006295220733958909,0
synthetic_A#5944,0,BENIGN,test_benign,4.707540045633094,0.11768850114082734,0
synthetic_A#3114,0,BENIGN,test_benign,0.4440769489893401,0.011101923724733502,0
synthetic_A#7469,0,BENIGN,test_benign,0.1125662633203309,0.0028141565830082727,0
synthetic_A#2662,0,BENIGN,test_benign,0.14039734614573945,0.0035099336536434864,0
synthetic_A#4139,0,BENIGN,test_benign,0.16922835051032933,0.004230708762758233,0
synthetic_A#6436,0,BENIGN,test_benign,0.34133014540122075,0.008533253635030519,0
synthetic_A#6951,0,BENIGN,test_benign,3.906684688243339,0.09766711720608348,0
synthetic_A#2996,0,BENIGN,test_benign,0.8516073979915391,0.021290184949788477,0
synthetic_A#842,0,BENIGN,test_benign,4.722452419015738,0.11806131047539345,0
synthetic_A#1146,0,BENIGN,test_benign,0.12094471877299032,0.0030236179693247578,0
synthetic_A#1832,0,BENIGN,test_benign,0.41983035578380534,0.010495758894595133,0
synthetic_A#2447,0,BENIGN,test_benign,0.4948854958886945,0.012372137397217363,0
synthetic_A#6515,0,BENIGN,test_benign,0.24694155500442508,0.006173538875110627,0
synthetic_A#1253,0,BENIGN,test_benign,0.08331531998141395,0.002082882999535349,0
synthetic_A#5395,0,BENIGN,test_benign,0.17717356310260918,0.004429339077565229,0
synthetic_A#4464,0,BENIGN,test_benign,0.23723454272735678,0.00593086356818392,0
synthetic_A#6341,0,BENIGN,test_benign,2.0883982223437503,0.05220995555859376,0
synthetic_A#6492,0,BENIGN,test_benign,0.12074026450804312,0.003018506612701078,0
synthetic_A#5889,0,BENIGN,test_benign,0.1440119827912979,0.0036002995697824473,0
synthetic_A#5670,0,BENIGN,test_benign,0.7674853584317387,0.019187133960793468,0
synthetic_A#378,0,BENIGN,test_benign,5.446316312897192,0.1361579078224298,0
synthetic_A#5813,0,BENIGN,test_benign,0.4108151867304689,0.010270379668261723,0
synthetic_A#6827,0,BENIGN,test_benign,1.3817327447666834,0.03454331861916708,0
synthetic_A#6648,0,BENIGN,test_benign,0.22100080339412975,0.005525020084853244,0
synthetic_A#4294,0,BENIGN,test_benign,0.1926706604135624,0.00481676651033906,0
synthetic_A#4860,0,BENIGN,test_benign,0.1599222397357092,0.00399805599339273,0
synthetic_A#1731,0,BENIGN,test_benign,0.313782176380451,0.007844554409511274,0
synthetic_A#4463,0,BENIGN,test_benign,2.236253743023512,0.055906343575587804,0
synthetic_A#2024,0,BENIGN,test_benign,24.33539371898264,0.608384842974566,1
synthetic_A#3044,0,BENIGN,test_benign,0.29646325134884133,0.007411581283721033,0
synthetic_A#3859,0,BENIGN,test_benign,0.3985890312333712,0.00996472578083428,0
synthetic_A#5993,0,BENIGN,test_benign,0.17546295367635428,0.004386573841908857,0
synthetic_A#4370,0,BENIGN,test_benign,0.2888424505808247,0.007221061264520617,0
synthetic_A#5219,0,BENIGN,test_benign,0.40705562830542624,0.010176390707635655,0
synthetic_A#3768,0,BENIGN,test_benign,0.4372256041942329,0.010930640104855822,0
synthetic_A#2753,0,BENIGN,test_benign,0.7394251077927487,0.018485627694818717,0
synthetic_A#5389,0,BENIGN,test_benign,0.7144504899103121,0.017861262247757803,0
synthetic_A#4288,0,BENIGN,test_benign,0.1265510057134566,0.0031637751428364148,0
synthetic_A#6334,0,BENIGN,test_benign,0.3198927600508059,0.007997319001270148,0
synthetic_A#3455,0,BENIGN,test_benign,0.2620812744101134,0.006552031860252836,0
synthetic_A#1454,0,BENIGN,test_benign,0.6385189025349023,0.015962972563372556,0
synthetic_A#3149,0,BENIGN,test_benign,0.28284651438190417,0.007071162859547604,0
synthetic_A#3298,0,BENIGN,test_benign,0.07979333183105763,0.0019948332957764408,0
synthetic_A#4701,0,BENIGN,test_benign,0.3691131313331151,0.009227828283327877,0
synthetic_A#3406,0,BENIGN,test_benign,0.3898470264564276,0.00974617566141069,0
synthetic_A#1175,0,BENIGN,test_benign,0.8150752721893082,0.020376881804732704,0
synthetic_A#4074,0,BENIGN,test_benign,0.2677959679419325,0.006694899198548312,0
synthetic_A#1438,0,BENIGN,test_benign,0.7566928752268284,0.01891732188067071,0
synthetic_A#2210,0,BENIGN,test_benign,0.28030874294494834,0.007007718573623709,0
synthetic_A#1995,0,BENIGN,test_benign,1.628953391622576,0.0407238347905644,0
synthetic_A#3833,0,BENIGN,test_benign,1.4285625925432563,0.03571406481358141,0
synthetic_A#4466,0,BENIGN,test_benign,1.0492826155006294,0.026232065387515734,0
synthetic_A#6660,0,BENIGN,test_benign,1.7100124985832976,0.04275031246458244,0
synthetic_A#547,0,BENIGN,test_benign,10.865160369881366,0.27162900924703415,0
synthetic_A#5970,0,BENIGN,test_benign,0.4564404512842051,0.011411011282105126,0
synthetic_A#3357,0,BENIGN,test_benign,0.12849909305136376,0.003212477326284094,0
synthetic_A#3185,0,BENIGN,test_benign,0.10894644422800348,0.002723661105700087,0
synthetic_A#1561,0,BENIGN,test_benign,0.9884007763206757,0.02471001940801689,0
synthetic_A#172,0,BENIGN,test_benign,1.5007911207071447,0.03751977801767862,0
synthetic_A#4937,0,BENIGN,test_benign,1.4593197091964245,0.03648299272991061,0
synthetic_A#3614,0,BENIGN,test_benign,0.39437595688251803,0.00985939892206295,0
synthetic_A#3519,0,BENIGN,test_benign,0.41105265811854985,0.010276316452963747,0
synthetic_A#5011,0,BENIGN,test_benign,7.74993169253322,0.19374829231333052,0
synthetic_A#1593,0,BENIGN,test_benign,0.6816075635113217,0.017040189087783042,0
synthetic_A#5436,0,BENIGN,test_benign,0.061357152756272945,0.0015339288189068236,0
synthetic_A#1882,0,BENIGN,test_benign,0.07092401189675472,0.001773100297418868,0
synthetic_A#7989,0,BENIGN,test_benign,1.8191347703268588,0.04547836925817147,0
synthetic_A#7862,0,BENIGN,test_benign,0.15520123876793568,0.003880030969198392,0
synthetic_A#4800,0,BENIGN,test_benign,0.5826346816491264,0.01456586704122816,0
synthetic_A#6637,0,BENIGN,test_benign,6.402707550770006,0.16006768876925015,0
synthetic_A#5294,0,BENIGN,test_benign,2.1323797908251385,0.05330949477062846,0
synthetic_A#6647,0,BENIGN,test_benign,0.1571273757239779,0.0039281843930994475,0
synthetic_A#7273,0,BENIGN,test_benign,0.4031404357861941,0.010078510894654853,0
synthetic_A#1038,0,BENIGN,test_benign,0.45438210439255505,0.011359552609813877,0
synthetic_A#323,0,BENIGN,test_benign,1.6294868834869964,0.04073717208717491,0
synthetic_A#4081,0,BENIGN,test_benign,1.5408498064571972,0.03852124516142993,0
synthetic_A#4951,0,BENIGN,test_benign,0.12573141218142186,0.0031432853045355465,0
synthetic_A#4767,0,BENIGN,test_benign,3.2895466527617137,0.08223866631904284,0
synthetic_A#893,0,BENIGN,test_benign,0.5667412635085107,0.014168531587712769,0
synthetic_A#2317,0,BENIGN,test_benign,0.3942715693436075,0.009856789233590188,0
synthetic_A#5100,0,BENIGN,test_benign,0.14794141609208752,0.0036985354023021883,0
synthetic_A#324,0,BENIGN,test_benign,1.2780633081398682,0.031951582703496705,0
synthetic_A#1215,0,BENIGN,test_benign,2.090412802861684,0.0522603200715421,0
synthetic_A#7205,0,BENIGN,test_benign,0.10219100630486078,0.0025547751576215196,0
synthetic_A#3997,0,BENIGN,test_benign,0.111985092757596,0.0027996273189399,0
synthetic_A#4539,0,BENIGN,test_benign,0.5747867649418917,0.014369669123547294,0
synthetic_A#7281,0,BENIGN,test_benign,0.28018337109428454,0.007004584277357113,0
synthetic_A#7814,0,BENIGN,test_benign,0.0978423658374698,0.002446059145936745,0
synthetic_A#1129,0,BENIGN,test_benign,0.5929161875932956,0.014822904689832389,0
synthetic_A#5216,0,BENIGN,test_benign,0.36945343224547156,0.00923633580613679,0
synthetic_A#5955,0,BENIGN,test_benign,2.616597430485936,0.0654149357621484,0
synthetic_A#7051,0,BENIGN,test_benign,3.14128647029291,0.07853216175732275,0
synthetic_A#664,0,BENIGN,test_benign,0.43265712595357997,0.0108164281488395,0
synthetic_A#3328,0,BENIGN,test_benign,0.5637874399266523,0.014094685998166306,0
synthetic_A#6797,0,BENIGN,test_benign,0.10671276970370408,0.002667819242592602,0
synthetic_A#208,0,BENIGN,test_benign,0.11508503660100064,0.002877125915025016,0
synthetic_A#7064,0,BENIGN,test_benign,0.5139153244564798,0.012847883111411995,0
synthetic_A#747,0,BENIGN,test_benign,0.2905556754739834,0.007263891886849586,0
synthetic_A#1739,0,BENIGN,test_benign,0.37259132137412504,0.009314783034353126,0
synthetic_A#798,0,BENIGN,test_benign,0.5825446279349235,0.014563615698373087,0
synthetic_A#88,0,BENIGN,test_benign,0.2718948871652298,0.006797372179130745,0
synthetic_A#734,0,BENIGN,test_benign,0.14108153150802744,0.003527038287700686,0
synthetic_A#5733,0,BENIGN,test_benign,2.922620554517317,0.07306551386293293,0
synthetic_A#3649,0,BENIGN,test_benign,0.33702849264128254,0.008425712316032063,0
synthetic_A#2689,0,BENIGN,test_benign,0.290945980452829,0.0072736495113207246,0
synthetic_A#1174,0,BENIGN,test_benign,6.622345139493413,0.16555862848733532,0
synthetic_A#3142,0,BENIGN,test_benign,0.1555853845621067,0.003889634614052667,0
synthetic_A#5187,0,BENIGN,test_benign,0.10461547314986638,0.0026153868287466598,0
synthetic_A#1153,0,BENIGN,test_benign,0.10217408302160096,0.002554352075540024,0
synthetic_A#198,0,BENIGN,test_benign,0.21132036915454055,0.005283009228863514,0
synthetic_A#7866,0,BENIGN,test_benign,0.13847806829576736,0.003461951707394184,0
synthetic_A#7450,0,BENIGN,test_benign,2.052788616048717,0.05131971540121792,0
synthetic_A#1097,0,BENIGN,test_benign,0.5047400825778467,0.012618502064446169,0
synthetic_A#548,0,BENIGN,test_benign,0.6098381671827371,0.015245954179568427,0
synthetic_A#7925,0,BENIGN,test_benign,0.1892719043339914,0.004731797608349785,0
synthetic_A#6887,0,BENIGN,test_benign,0.07481363761279305,0.0018703409403198264,0
synthetic_A#6720,0,BENIGN,test_benign,1.1848909031094466,0.029622272577736163,0
synthetic_A#4921,0,BENIGN,test_benign,2.3432041966243045,0.05858010491560761,0
synthetic_A#1321,0,BENIGN,test_benign,0.21270360211713685,0.005317590052928421,0
synthetic_A#4157,0,BENIGN,test_benign,0.7514567484375008,0.01878641871093752,0
synthetic_A#6862,0,BENIGN,test_benign,1.742633442040603,0.04356583605101508,0
synthetic_A#2650,0,BENIGN,test_benign,0.214083138891147,0.005352078472278675,0
synthetic_A#5345,0,BENIGN,test_benign,0.09620857723395913,0.002405214430848978,0
synthetic_A#4883,0,BENIGN,test_benign,0.07284106088178247,0.0018210265220445616,0
synthetic_A#5234,0,BENIGN,test_benign,1.3748157491218818,0.034370393728047045,0
synthetic_A#6586,0,BENIGN,test_benign,0.6476412608592508,0.01619103152148127,0
synthetic_A#7787,0,BENIGN,test_benign,0.48697414270506234,0.01217435356762656,0
synthetic_A#5169,0,BENIGN,test_benign,6.4581485710334725,0.16145371427583682,0
synthetic_A#7300,0,BENIGN,test_benign,0.12492735963535342,0.0031231839908838358,0
synthetic_A#6727,0,BENIGN,test_benign,0.7203736270475729,0.018009340676189322,0
synthetic_A#2268,0,BENIGN,test_benign,0.9328696428893982,0.023321741072234954,0
synthetic_A#1671,0,BENIGN,test_benign,0.9732823475814151,0.024332058689535377,0
synthetic_A#937,0,BENIGN,test_benign,1.423292790487152,0.0355823197621788,0
synthetic_A#7038,0,BENIGN,test_benign,0.6288329829525936,0.01572082457381484,0
synthetic_A#2670,0,BENIGN,test_benign,0.9847970256768446,0.024619925641921114,0
synthetic_A#2778,0,BENIGN,test_benign,0.2484265743424763,0.006210664358561908,0
synthetic_A#3164,0,BENIGN,test_benign,0.18737974585996803,0.004684493646499201,0
synthetic_A#4692,0,BENIGN,test_benign,0.25425173964528486,0.006356293491132122,0
synthetic_A#5044,0,BENIGN,test_benign,0.804097244502438,0.02010243111256095,0
synthetic_A#4771,0,BENIGN,test_benign,3.8276448692272327,0.09569112173068081,0
synthetic_A#4376,0,BENIGN,test_benign,0.3245637355868899,0.008114093389672247,0
synthetic_A#4766,0,BENIGN,test_benign,0.19176591049325922,0.00479414776233148,0
synthetic_A#4301,0,BENIGN,test_benign,2.958339617651892,0.07395849044129729,0
synthetic_A#4999,0,BENIGN,test_benign,0.09679487944056146,0.0024198719860140366,0
synthetic_A#3528,0,BENIGN,test_benign,0.081054656018331,0.002026366400458275,0
synthetic_A#6803,0,BENIGN,test_benign,0.45718737234453954,0.011429684308613488,0
synthetic_A#620,0,BENIGN,test_benign,0.26627503598700886,0.006656875899675221,0
synthetic_A#1452,0,BENIGN,test_benign,1.22049458844469,0.030512364711117252,0
synthetic_A#7528,0,BENIGN,test_benign,0.29877425479224007,0.007469356369806002,0
synthetic_A#4112,0,BENIGN,test_benign,0.784532257367384,0.0196133064341846,0
synthetic_A#4857,0,BENIGN,test_benign,0.0747417172304865,0.0018685429307621626,0
synthetic_A#478,0,BENIGN,test_benign,1.254027492712035,0.03135068731780087,0
synthetic_A#1352,0,BENIGN,test_benign,0.1744652105645427,0.004361630264113568,0
synthetic_A#4500,0,BENIGN,test_benign,1.69046971646301,0.04226174291157525,0
synthetic_A#1894,0,BENIGN,test_benign,0.16677308429498017,0.004169327107374504,0
synthetic_A#5748,0,BENIGN,test_benign,0.48088487655649204,0.0120221219139123,0
synthetic_A#1718,0,BENIGN,test_benign,0.355598128796114,0.00888995321990285,0
synthetic_A#3501,0,BENIGN,test_benign,9.707139937290167,0.24267849843225417,0
synthetic_A#1768,0,BENIGN,test_benign,0.21632954162659346,0.005408238540664837,0
synthetic_A#1033,0,BENIGN,test_benign,2.0528833649473763,0.05132208412368441,0
synthetic_A#3413,0,BENIGN,test_benign,0.0715061110540024,0.00178765277635006,0
synthetic_A#286,0,BENIGN,test_benign,0.21690096107711068,0.005422524026927767,0
synthetic_A#550,0,BENIGN,test_benign,0.4847348274645207,0.012118370686613016,0
synthetic_A#7832,0,BENIGN,test_benign,0.11705329054725869,0.002926332263681467,0
synthetic_A#6706,0,BENIGN,test_benign,0.22444665366835692,0.005611166341708923,0
synthetic_A#4557,0,BENIGN,test_benign,0.26854568503641,0.006713642125910251,0
synthetic_A#5516,0,BENIGN,test_benign,0.1399933993477672,0.0034998349836941798,0
synthetic_A#2842,0,BENIGN,test_benign,0.6158746874547866,0.015396867186369664,0
synthetic_A#1783,0,BENIGN,test_benign,0.13001123418767851,0.003250280854691963,0
synthetic_A#1425,0,BENIGN,test_benign,1.046258396893678,0.026156459922341953,0
synthetic_A#6636,0,BENIGN,test_benign,0.20085361021544404,0.005021340255386101,0
synthetic_A#2589,0,BENIGN,test_benign,0.35823710236820716,0.00895592755920518,0
synthetic_A#5194,0,BENIGN,test_benign,3.701001665372548,0.0925250416343137,0
synthetic_A#5012,0,BENIGN,test_benign,0.4978312146098669,0.012445780365246673,0
synthetic_A#6918,0,BENIGN,test_benign,0.9839970010787313,0.024599925026968283,0
synthetic_A#5937,0,BENIGN,test_benign,0.9628523383774465,0.024071308459436162,0
synthetic_A#1616,0,BENIGN,test_benign,32.54143897435088,0.813535974358772,1
synthetic_A#5912,0,BENIGN,test_benign,0.19989355939286452,0.004997338984821613,0
synthetic_A#6496,0,BENIGN,test_benign,0.4102780040371683,0.010256950100929207,0
synthetic_A#7133,0,BENIGN,test_benign,0.1086618913394943,0.0027165472834873574,0
synthetic_A#2481,0,BENIGN,test_benign,0.08672131763974184,0.002168032940993546,0
synthetic_A#2651,0,BENIGN,test_benign,0.9889066887048854,0.024722667217622136,0
synthetic_A#3105,0,BENIGN,test_benign,0.24172117459876621,0.006043029364969156,0
synthetic_A#1784,0,BENIGN,test_benign,1.7254082786705784,0.04313520696676446,0
synthetic_A#1575,0,BENIGN,test_benign,0.22561714741046368,0.005640428685261592,0
synthetic_A#4886,0,BENIGN,test_benign,1.2533720443008813,0.031334301107522035,0
synthetic_A#4639,0,BENIGN,test_benign,3.681393292543354,0.09203483231358385,0
synthetic_A#701,0,BENIGN,test_benign,4.51403240728321,0.11285081018208025,0
synthetic_A#4635,0,BENIGN,test_benign,0.11608713908850184,0.002902178477212546,0
synthetic_A#4842,0,BENIGN,test_benign,0.3533293374664138,0.008833233436660346,0
synthetic_A#6215,0,BENIGN,test_benign,0.08487663772250909,0.002121915943062727,0
synthetic_A#4246,0,BENIGN,test_benign,0.5782760681930091,0.014456901704825229,0
synthetic_A#6960,0,BENIGN,test_benign,1.2415254891069774,0.031038137227674435,0
synthetic_A#2521,0,BENIGN,test_benign,1.2391841138491801,0.030979602846229505,0
synthetic_A#5174,0,BENIGN,test_benign,5.048417139770471,0.12621042849426178,0
synthetic_A#2354,0,BENIGN,test_benign,0.16076438267047194,0.004019109566761799,0
synthetic_A#4739,0,BENIGN,test_benign,0.1827128087463241,0.004567820218658102,0
synthetic_A#833,0,BENIGN,test_benign,0.9875829000580849,0.024689572501452123,0
synthetic_A#2225,0,BENIGN,test_benign,3.624260649273334,0.09060651623183334,0
synthetic_A#5849,0,BENIGN,test_benign,0.14163564282704966,0.0035408910706762413,0
synthetic_A#549,0,BENIGN,test_benign,1.0350331915669853,0.02587582978917463,0
synthetic_A#1020,0,BENIGN,test_benign,0.35250332012892616,0.008812583003223153,0
synthetic_A#248,0,BENIGN,test_benign,31.137033554140576,0.7784258388535144,1
synthetic_A#2264,0,BENIGN,test_benign,0.33616906105303984,0.008404226526325996,0
synthetic_A#3707,0,BENIGN,test_benign,0.3825661539854813,0.009564153849637033,0
synthetic_A#296,0,BENIGN,test_benign,0.10906246730264148,0.002726561682566037,0
synthetic_A#2663,0,BENIGN,test_benign,0.1298272791393653,0.003245681978484132,0
synthetic_A#3000,0,BENIGN,test_benign,3.023748062089266,0.07559370155223165,0
synthetic_A#6338,0,BENIGN,test_benign,0.4158674025522211,0.010396685063805528,0
synthetic_A#2318,0,BENIGN,test_benign,2.909068902913165,0.07272672257282913,0
synthetic_A#7321,0,BENIGN,test_benign,0.5124492016308821,0.012811230040772054,0
synthetic_A#100,0,BENIGN,test_benign,0.821122827768463,0.020528070694211576,0
synthetic_A#4629,0,BENIGN,test_benign,0.11051691675132105,0.0027629229187830263,0
synthetic_A#4773,0,BENIGN,test_benign,0.401677476104451,0.010041936902611275,0
synthetic_A#3838,0,BENIGN,test_benign,0.22135443971017849,0.005533860992754462,0
synthetic_A#2858,0,BENIGN,test_benign,0.30338410757542467,0.0075846026893856165,0
synthetic_A#2291,0,BENIGN,test_benign,0.40247215358470867,0.010061803839617717,0
synthetic_A#532,0,BENIGN,test_benign,0.041952895816998376,0.0010488223954249593,0
synthetic_A#4693,0,BENIGN,test_benign,0.14971862759332066,0.0037429656898330167,0
synthetic_A#5049,0,BENIGN,test_benign,0.24207303452703754,0.006051825863175939,0
synthetic_A#3370,0,BENIGN,test_benign,0.5737939519717217,0.014344848799293042,0
synthetic_A#1370,0,BENIGN,test_benign,0.3291967612293445,0.008229919030733612,0
synthetic_A#6626,0,BENIGN,test_benign,1.1776132232552228,0.02944033058138057,0
synthetic_A#346,0,BENIGN,test_benign,0.16183613672353475,0.004045903418088369,0
synthetic_A#7618,0,BENIGN,test_benign,2.40225495485561,0.06005637387139025,0
synthetic_A#3872,0,BENIGN,test_benign,0.7586918519646016,0.01896729629911504,0
synthetic_A#3856,0,BENIGN,test_benign,1.5825912057280807,0.039564780143202014,0
synthetic_A#6262,0,BENIGN,test_benign,0.5592249154483077,0.013980622886207692,0
synthetic_A#681,0,BENIGN,test_benign,0.3055395430952005,0.007638488577380012,0
synthetic_A#6823,0,BENIGN,test_benign,3.5493613798179995,0.08873403449544999,0
synthetic_A#3358,0,BENIGN,test_benign,0.20571533175985932,0.0051428832939964825,0
synthetic_A#7605,0,BENIGN,test_benign,0.1759637909434418,0.004399094773586045,0
synthetic_A#6395,0,BENIGN,test_benign,0.2204440233990873,0.005511100584977183,0
synthetic_A#6486,0,BENIGN,test_benign,0.3366431306527984,0.00841607826631996,0
synthetic_A#1566,0,BENIGN,test_benign,4.7242053321479505,0.11810513330369876,0
synthetic_A#4222,0,BENIGN,test_benign,103.42281012827624,2.585570253206906,1
synthetic_A#6691,0,BENIGN,test_benign,0.11634251981302998,0.0029085629953257497,0
synthetic_A#5372,0,BENIGN,test_benign,1.9382375619481733,0.048455939048704336,0
synthetic_A#6676,0,BENIGN,test_benign,1.3836982571692744,0.03459245642923186,0
synthetic_A#5064,0,BENIGN,test_benign,0.2500695961265833,0.006251739903164582,0
synthetic_A#6627,0,BENIGN,test_benign,1.4416778601114175,0.03604194650278544,0
synthetic_A#1181,0,BENIGN,test_benign,0.57404292199341,0.01435107304983525,0
synthetic_A#1375,0,BENIGN,test_benign,0.2114807257280153,0.005287018143200382,0
synthetic_A#7485,0,BENIGN,test_benign,0.4801523269518627,0.012003808173796569,0
synthetic_A#1544,0,BENIGN,test_benign,0.8329780565070783,0.02082445141267696,0
synthetic_A#1992,0,BENIGN,test_benign,0.7751323655238581,0.019378309138096454,0
synthetic_A#6421,0,BENIGN,test_benign,0.44475578557381523,0.011118894639345381,0
synthetic_A#4169,0,BENIGN,test_benign,0.6612820546413045,0.016532051366032613,0
synthetic_A#3755,0,BENIGN,test_benign,0.3029052249150314,0.007572630622875785,0
synthetic_A#5908,0,BENIGN,test_benign,1.7579861027592187,0.043949652568980466,0
synthetic_A#5235,0,BENIGN,test_benign,0.3789910042216272,0.00947477510554068,0
synthetic_A#6618,0,BENIGN,test_benign,0.3798160124657861,0.009495400311644652,0
synthetic_A#84,0,BENIGN,test_benign,0.2635312864728333,0.006588282161820833,0
synthetic_A#5856,0,BENIGN,test_benign,0.5944767223176295,0.014861918057940737,0
synthetic_A#1558,0,BENIGN,test_benign,1.1861239406757282,0.029653098516893205,0
synthetic_A#3721,0,BENIGN,test_benign,1.1061269819851338,0.027653174549628345,0
synthetic_A#3620,0,BENIGN,test_benign,0.20267331053201051,0.005066832763300263,0
synthetic_A#2627,0,BENIGN,test_benign,1.7007602624202054,0.04251900656050513,0
synthetic_A#6582,0,BENIGN,test_benign,0.4251438234020996,0.01062859558505249,0
synthetic_A#418,0,BENIGN,test_benign,0.6918328694329572,0.01729582173582393,0
synthetic_A#5608,0,BENIGN,test_benign,1.75286060103195,0.04382151502579875,0
synthetic_A#1782,0,BENIGN,test_benign,1.1300873471706336,0.02825218367926584,0
synthetic_A#3248,0,BENIGN,test_benign,0.5680238831804262,0.014200597079510654,0
synthetic_A#6678,0,BENIGN,test_benign,0.5634659014358125,0.014086647535895313,0
synthetic_A#4962,0,BENIGN,test_benign,2.311598806867971,0.057789970171699276,0
synthetic_A#7945,0,BENIGN,test_benign,0.2986194574471277,0.007465486436178193,0
synthetic_A#293,0,BENIGN,test_benign,0.518887106987206,0.01297217767468015,0
synthetic_A#5848,0,BENIGN,test_benign,0.3518309290486627,0.008795773226216568,0
synthetic_A#3647,0,BENIGN,test_benign,0.06780104337608536,0.001695026084402134,0
synthetic_A#7030,0,BENIGN,test_benign,1.1318492852248419,0.028296232130621046,0
synthetic_A#6587,0,BENIGN,test_benign,1713.6965565687897,42.84241391421974,1
synthetic_A#5798,0,BENIGN,test_benign,29.82976110568265,0.7457440276420663,1
synthetic_A#7539,0,BENIGN,test_benign,0.239940275143946,0.00599850687859865,0
synthetic_A#2684,0,BENIGN,test_benign,0.190751477220237,0.004768786930505925,0
synthetic_A#1149,0,BENIGN,test_benign,1.237044683635926,0.030926117090898146,0
synthetic_A#1755,0,BENIGN,test_benign,0.9029345499386845,0.022573363748467114,0
synthetic_A#6808,0,BENIGN,test_benign,0.3397068231556856,0.00849267057889214,0
synthetic_A#1721,0,BENIGN,test_benign,0.08959886501563503,0.0022399716253908757,0
synthetic_A#6422,0,BENIGN,test_benign,3.4829488380564966,0.08707372095141241,0
synthetic_A#6050,0,BENIGN,test_benign,0.1449919752702631,0.003624799381756578,0
synthetic_A#2685,0,BENIGN,test_benign,0.25669226471898726,0.006417306617974681,0
synthetic_A#3527,0,BENIGN,test_benign,0.9165175331687218,0.022912938329218042,0
synthetic_A#2571,0,BENIGN,test_benign,1.783244819629136,0.0445811204907284,0
synthetic_A#2348,0,BENIGN,test_benign,3.7474850961418054,0.09368712740354514,0
synthetic_A#5709,0,BENIGN,test_benign,0.3810709161607887,0.009526772904019718,0
synthetic_A#4454,0,BENIGN,test_benign,0.4103533179784897,0.010258832949462242,0
synthetic_A#2312,0,BENIGN,test_benign,2.4294095579495103,0.06073523894873776,0
synthetic_A#7043,0,BENIGN,test_benign,2.6618119140802645,0.06654529785200661,0
synthetic_A#7784,0,BENIGN,test_benign,0.1278139099008141,0.0031953477475203523,0
synthetic_A#5149,0,BENIGN,test_benign,1.0459832669302151,0.02614958167325538,0
synthetic_A#6630,0,BENIGN,test_benign,0.7806350669258999,0.019515876673147498,0
synthetic_A#4102,0,BENIGN,test_benign,0.10234458925203432,0.0025586147313008583,0
synthetic_A#6812,0,BENIGN,test_benign,0.22068319706186534,0.005517079926546634,0
synthetic_A#4908,0,BENIGN,test_benign,0.1457684692102352,0.00364421173025588,0
synthetic_A#373,0,BENIGN,test_benign,0.7001778296253941,0.017504445740634852,0
synthetic_A#6279,0,BENIGN,test_benign,0.31410498804109127,0.007852624701027282,0
synthetic_A#5783,0,BENIGN,test_benign,0.10686464375680402,0.0026716160939201004,0
synthetic_A#1867,0,BENIGN,test_benign,1.1756254737581435,0.02939063684395359,0
synthetic_A#6734,0,BENIGN,test_benign,2.364387968932908,0.059109699223322695,0
synthetic_A#4392,0,BENIGN,test_benign,50.223653701550454,1.2555913425387613,1
synthetic_A#5459,0,BENIGN,test_benign,0.4563653041979654,0.011409132604949135,0
synthetic_A#1746,0,BENIGN,test_benign,0.30012290855748913,0.007503072713937228,0
synthetic_A#2441,0,BENIGN,test_benign,1.4434533982667963,0.03608633495666991,0
synthetic_A#4786,0,BENIGN,test_benign,0.2144315473575836,0.00536078868393959,0
synthetic_A#4338,0,BENIGN,test_benign,0.23582611155268307,0.005895652788817077,0
synthetic_A#4251,0,BENIGN,test_benign,0.05995386664245202,0.0014988466660613004,0
synthetic_A#2288,0,BENIGN,test_benign,1.2654927400912566,0.031637318502281415,0
synthetic_A#3033,0,BENIGN,test_benign,6.253202232498899,0.15633005581247247,0
synthetic_A#2638,0,BENIGN,test_benign,0.3251139558646712,0.008127848896616779,0
synthetic_A#1393,0,BENIGN,test_benign,0.19862717453469053,0.004965679363367263,0
synthetic_A#812,0,BENIGN,test_benign,0.1850778882444063,0.004626947206110158,0
synthetic_A#5060,0,BENIGN,test_benign,0.07690821078820761,0.0019227052697051903,0
synthetic_A#1858,0,BENIGN,test_benign,0.06161698820362563,0.0015404247050906407,0
synthetic_A#1869,0,BENIGN,test_benign,0.27817399714299607,0.006954349928574901,0
synthetic_A#6110,0,BENIGN,test_benign,0.44737503279408775,0.011184375819852193,0
synthetic_A#2874,0,BENIGN,test_benign,0.4065157481520433,0.010162893703801083,0
synthetic_A#4387,0,BENIGN,test_benign,0.6605007071679938,0.016512517679199847,0
synthetic_A#4769,0,BENIGN,test_benign,0.6572419298047638,0.016431048245119095,0
synthetic_A#6364,0,BENIGN,test_benign,3.309735273055645,0.08274338182639113,0
synthetic_A#7254,0,BENIGN,test_benign,0.15228498826755413,0.003807124706688853,0
synthetic_A#2283,0,BENIGN,test_benign,0.35035031677550926,0.008758757919387732,0
synthetic_A#1720,0,BENIGN,test_benign,0.7673856989414791,0.01918464247353698,0
synthetic_A#4588,0,BENIGN,test_benign,1.5967125987523985,0.03991781496880996,0
synthetic_A#3532,0,BENIGN,test_benign,1.6816503381578052,0.04204125845394513,0
synthetic_A#7265,0,BENIGN,test_benign,0.4588610583032271,0.011471526457580677,0
synthetic_A#921,0,BENIGN,test_benign,0.12478134210528086,0.0031195335526320216,0
synthetic_A#322,0,BENIGN,test_benign,1.388347471514611,0.034708686787865276,0
synthetic_A#7213,0,BENIGN,test_benign,0.34890479953510956,0.008722619988377738,0
synthetic_A#6913,0,BENIGN,test_benign,1.736267263256296,0.043406681581407404,0
synthetic_A#6188,0,BENIGN,test_benign,3.2018997153747106,0.08004749288436777,0
synthetic_A#3469,0,BENIGN,test_benign,0.5032338416297619,0.012580846040744048,0
synthetic_A#5366,0,BENIGN,test_benign,0.5104645639351305,0.012761614098378263,0
synthetic_A#7931,0,BENIGN,test_benign,0.7918342800119604,0.01979585700029901,0
synthetic_A#7658,0,BENIGN,test_benign,0.14743000073862172,0.003685750018465543,0
synthetic_A#4993,0,BENIGN,test_benign,3.5430253269935776,0.08857563317483944,0
synthetic_A#231,0,BENIGN,test_benign,1.1473516512498159,0.028683791281245395,0
synthetic_A#1941,0,BENIGN,test_benign,0.20848504022784686,0.005212126005696172,0
synthetic_A#6880,0,BENIGN,test_benign,0.12431469118279025,0.003107867279569756,0
synthetic_A#7241,0,BENIGN,test_benign,0.12632669457682463,0.003158167364420616,0
synthetic_A#1079,0,BENIGN,test_benign,1.3034972675688223,0.032587431689220556,0
synthetic_A#7979,0,BENIGN,test_benign,7.662242370528396,0.1915560592632099,0
synthetic_A#1115,0,BENIGN,test_benign,0.11706452952291838,0.0029266132380729596,0
synthetic_A#6093,0,BENIGN,test_benign,0.16875532914998476,0.004218883228749619,0
synthetic_A#6832,0,BENIGN,test_benign,5.285750163957412,0.1321437540989353,0
synthetic_A#1467,0,BENIGN,test_benign,1.7506134096247954,0.04376533524061989,0
synthetic_A#5768,0,BENIGN,test_benign,0.6772365481127482,0.016930913702818705,0
synthetic_A#5714,0,BENIGN,test_benign,0.26470425203102954,0.006617606300775738,0
synthetic_A#1578,0,BENIGN,test_benign,0.2736754376536311,0.006841885941340778,0
synthetic_A#6958,0,BENIGN,test_benign,0.10990257995494171,0.002747564498873543,0
synthetic_A#6861,0,BENIGN,test_benign,0.15193397688585578,0.0037983494221463946,0
synthetic_A#2126,0,BENIGN,test_benign,8.812499935207892,0.2203124983801973,0
synthetic_A#6202,0,BENIGN,test_benign,0.2943540619510995,0.007358851548777487,0
synthetic_A#1450,0,BENIGN,test_benign,0.8123027813983109,0.020307569534957774,0
synthetic_A#5067,0,BENIGN,test_benign,2.0853299814051325,0.05213324953512831,0
synthetic_A#3049,0,BENIGN,test_benign,3.106005593972142,0.07765013984930355,0
synthetic_A#5007,0,BENIGN,test_benign,0.2457966781694403,0.006144916954236008,0
synthetic_A#5328,0,BENIGN,test_benign,0.6997702728607051,0.017494256821517628,0
synthetic_A#7601,0,BENIGN,test_benign,0.2110097122684793,0.005275242806711983,0
synthetic_A#6128,0,BENIGN,test_benign,0.8085932459892617,0.020214831149731542,0
synthetic_A#7824,0,BENIGN,test_benign,0.2302657485554395,0.005756643713885987,0
synthetic_A#5397,0,BENIGN,test_benign,0.5311992286700273,0.013279980716750683,0
synthetic_A#1488,0,BENIGN,test_benign,0.38052497460549,0.00951312436513725,0
synthetic_A#7278,0,BENIGN,test_benign,0.25533920448293357,0.006383480112073339,0
synthetic_A#5488,0,BENIGN,test_benign,6.674562623549271,0.16686406558873176,0
synthetic_A#5274,0,BENIGN,test_benign,0.9702959903938684,0.02425739975984671,0
synthetic_A#7827,0,BENIGN,test_benign,0.0887188632591683,0.0022179715814792077,0
synthetic_A#5648,0,BENIGN,test_benign,0.8236266436868633,0.020590666092171583,0
synthetic_A#2825,0,BENIGN,test_benign,0.06074935928698537,0.0015187339821746341,0
synthetic_A#1514,0,BENIGN,test_benign,0.09440989798194972,0.002360247449548743,0
synthetic_A#265,0,BENIGN,test_benign,0.5071365368591654,0.012678413421479134,0
synthetic_A#0,0,BENIGN,test_benign,0.1472936605604412,0.0036823415140110295,0
synthetic_A#1451,0,BENIGN,test_benign,0.3008304380079041,0.0075207609501976025,0
synthetic_A#3608,0,BENIGN,test_benign,0.5671306297758192,0.01417826574439548,0
synthetic_A#4982,0,BENIGN,test_benign,1.1667903781395728,0.02916975945348932,0
synthetic_A#2899,0,BENIGN,test_benign,1.537466191933453,0.03843665479833632,0
synthetic_A#7811,0,BENIGN,test_benign,0.2336358522750029,0.005840896306875072,0
synthetic_A#838,0,BENIGN,test_benign,2.7522598947004773,0.06880649736751193,0
synthetic_A#14,0,BENIGN,test_benign,1.4279032424310776,0.03569758106077694,0
synthetic_A#3918,0,BENIGN,test_benign,0.32106856444932885,0.008026714111233221,0
synthetic_A#4617,0,BENIGN,test_benign,1.071576438050526,0.026789410951263148,0
synthetic_A#7376,0,BENIGN,test_benign,0.35073529994581065,0.008768382498645266,0
synthetic_A#6965,0,BENIGN,test_benign,0.6741059483962193,0.016852648709905483,0
synthetic_A#8,0,BENIGN,test_benign,0.10744142208227898,0.0026860355520569746,0
synthetic_A#6504,0,BENIGN,test_benign,0.18417610719161098,0.004604402679790275,0
synthetic_A#2905,0,BENIGN,test_benign,0.39077035488881107,0.009769258872220276,0
synthetic_A#2249,0,BENIGN,test_benign,0.4782209054301573,0.011955522635753932,0
synthetic_A#1039,0,BENIGN,test_benign,2.3780063661677096,0.05945015915419274,0
synthetic_A#3905,0,BENIGN,test_benign,9.82490054412668,0.24562251360316698,0
synthetic_A#6034,0,BENIGN,test_benign,0.65860603633122,0.016465150908280497,0
synthetic_A#3616,0,BENIGN,test_benign,0.8136161407220572,0.02034040351805143,0
synthetic_A#7701,0,BENIGN,test_benign,0.30585179108192506,0.007646294777048127,0
synthetic_A#3680,0,BENIGN,test_benign,0.08031688093706128,0.002007922023426532,0
synthetic_A#339,0,BENIGN,test_benign,0.5628890057115976,0.01407222514278994,0
synthetic_A#121,0,BENIGN,test_benign,0.24915886295731132,0.006228971573932783,0
synthetic_A#5458,0,BENIGN,test_benign,0.23769353027746248,0.0059423382569365624,0
synthetic_A#6399,0,BENIGN,test_benign,0.21015950151040713,0.005253987537760178,0
synthetic_A#1090,0,BENIGN,test_benign,0.2884019338592178,0.007210048346480445,0
synthetic_A#6411,0,BENIGN,test_benign,0.9798263611739304,0.02449565902934826,0
synthetic_A#1372,0,BENIGN,test_benign,0.2600740598215344,0.006501851495538361,0
synthetic_A#6021,0,BENIGN,test_benign,0.48483560975400497,0.012120890243850125,0
synthetic_A#1317,0,BENIGN,test_benign,0.14413371961812188,0.003603342990453047,0
synthetic_A#622,0,BENIGN,test_benign,2.2021610779008025,0.05505402694752006,0
synthetic_A#1419,0,BENIGN,test_benign,0.18340109728407408,0.004585027432101852,0
synthetic_A#6067,0,BENIGN,test_benign,0.25067251888921604,0.006266812972230401,0
synthetic_A#7914,0,BENIGN,test_benign,0.1902868928518608,0.004757172321296519,0
synthetic_A#2499,0,BENIGN,test_benign,4.6278992248572,0.11569748062143,0
synthetic_A#4328,0,BENIGN,test_benign,0.145706352950291,0.003642658823757275,0
synthetic_A#3720,0,BENIGN,test_benign,1.4706818039068714,0.036767045097671786,0
synthetic_A#4998,0,BENIGN,test_benign,0.1607720521136458,0.004019301302841146,0
synthetic_A#3143,0,BENIGN,test_benign,2.3960180276821434,0.05990045069205359,0
synthetic_A#1410,0,BENIGN,test_benign,0.7886708050311464,0.01971677012577866,0
synthetic_A#4482,0,BENIGN,test_benign,0.30721561231508626,0.0076803903078771565,0
synthetic_A#2821,0,BENIGN,test_benign,1.047945102971501,0.026198627574287526,0
synthetic_A#889,0,BENIGN,test_benign,0.2141822207403702,0.005354555518509255,0
synthetic_A#6252,0,BENIGN,test_benign,2.428906333180249,0.06072265832950623,0
synthetic_A#7108,0,BENIGN,test_benign,0.15289047154961172,0.003822261788740293,0
synthetic_A#7116,0,BENIGN,test_benign,0.6668111077594447,0.01667027769398612,0
synthetic_A#7536,0,BENIGN,test_benign,17.37562422395454,0.43439060559886344,0
synthetic_A#7879,0,BENIGN,test_benign,0.49154299936198265,0.012288574984049566,0
synthetic_A#4818,0,BENIGN,test_benign,0.28297739238298775,0.007074434809574694,0
synthetic_A#196,0,BENIGN,test_benign,0.753613268836266,0.01884033172090665,0
synthetic_A#6438,0,BENIGN,test_benign,2.1634857059006856,0.05408714264751714,0
synthetic_A#4055,0,BENIGN,test_benign,0.13344539499309066,0.0033361348748272663,0
synthetic_A#415,0,BENIGN,test_benign,0.5373672380115497,0.013434180950288744,0
synthetic_A#3217,0,BENIGN,test_benign,1.7664599471257982,0.04416149867814496,0
synthetic_A#7212,0,BENIGN,test_benign,0.07191922155061899,0.0017979805387654747,0
synthetic_A#4663,0,BENIGN,test_benign,0.2650382841530853,0.006625957103827132,0
synthetic_A#432,0,BENIGN,test_benign,0.2101766970824065,0.005254417427060162,0
synthetic_A#6192,0,BENIGN,test_benign,4.248931239442355,0.10622328098605886,0
synthetic_A#3939,0,BENIGN,test_benign,2.3939553470284807,0.05984888367571202,0
synthetic_A#3454,0,BENIGN,test_benign,0.627740170944814,0.015693504273620353,0
synthetic_A#7546,0,BENIGN,test_benign,5.243168719420694,0.13107921798551736,0
synthetic_A#3734,0,BENIGN,test_benign,0.20889498761078182,0.005222374690269546,0
synthetic_A#2157,0,BENIGN,test_benign,0.17043544317068388,0.0042608860792670965,0
synthetic_A#5430,0,BENIGN,test_benign,0.06520592603928158,0.0016301481509820395,0
synthetic_A#1108,0,BENIGN,test_benign,0.895010129368234,0.02237525323420585,0
synthetic_A#5628,0,BENIGN,test_benign,0.2650636486573548,0.00662659121643387,0
synthetic_A#7821,0,BENIGN,test_benign,2.4714887504952614,0.06178721876238154,0
synthetic_A#2280,0,BENIGN,test_benign,0.9629938787634967,0.02407484696908742,0
synthetic_A#6712,0,BENIGN,test_benign,0.5821580320460258,0.014553950801150645,0
synthetic_A#7225,0,BENIGN,test_benign,0.1993272762592595,0.004983181906481488,0
synthetic_A#3071,0,BENIGN,test_benign,0.21468800220660567,0.0053672000551651415,0
synthetic_A#1195,0,BENIGN,test_benign,2.006584861253342,0.05016462153133355,0
synthetic_A#3481,0,BENIGN,test_benign,2.009342097555086,0.05023355243887715,0
synthetic_A#5751,0,BENIGN,test_benign,0.2857205431467129,0.007143013578667823,0
synthetic_A#604,0,BENIGN,test_benign,0.3260428988169448,0.00815107247042362,0
synthetic_A#3107,0,BENIGN,test_benign,0.1451565071719998,0.003628912679299995,0
synthetic_A#880,0,BENIGN,test_benign,0.1362117763473168,0.0034052944086829197,0
synthetic_A#1219,0,BENIGN,test_benign,3.265949987552597,0.08164874968881493,0
synthetic_A#2648,0,BENIGN,test_benign,0.762797518473574,0.01906993796183935,0
synthetic_A#2457,0,BENIGN,test_benign,0.22310653191859425,0.005577663297964856,0
synthetic_A#6366,0,BENIGN,test_benign,2.0238984345442743,0.050597460863606857,0
synthetic_A#5780,0,BENIGN,test_benign,0.2896503529177825,0.007241258822944563,0
synthetic_A#5123,0,BENIGN,test_benign,1.5151213074512837,0.03787803268628209,0
synthetic_A#4325,0,BENIGN,test_benign,0.14846531768387933,0.003711632942096983,0
synthetic_A#6852,0,BENIGN,test_benign,28.09751381878971,0.7024378454697427,1
synthetic_A#5357,0,BENIGN,test_benign,0.07319437655658509,0.0018298594139146273,0
synthetic_A#1897,0,BENIGN,test_benign,1.4899747774967855,0.03724936943741964,0
synthetic_A#3984,0,BENIGN,test_benign,0.46767121339452594,0.011691780334863148,0
synthetic_A#1706,0,BENIGN,test_benign,0.18418467548539588,0.004604616887134897,0
synthetic_A#1158,0,BENIGN,test_benign,0.3887977040935918,0.009719942602339795,0
synthetic_A#7046,0,BENIGN,test_benign,0.174169388786655,0.004354234719666375,0
synthetic_A#4086,0,BENIGN,test_benign,0.1566306090801322,0.003915765227003305,0
synthetic_A#6286,0,BENIGN,test_benign,7.192631856496838,0.17981579641242096,0
synthetic_A#4373,0,BENIGN,test_benign,2.372486404747839,0.05931216011869598,0
synthetic_A#2629,0,BENIGN,test_benign,0.5177734475631388,0.01294433618907847,0
synthetic_A#7804,0,BENIGN,test_benign,0.12944314506309626,0.0032360786265774066,0
synthetic_A#5288,0,BENIGN,test_benign,0.1671941994686401,0.0041798549867160025,0
synthetic_A#4382,0,BENIGN,test_benign,0.6591870513912583,0.016479676284781457,0
synthetic_A#1870,0,BENIGN,test_benign,1.7157423818986612,0.04289355954746653,0
synthetic_A#5814,0,BENIGN,test_benign,0.31339984386970315,0.00783499609674258,0
synthetic_A#1864,0,BENIGN,test_benign,0.22754228298956874,0.005688557074739219,0
synthetic_A#4537,0,BENIGN,test_benign,0.14401560162664173,0.003600390040666043,0
synthetic_A#7443,0,BENIGN,test_benign,0.304134995037346,0.00760337487593365,0
synthetic_A#2997,0,BENIGN,test_benign,12.93665249477188,0.323416312369297,0
synthetic_A#904,0,BENIGN,test_benign,1.1442634488755725,0.028606586221889312,0
synthetic_A#1446,0,BENIGN,test_benign,17.4918178088542,0.437295445221355,0
synthetic_A#7504,0,BENIGN,test_benign,0.5982540378874481,0.014956350947186203,0
synthetic_A#4830,0,BENIGN,test_benign,0.04880218147038973,0.0012200545367597431,0
synthetic_A#1886,0,BENIGN,test_benign,1.8587285007229868,0.04646821251807467,0
synthetic_A#7802,0,BENIGN,test_benign,0.20466007187664725,0.005116501796916181,0
synthetic_A#5928,0,BENIGN,test_benign,0.274538590794123,0.006863464769853075,0
synthetic_A#5210,0,BENIGN,test_benign,0.18951379845018984,0.004737844961254746,0
synthetic_A#1565,0,BENIGN,test_benign,2.623434029522382,0.06558585073805955,0
synthetic_A#3795,0,BENIGN,test_benign,2.8868944504492022,0.07217236126123006,0
synthetic_A#7533,0,BENIGN,test_benign,0.9410833488577134,0.023527083721442833,0
synthetic_A#4209,0,BENIGN,test_benign,1.311029227288588,0.0327757306822147,0
synthetic_A#2388,0,BENIGN,test_benign,1.1887408772950416,0.029718521932376042,0
synthetic_A#6139,0,BENIGN,test_benign,0.4019198353971366,0.010047995884928416,0
synthetic_A#3221,0,BENIGN,test_benign,0.4353207272039836,0.010883018180099591,0
synthetic_A#3296,0,BENIGN,test_benign,0.23566842855797568,0.005891710713949392,0
synthetic_A#2623,0,BENIGN,test_benign,0.10809320572936362,0.0027023301432340906,0
synthetic_A#4561,0,BENIGN,test_benign,0.20517300325657178,0.005129325081414294,0
synthetic_A#2399,0,BENIGN,test_benign,0.4715096723442409,0.011787741808606023,0
synthetic_A#5257,0,BENIGN,test_benign,0.8371830340671234,0.020929575851678085,0
synthetic_A#2303,0,BENIGN,test_benign,0.19490971305455668,0.004872742826363917,0
synthetic_A#4913,0,BENIGN,test_benign,0.4498909691649674,0.011247274229124185,0
synthetic_A#5193,0,BENIGN,test_benign,0.15448398247855938,0.0038620995619639844,0
synthetic_A#4302,0,BENIGN,test_benign,0.09827104614451526,0.0024567761536128815,0
synthetic_A#6153,0,BENIGN,test_benign,0.48636045927066385,0.012159011481766596,0
synthetic_A#4615,0,BENIGN,test_benign,0.8022208289070887,0.020055520722677217,0
synthetic_A#254,0,BENIGN,test_benign,0.11749060674315165,0.0029372651685787912,0
synthetic_A#5281,0,BENIGN,test_benign,0.17600376699676884,0.004400094174919221,0
synthetic_A#1113,0,BENIGN,test_benign,0.5647513927463261,0.014118784818658154,0
synthetic_A#2260,0,BENIGN,test_benign,3.1252248139832255,0.07813062034958064,0
synthetic_A#221,0,BENIGN,test_benign,0.1326301225147302,0.0033157530628682547,0
synthetic_A#267,0,BENIGN,test_benign,0.1949635481064511,0.004874088702661278,0
synthetic_A#107,0,BENIGN,test_benign,0.29198664832061727,0.007299666208015432,0
synthetic_A#4727,0,BENIGN,test_benign,0.22204558112466197,0.005551139528116549,0
synthetic_A#1226,0,BENIGN,test_benign,0.39317812967856225,0.009829453241964057,0
synthetic_A#2835,0,BENIGN,test_benign,0.31389790806382356,0.00784744770159559,0
synthetic_A#5711,0,BENIGN,test_benign,0.8579265495332165,0.02144816373833041,0
synthetic_A#7294,0,BENIGN,test_benign,0.1869793238470142,0.004674483096175355,0
synthetic_A#5570,0,BENIGN,test_benign,0.416877926414689,0.010421948160367225,0
synthetic_A#1512,0,BENIGN,test_benign,2.3388641340334635,0.058471603350836586,0
synthetic_A#5035,0,BENIGN,test_benign,1.2144759946827148,0.03036189986706787,0
synthetic_A#3203,0,BENIGN,test_benign,0.3425017951645847,0.008562544879114616,0
synthetic_A#303,0,BENIGN,test_benign,0.12259135061913036,0.003064783765478259,0
synthetic_A#4428,0,BENIGN,test_benign,0.6029282143324797,0.015073205358311992,0
synthetic_A#4101,0,BENIGN,test_benign,6.714239042538427,0.16785597606346067,0
synthetic_A#3693,0,BENIGN,test_benign,1.990396110663613,0.04975990276659033,0
synthetic_A#4942,0,BENIGN,test_benign,0.09990121426327986,0.0024975303565819965,0
synthetic_A#7361,0,BENIGN,test_benign,0.16908009025834791,0.004227002256458698,0
synthetic_A#1210,0,BENIGN,test_benign,0.5262330287840024,0.01315582571960006,0
synthetic_A#5307,0,BENIGN,test_benign,1.7302259559557336,0.04325564889889334,0
synthetic_A#2957,0,BENIGN,test_benign,0.43210716949408445,0.010802679237352111,0
synthetic_A#6919,0,BENIGN,test_benign,0.3501054926107645,0.008752637315269114,0
synthetic_A#1436,0,BENIGN,test_benign,0.17154997726495322,0.00428874943162383,0
synthetic_A#5979,0,BENIGN,test_benign,0.8858336761401553,0.022145841903503882,0
synthetic_A#7753,0,BENIGN,test_benign,0.954560317368554,0.023864007934213848,0
synthetic_A#5492,0,BENIGN,test_benign,0.143161889788928,0.0035790472447231997,0
synthetic_A#376,0,BENIGN,test_benign,0.25007483080393544,0.006251870770098386,0
synthetic_A#2688,0,BENIGN,test_benign,2.896775743195735,0.07241939357989338,0
synthetic_A#2115,0,BENIGN,test_benign,0.13661079591488642,0.0034152698978721606,0
synthetic_A#7219,0,BENIGN,test_benign,1.5131741618559131,0.037829354046397826,0
synthetic_A#755,0,BENIGN,test_benign,0.7405198428789925,0.018512996071974812,0
synthetic_A#291,0,BENIGN,test_benign,24.121814019337414,0.6030453504834353,1
synthetic_A#2995,0,BENIGN,test_benign,0.9297193715364266,0.023242984288410665,0
synthetic_A#4058,0,BENIGN,test_benign,0.7941876398480865,0.019854690996202164,0
synthetic_A#1543,0,BENIGN,test_benign,0.29262544439813465,0.007315636109953366,0
synthetic_A#4160,0,BENIGN,test_benign,0.09698469683664777,0.0024246174209161943,0
synthetic_A#188,0,BENIGN,test_benign,0.33240876694465604,0.008310219173616401,0
synthetic_A#4925,0,BENIGN,test_benign,1.8056009414687129,0.045140023536717824,0
synthetic_A#1201,0,BENIGN,test_benign,0.17893556107080966,0.004473389026770242,0
synthetic_A#7478,0,BENIGN,test_benign,0.8202320165576663,0.020505800413941656,0
synthetic_A#6558,0,BENIGN,test_benign,0.6764936034649582,0.016912340086623956,0
synthetic_A#1536,0,BENIGN,test_benign,0.2756120965748811,0.006890302414372028,0
synthetic_A#7592,0,BENIGN,test_benign,0.31287802945794235,0.00782195073644856,0
synthetic_A#4597,0,BENIGN,test_benign,0.5269770674785629,0.013174426686964072,0
synthetic_A#501,0,BENIGN,test_benign,2.2700551278986434,0.05675137819746608,0
synthetic_A#4679,0,BENIGN,test_benign,0.17056487758527233,0.004264121939631808,0
synthetic_A#3106,0,BENIGN,test_benign,0.8870227966737532,0.02217556991684383,0
synthetic_A#2647,0,BENIGN,test_benign,0.0915955277207847,0.0022898881930196176,0
synthetic_A#1539,0,BENIGN,test_benign,0.8399850269666631,0.020999625674166578,0
synthetic_A#3980,0,BENIGN,test_benign,6.202971552242795,0.15507428880606988,0
synthetic_A#4475,0,BENIGN,test_benign,0.22616108503093987,0.0056540271257734965,0
synthetic_A#4709,0,BENIGN,test_benign,0.36703786158050977,0.009175946539512744,0
synthetic_A#6835,0,BENIGN,test_benign,1.949453415224459,0.04873633538061147,0
synthetic_A#7406,0,BENIGN,test_benign,0.31831110327153966,0.007957777581788492,0
synthetic_A#672,0,BENIGN,test_benign,0.8893972218667112,0.02223493054666778,0
synthetic_A#6904,0,BENIGN,test_benign,0.5477415805465857,0.013693539513664643,0
synthetic_A#6672,0,BENIGN,test_benign,0.6517892670332321,0.016294731675830804,0
synthetic_A#6981,0,BENIGN,test_benign,0.0674133415993359,0.0016853335399833976,0
synthetic_A#2476,0,BENIGN,test_benign,0.31001483474245506,0.007750370868561377,0
synthetic_A#4204,0,BENIGN,test_benign,1.784977074701874,0.04462442686754685,0
synthetic_A#6980,0,BENIGN,test_benign,1.7325240440378602,0.04331310110094651,0
synthetic_A#6405,0,BENIGN,test_benign,0.9344857186795001,0.023362142966987503,0
synthetic_A#7615,0,BENIGN,test_benign,0.30747001290237047,0.007686750322559261,0
synthetic_A#6276,0,BENIGN,test_benign,0.4369292484241625,0.010923231210604062,0
synthetic_A#1192,0,BENIGN,test_benign,0.21240137584123958,0.005310034396030989,0
synthetic_A#6820,0,BENIGN,test_benign,0.5897134079819775,0.014742835199549437,0
synthetic_A#7962,0,BENIGN,test_benign,2.4761955580058896,0.061904888950147244,0
synthetic_A#6429,0,BENIGN,test_benign,0.14449922400585785,0.0036124806001464464,0
synthetic_A#7207,0,BENIGN,test_benign,2.7248138393887036,0.06812034598471758,0
synthetic_A#1513,0,BENIGN,test_benign,0.6048679886741386,0.015121699716853464,0
synthetic_A#216,0,BENIGN,test_benign,0.32957490861191907,0.008239372715297977,0
synthetic_A#4604,0,BENIGN,test_benign,0.06715828691804658,0.0016789571729511645,0
synthetic_A#5425,0,BENIGN,test_benign,0.8430453540625131,0.021076133851562828,0
synthetic_A#421,0,BENIGN,test_benign,0.07534948649072287,0.0018837371622680717,0
synthetic_A#505,0,BENIGN,test_benign,1.454044463498439,0.036351111587460974,0
synthetic_A#5316,0,BENIGN,test_benign,0.20821759369461568,0.005205439842365392,0
synthetic_A#7115,0,BENIGN,test_benign,0.16785875567970035,0.004196468891992509,0
synthetic_A#4458,0,BENIGN,test_benign,1.7367871919963105,0.04341967979990776,0
synthetic_A#3070,0,BENIGN,test_benign,0.29886296543438917,0.00747157413585973,0
synthetic_A#1582,0,BENIGN,test_benign,0.2217134077462343,0.005542835193655857,0
synthetic_A#506,0,BENIGN,test_benign,8.360506072082131,0.20901265180205328,0
synthetic_A#2177,0,BENIGN,test_benign,0.13102757859866054,0.0032756894649665137,0
synthetic_A#7685,0,BENIGN,test_benign,0.22542823829115483,0.00563570595727887,0
synthetic_A#7002,0,BENIGN,test_benign,0.3217110057409315,0.008042775143523287,0
synthetic_A#4844,0,BENIGN,test_benign,0.2804595573138282,0.007011488932845705,0
synthetic_A#6478,0,BENIGN,test_benign,0.09049627929871128,0.002262406982467782,0
synthetic_A#7451,0,BENIGN,test_benign,4.145839531794026,0.10364598829485065,0
synthetic_A#1965,0,BENIGN,test_benign,0.29057500036213024,0.007264375009053256,0
synthetic_A#4140,0,BENIGN,test_benign,0.2498005079304283,0.006245012698260707,0
synthetic_A#3611,0,BENIGN,test_benign,0.48317743652184586,0.012079435913046147,0
synthetic_A#4098,0,BENIGN,test_benign,0.20198132791200912,0.005049533197800228,0
synthetic_A#3350,0,BENIGN,test_benign,0.07726287874104956,0.001931571968526239,0
synthetic_A#6468,0,BENIGN,test_benign,40.056351674590005,1.00140879186475,1
synthetic_A#5130,0,BENIGN,test_benign,0.6806911828932218,0.017017279572330547,0
synthetic_A#2577,0,BENIGN,test_benign,0.12721741069620232,0.003180435267405058,0
synthetic_A#347,0,BENIGN,test_benign,0.24181523914002218,0.006045380978500554,0
synthetic_A#7065,0,BENIGN,test_benign,1.055064939242385,0.026376623481059625,0
synthetic_A#6715,0,BENIGN,test_benign,0.40550959908362605,0.010137739977090651,0
synthetic_A#333,0,BENIGN,test_benign,23.039428352139602,0.5759857088034901,1
synthetic_A#4827,0,BENIGN,test_benign,0.2268498923839207,0.005671247309598017,0
synthetic_A#6946,0,BENIGN,test_benign,8.197313215722305,0.20493283039305762,0
synthetic_A#7955,0,BENIGN,test_benign,0.3799709264979376,0.009499273162448441,0
synthetic_A#3393,0,BENIGN,test_benign,1.1158262454134786,0.027895656135336965,0
synthetic_A#6590,0,BENIGN,test_benign,2.798130607463702,0.06995326518659255,0
synthetic_A#7001,0,BENIGN,test_benign,0.715008653654938,0.01787521634137345,0
synthetic_A#6173,0,BENIGN,test_benign,0.1889717469592719,0.0047242936739817975,0
synthetic_A#7492,0,BENIGN,test_benign,0.36968000112434307,0.009242000028108576,0
synthetic_A#3621,0,BENIGN,test_benign,0.1838567635102739,0.004596419087756848,0
synthetic_A#5520,0,BENIGN,test_benign,0.2906314604134801,0.0072657865103370025,0
synthetic_A#746,0,BENIGN,test_benign,1.0538554817935426,0.026346387044838566,0
synthetic_A#1563,0,BENIGN,test_benign,1.0559772432479888,0.02639943108119972,0
synthetic_A#7922,0,BENIGN,test_benign,0.11285262098851717,0.0028213155247129294,0
synthetic_A#3038,0,BENIGN,test_benign,0.09772219734201228,0.002443054933550307,0
synthetic_A#3307,0,BENIGN,test_benign,1.5936317791461838,0.039840794478654594,0
synthetic_A#4618,0,BENIGN,test_benign,28.28768166548557,0.7071920416371393,1
synthetic_A#6434,0,BENIGN,test_benign,0.6555252941616034,0.016388132354040085,0
synthetic_A#2275,0,BENIGN,test_benign,39.56929966158899,0.9892324915397248,1
synthetic_A#6870,0,BENIGN,test_benign,1.4249023342200786,0.03562255835550197,0
synthetic_A#2333,0,BENIGN,test_benign,1.500303860021928,0.037507596500548204,0
synthetic_A#2992,0,BENIGN,test_benign,0.9063101365293149,0.022657753413232874,0
synthetic_A#5896,0,BENIGN,test_benign,0.8491788229069059,0.02122947057267265,0
synthetic_A#6386,0,BENIGN,test_benign,1.5758917015367495,0.03939729253841874,0
synthetic_A#7397,0,BENIGN,test_benign,0.16723764127318103,0.004180941031829526,0
synthetic_A#2927,0,BENIGN,test_benign,0.1400041989638615,0.0035001049740965373,0
synthetic_A#259,0,BENIGN,test_benign,0.10007268389186448,0.002501817097296612,0
synthetic_A#7328,0,BENIGN,test_benign,0.45210182323257264,0.011302545580814316,0
synthetic_A#5704,0,BENIGN,test_benign,0.11379490339422998,0.00284487258485575,0
synthetic_A#5312,0,BENIGN,test_benign,0.2506528498159222,0.006266321245398054,0
synthetic_A#6787,0,BENIGN,test_benign,0.21046428903262623,0.005261607225815656,0
synthetic_A#380,0,BENIGN,test_benign,0.22051189054589593,0.005512797263647398,0
synthetic_A#5168,0,BENIGN,test_benign,0.4848771373865869,0.012121928434664673,0
synthetic_A#2569,0,BENIGN,test_benign,0.40314451616378616,0.010078612904094654,0
synthetic_A#2227,0,BENIGN,test_benign,7.973738967430528,0.1993434741857632,0
synthetic_A#599,0,BENIGN,test_benign,0.35039920116086953,0.008759980029021739,0
synthetic_A#1844,0,BENIGN,test_benign,0.5230983936870557,0.013077459842176392,0
synthetic_A#45,0,BENIGN,test_benign,0.2409483228396163,0.006023708070990408,0
synthetic_A#1444,0,BENIGN,test_benign,0.22845127578061533,0.005711281894515383,0
synthetic_A#1652,0,BENIGN,test_benign,0.21827426278588222,0.005456856569647056,0
synthetic_A#1586,0,BENIGN,test_benign,0.40608372919223235,0.010152093229805809,0
synthetic_A#5117,0,BENIGN,test_benign,0.2752819063193662,0.0068820476579841555,0
synthetic_A#1893,0,BENIGN,test_benign,1.1787405893325957,0.029468514733314893,0
synthetic_A#5324,0,BENIGN,test_benign,0.1558373993946613,0.0038959349848665323,0
synthetic_A#5574,0,BENIGN,test_benign,0.5752614434458541,0.01438153608614635,0
synthetic_A#5133,0,BENIGN,test_benign,0.7605669889880815,0.019014174724702036,0
synthetic_A#5322,0,BENIGN,test_benign,1.6204047103275798,0.040510117758189496,0
synthetic_A#4381,0,BENIGN,test_benign,0.3716820753018101,0.009292051882545251,0
synthetic_A#7651,0,BENIGN,test_benign,0.13477327137239956,0.003369331784309989,0
synthetic_A#2691,0,BENIGN,test_benign,0.382403023797633,0.009560075594940825,0
synthetic_A#2310,0,BENIGN,test_benign,0.4846586588335958,0.012116466470839896,0
synthetic_A#3790,0,BENIGN,test_benign,0.3897267692548433,0.009743169231371081,0
synthetic_A#7018,0,BENIGN,test_benign,34.80604481972526,0.8701511204931315,1
synthetic_A#6226,0,BENIGN,test_benign,0.09863343598361564,0.002465835899590391,0
synthetic_A#3379,0,BENIGN,test_benign,0.21765157219166964,0.005441289304791741,0
synthetic_A#4015,0,BENIGN,test_benign,0.952297056791263,0.023807426419781574,0
synthetic_A#1600,0,BENIGN,test_benign,1.0050008098103813,0.025125020245259533,0
synthetic_A#6634,0,BENIGN,test_benign,0.3720507882037687,0.009301269705094217,0
synthetic_A#5688,0,BENIGN,test_benign,0.5040624056095353,0.012601560140238383,0
synthetic_A#3360,0,BENIGN,test_benign,0.1774802132622984,0.00443700533155746,0
synthetic_A#6274,0,BENIGN,test_benign,9.018880213697924,0.2254720053424481,0
synthetic_A#2851,0,BENIGN,test_benign,2.097176818822539,0.05242942047056347,0
synthetic_A#4446,0,BENIGN,test_benign,0.16231999071129583,0.0040579997677823955,0
synthetic_A#5819,0,BENIGN,test_benign,0.15920755635999917,0.003980188908999979,0
synthetic_A#1298,0,BENIGN,test_benign,0.10835349657757576,0.002708837414439394,0
synthetic_A#426,0,BENIGN,test_benign,0.21427756401391995,0.005356939100347999,0
synthetic_A#3441,0,BENIGN,test_benign,0.23469211270479495,0.005867302817619874,0
synthetic_A#805,0,BENIGN,test_benign,0.9296566070142348,0.02324141517535587,0
synthetic_A#2273,0,BENIGN,test_benign,1.6264541474692376,0.04066135368673094,0
synthetic_A#410,0,BENIGN,test_benign,1.5373221849815928,0.03843305462453982,0
synthetic_A#6693,0,BENIGN,test_benign,0.5037340255365932,0.01259335063841483,0
synthetic_A#665,0,BENIGN,test_benign,0.3418323241857664,0.00854580810464416,0
synthetic_A#2462,0,BENIGN,test_benign,0.4236886461236168,0.01059221615309042,0
synthetic_A#438,0,BENIGN,test_benign,0.2903385380364568,0.007258463450911421,0
synthetic_A#5525,0,BENIGN,test_benign,0.11996500248358749,0.002999125062089687,0
synthetic_A#7130,0,BENIGN,test_benign,0.21212745537422908,0.0053031863843557275,0
synthetic_A#434,0,BENIGN,test_benign,0.3384491746129825,0.008461229365324563,0
synthetic_A#5265,0,BENIGN,test_benign,0.2987757756375155,0.007469394390937888,0
synthetic_A#751,0,BENIGN,test_benign,0.1627409665122237,0.004068524162805592,0
synthetic_A#1952,0,BENIGN,test_benign,14.195042177258784,0.35487605443146963,0
synthetic_A#2133,0,BENIGN,test_benign,0.23695915167231407,0.005923978791807852,0
synthetic_A#5013,0,BENIGN,test_benign,1.728806250689989,0.043220156267249725,0
synthetic_A#3159,0,BENIGN,test_benign,13.435339431722017,0.33588348579305044,0
synthetic_A#4775,0,BENIGN,test_benign,0.4631420600365127,0.011578551500912818,0
synthetic_A#7835,0,BENIGN,test_benign,0.8437796126479441,0.021094490316198602,0
synthetic_A#6475,0,BENIGN,test_benign,0.398449530661194,0.00996123826652985,0
synthetic_A#3135,0,BENIGN,test_benign,0.6388473505807625,0.015971183764519063,0
synthetic_A#1049,0,BENIGN,test_benign,0.28491638450893786,0.007122909612723447,0
synthetic_A#626,0,BENIGN,test_benign,0.11876223640504611,0.002969055910126153,0
synthetic_A#1775,0,BENIGN,test_benign,0.32446023858730016,0.008111505964682504,0
synthetic_A#3039,0,BENIGN,test_benign,0.06996667860375136,0.0017491669650937839,0
synthetic_A#2178,0,BENIGN,test_benign,0.9076131865279422,0.022690329663198554,0
synthetic_A#1223,0,BENIGN,test_benign,0.41641355736412233,0.010410338934103059,0
synthetic_A#210,0,BENIGN,test_benign,0.3539844025291804,0.00884961006322951,0
synthetic_A#6134,0,BENIGN,test_benign,0.08995612597164682,0.0022489031492911706,0
synthetic_A#3961,0,BENIGN,test_benign,0.668707497865628,0.0167176874466407,0
synthetic_A#6822,0,BENIGN,test_benign,2.5995458008236456,0.06498864502059114,0
synthetic_A#110,0,BENIGN,test_benign,0.35448026568230206,0.008862006642057552,0
synthetic_A#51,0,BENIGN,test_benign,0.3973019451522528,0.00993254862880632,0
synthetic_A#1499,0,BENIGN,test_benign,2.0920164529678136,0.05230041132419534,0
synthetic_A#1109,0,BENIGN,test_benign,0.6021334375274572,0.015053335938186429,0
synthetic_A#1464,0,BENIGN,test_benign,0.24666559509013763,0.006166639877253441,0
synthetic_A#7775,0,BENIGN,test_benign,0.16172035591064002,0.004043008897766,0
synthetic_A#2036,0,BENIGN,test_benign,0.3095626970867378,0.007739067427168444,0
synthetic_A#652,0,BENIGN,test_benign,2.421137449906913,0.060528436247672825,0
synthetic_A#2337,0,BENIGN,test_benign,0.20602095710568172,0.005150523927642043,0
synthetic_A#2726,0,BENIGN,test_benign,0.14723349595571694,0.0036808373988929236,0
synthetic_A#5597,0,BENIGN,test_benign,0.21953908847584375,0.005488477211896094,0
synthetic_A#4774,0,BENIGN,test_benign,0.2656581179603031,0.006641452949007577,0
synthetic_A#3855,0,BENIGN,test_benign,0.22213601715944864,0.005553400428986216,0
synthetic_A#7216,0,BENIGN,test_benign,0.3410739032648918,0.008526847581622294,0
synthetic_A#1795,0,BENIGN,test_benign,0.808336050792721,0.020208401269818023,0
synthetic_A#1702,0,BENIGN,test_benign,0.49131573183720845,0.01228289329593021,0
synthetic_A#6440,0,BENIGN,test_benign,0.45807525882379996,0.011451881470595,0
synthetic_A#2669,0,BENIGN,test_benign,0.28442393813710815,0.0071105984534277035,0
synthetic_A#4591,0,BENIGN,test_benign,1.2589192735311912,0.031472981838279776,0
synthetic_A#3787,0,BENIGN,test_benign,1.3938107397129658,0.03484526849282414,0
synthetic_A#5157,0,BENIGN,test_benign,0.25311982461641414,0.006327995615410353,0
synthetic_A#2945,0,BENIGN,test_benign,0.615052839196839,0.015376320979920973,0
synthetic_A#1498,0,BENIGN,test_benign,0.21662253045154467,0.005415563261288617,0
synthetic_A#2941,0,BENIGN,test_benign,2.9966160743756203,0.07491540185939051,0
synthetic_A#6924,0,BENIGN,test_benign,1.3889961994027415,0.03472490498506854,0
synthetic_A#6482,0,BENIGN,test_benign,0.29492290405980004,0.007373072601495001,0
synthetic_A#6217,0,BENIGN,test_benign,0.17473195213567777,0.004368298803391945,0
synthetic_A#6266,0,BENIGN,test_benign,0.13815441709015916,0.003453860427253979,0
synthetic_A#4824,0,BENIGN,test_benign,0.8334925223022537,0.02083731305755634,0
synthetic_A#5876,0,BENIGN,test_benign,0.27245002683326036,0.006811250670831509,0
synthetic_A#5965,0,BENIGN,test_benign,1.3742162456511229,0.03435540614127807,0
synthetic_A#3975,0,BENIGN,test_benign,0.5104146600700425,0.012760366501751063,0
synthetic_A#5202,0,BENIGN,test_benign,1.4057341381461943,0.03514335345365486,0
synthetic_A#2510,0,BENIGN,test_benign,0.20535729973828365,0.005133932493457091,0
synthetic_A#2083,0,BENIGN,test_benign,0.2968498805455263,0.007421247013638157,0
synthetic_A#705,0,BENIGN,test_benign,0.5540542186453683,0.013851355466134207,0
synthetic_A#1872,0,BENIGN,test_benign,0.2742511229170682,0.006856278072926705,0
synthetic_A#2516,0,BENIGN,test_benign,0.39774985469081436,0.00994374636727036,0
synthetic_A#5579,0,BENIGN,test_benign,2.1869343129902186,0.054673357824755464,0
synthetic_A#4667,0,BENIGN,test_benign,0.9221708537235909,0.023054271343089773,0
synthetic_A#57,0,BENIGN,test_benign,5.479383240551563,0.13698458101378908,0
synthetic_A#1918,0,BENIGN,test_benign,0.48832988481678047,0.012208247120419511,0
synthetic_A#7902,0,BENIGN,test_benign,1.4598024925089024,0.03649506231272256,0
synthetic_A#3728,0,BENIGN,test_benign,0.15545433667909378,0.0038863584169773445,0
synthetic_A#3836,0,BENIGN,test_benign,2.6072076486135134,0.06518019121533783,0
synthetic_A#6408,0,BENIGN,test_benign,1.4730532576544597,0.03682633144136149,0
synthetic_A#4840,0,BENIGN,test_benign,0.6666079510746035,0.016665198776865085,0
synthetic_A#527,0,BENIGN,test_benign,13.783518202283604,0.3445879550570901,0
synthetic_A#6105,0,BENIGN,test_benign,0.4925559659110823,0.012313899147777058,0
synthetic_A#6483,0,BENIGN,test_benign,2.3165015550734855,0.05791253887683714,0
synthetic_A#3209,0,BENIGN,test_benign,0.2634504318085126,0.006586260795212814,0
synthetic_A#6066,0,BENIGN,test_benign,0.41759469384035,0.01043986734600875,0
synthetic_A#5561,0,BENIGN,test_benign,21.973537775697586,0.5493384443924396,0
synthetic_A#565,0,BENIGN,test_benign,0.4576899519406137,0.011442248798515343,0
synthetic_A#7510,0,BENIGN,test_benign,0.41619791726328104,0.010404947931582026,0
synthetic_A#2862,0,BENIGN,test_benign,0.09553977810084321,0.00238849445252108,0
synthetic_A#7538,0,BENIGN,test_benign,0.24238467671414088,0.006059616917853522,0
synthetic_A#2183,0,BENIGN,test_benign,4.3779491770168155,0.10944872942542039,0
synthetic_A#6412,0,BENIGN,test_benign,1.0071915532312978,0.025179788830782444,0
synthetic_A#2034,0,BENIGN,test_benign,0.17293208119588077,0.004323302029897019,0
synthetic_A#640,0,BENIGN,test_benign,1.72120537388476,0.043030134347119,0
synthetic_A#2445,0,BENIGN,test_benign,26.610036046002925,0.6652509011500731,1
synthetic_A#2412,0,BENIGN,test_benign,0.21896099223406976,0.005474024805851744,0
synthetic_A#4003,0,BENIGN,test_benign,25.566483877349356,0.6391620969337339,1
synthetic_A#730,0,BENIGN,test_benign,0.15687928518271724,0.003921982129567931,0
synthetic_A#5789,0,BENIGN,test_benign,1.0620719485987649,0.02655179871496912,0
synthetic_A#4947,0,BENIGN,test_benign,0.42762488610713845,0.01069062215267846,0
synthetic_A#1964,0,BENIGN,test_benign,0.7950082089691402,0.019875205224228504,0
synthetic_A#5296,0,BENIGN,test_benign,0.152684799095703,0.003817119977392575,0
synthetic_A#3479,0,BENIGN,test_benign,8.110382652827532,0.2027595663206883,0
synthetic_A#2166,0,BENIGN,test_benign,156.75263830942296,3.918815957735574,1
synthetic_A#6940,0,BENIGN,test_benign,0.4143769904770396,0.01035942476192599,0
synthetic_A#7634,0,BENIGN,test_benign,0.17221912718861118,0.00430547817971528,0
synthetic_A#325,0,BENIGN,test_benign,0.32966547129207757,0.008241636782301939,0
synthetic_A#1820,0,BENIGN,test_benign,0.6746439792448443,0.016866099481121107,0
synthetic_A#5021,0,BENIGN,test_benign,0.5544457830418823,0.013861144576047058,0
synthetic_A#5159,0,BENIGN,test_benign,1.2807129597721012,0.03201782399430253,0
synthetic_A#290,0,BENIGN,test_benign,0.29170761777478926,0.007292690444369731,0
synthetic_A#1747,0,BENIGN,test_benign,0.1799990398999275,0.004499975997498187,0
synthetic_A#3176,0,BENIGN,test_benign,0.5170905340130856,0.01292726335032714,0
synthetic_A#7029,0,BENIGN,test_benign,0.121356843347176,0.0030339210836794,0
synthetic_A#2750,0,BENIGN,test_benign,1.3321523735416654,0.033303809338541636,0
synthetic_A#2372,0,BENIGN,test_benign,0.06545194535723865,0.0016362986339309663,0
synthetic_A#4477,0,BENIGN,test_benign,0.03953543850795734,0.0009883859626989336,0
synthetic_A#7752,0,BENIGN,test_benign,0.2211502714727827,0.005528756786819568,0
synthetic_A#3102,0,BENIGN,test_benign,0.49254082946015665,0.012313520736503917,0
synthetic_A#5292,0,BENIGN,test_benign,0.12874099414828571,0.0032185248537071427,0
synthetic_A#3464,0,BENIGN,test_benign,2.029049128375453,0.050726228209386326,0
synthetic_A#4372,0,BENIGN,test_benign,0.26382200527221356,0.006595550131805339,0
synthetic_A#7500,0,BENIGN,test_benign,0.5210457386433263,0.013026143466083157,0
synthetic_A#6714,0,BENIGN,test_benign,0.49724985437191904,0.012431246359297977,0
synthetic_A#6663,0,BENIGN,test_benign,0.23946246426540707,0.005986561606635177,0
synthetic_A#5091,0,BENIGN,test_benign,1.8065150720094616,0.04516287680023654,0
synthetic_A#864,0,BENIGN,test_benign,0.23292839558847325,0.005823209889711831,0
synthetic_A#7569,0,BENIGN,test_benign,0.39475258638227106,0.009868814659556777,0
synthetic_A#6778,0,BENIGN,test_benign,0.1755095357382641,0.004387738393456603,0
synthetic_A#3708,0,BENIGN,test_benign,0.15726383543773687,0.0039315958859434215,0
synthetic_A#7936,0,BENIGN,test_benign,0.24969912260211644,0.006242478065052911,0
synthetic_A#371,0,BENIGN,test_benign,2.0763278667772243,0.051908196669430605,0
synthetic_A#3477,0,BENIGN,test_benign,0.5557928093521759,0.013894820233804398,0
synthetic_A#2389,0,BENIGN,test_benign,0.18592997623480012,0.004648249405870003,0
synthetic_A#6318,0,BENIGN,test_benign,0.23335089013698418,0.005833772253424604,0
synthetic_A#6284,0,BENIGN,test_benign,0.15449377660685112,0.003862344415171278,0
synthetic_A#5663,0,BENIGN,test_benign,0.3357206127925156,0.00839301531981289,0
synthetic_A#4487,0,BENIGN,test_benign,0.2210485585386192,0.0055262139634654804,0
synthetic_A#7669,0,BENIGN,test_benign,4.217593373061623,0.10543983432654058,0
synthetic_A#1360,0,BENIGN,test_benign,1.5708887240754508,0.03927221810188627,0
synthetic_A#911,0,BENIGN,test_benign,0.25567953000080507,0.0063919882500201265,0
synthetic_A#5141,0,BENIGN,test_benign,27.016109104073408,0.6754027276018352,1
synthetic_A#4295,0,BENIGN,test_benign,0.3425409909774887,0.008563524774437217,0
synthetic_A#7976,0,BENIGN,test_benign,9.210072410725104,0.2302518102681276,0
synthetic_A#4602,0,BENIGN,test_benign,0.11079781418329865,0.002769945354582466,0
synthetic_A#964,0,BENIGN,test_benign,0.44646119425306297,0.011161529856326574,0
synthetic_A#1423,0,BENIGN,test_benign,0.5363986579565586,0.013409966448913966,0
synthetic_A#122,0,BENIGN,test_benign,0.28838005063663574,0.007209501265915894,0
synthetic_A#479,0,BENIGN,test_benign,15.619516703932973,0.39048791759832435,0
synthetic_A#662,0,BENIGN,test_benign,0.21151414114844175,0.005287853528711044,0
synthetic_A#6692,0,BENIGN,test_benign,0.3583636075137917,0.008959090187844793,0
synthetic_A#2189,0,BENIGN,test_benign,0.26559324117972155,0.006639831029493039,0
synthetic_A#5214,0,BENIGN,test_benign,11.48077996819821,0.28701949920495523,0
synthetic_A#2131,0,BENIGN,test_benign,8.169177871846212,0.20422944679615532,0
synthetic_A#439,0,BENIGN,test_benign,0.11893147497003634,0.0029732868742509085,0
synthetic_A#1379,0,BENIGN,test_benign,1.1043260763275127,0.027608151908187818,0
synthetic_A#1443,0,BENIGN,test_benign,0.9041357869983211,0.022603394674958026,0
synthetic_A#4379,0,BENIGN,test_benign,0.17073270241765742,0.004268317560441435,0
synthetic_A#4335,0,BENIGN,test_benign,0.43909271184979226,0.010977317796244807,0
synthetic_A#1477,0,BENIGN,test_benign,0.9484101018744637,0.023710252546861592,0
synthetic_A#6749,0,BENIGN,test_benign,0.1767603175588868,0.00441900793897217,0
synthetic_A#1173,0,BENIGN,test_benign,0.12489899446654966,0.0031224748616637413,0
synthetic_A#4534,0,BENIGN,test_benign,1.7486959768100476,0.04371739942025119,0
synthetic_A#5409,0,BENIGN,test_benign,0.7453355265412144,0.01863338816353036,0
synthetic_A#2446,0,BENIGN,test_benign,0.13203517598989842,0.0033008793997474604,0
synthetic_A#3948,0,BENIGN,test_benign,0.2066431376600389,0.005166078441500972,0
synthetic_A#3085,0,BENIGN,test_benign,0.44922925747376397,0.0112307314368441,0
synthetic_A#279,0,BENIGN,test_benign,0.12096182870357365,0.003024045717589341,0
synthetic_A#2580,0,BENIGN,test_benign,0.09164540967308629,0.0022911352418271574,0
synthetic_A#4625,0,BENIGN,test_benign,0.45878698121465133,0.011469674530366283,0
synthetic_A#1101,0,BENIGN,test_benign,0.20769788080575952,0.005192447020143988,0
synthetic_A#6224,0,BENIGN,test_benign,0.1746348113782433,0.004365870284456083,0
synthetic_A#1694,0,BENIGN,test_benign,0.4241118702117395,0.010602796755293489,0
synthetic_A#2142,0,BENIGN,test_benign,10.794619870140092,0.2698654967535023,0
synthetic_A#3317,0,BENIGN,test_benign,0.27220364928591434,0.006805091232147858,0
synthetic_A#2423,0,BENIGN,test_benign,0.15396345196180244,0.003849086299045061,0
synthetic_A#6285,0,BENIGN,test_benign,0.247497122537487,0.006187428063437176,0
synthetic_A#5070,0,BENIGN,test_benign,0.6557127143425303,0.01639281785856326,0
synthetic_A#577,0,BENIGN,test_benign,0.5924170986558083,0.014810427466395206,0
synthetic_A#59,0,BENIGN,test_benign,1.3407921480763774,0.033519803701909434,0
synthetic_A#787,0,BENIGN,test_benign,0.793487133256984,0.0198371783314246,0
synthetic_A#2543,0,BENIGN,test_benign,0.2385262263741033,0.0059631556593525824,0
synthetic_A#5831,0,BENIGN,test_benign,0.39318506240479556,0.009829626560119889,0
synthetic_A#5108,0,BENIGN,test_benign,0.27368881601483974,0.006842220400370994,0
synthetic_A#4304,0,BENIGN,test_benign,0.15915308852446386,0.003978827213111597,0
synthetic_A#7084,0,BENIGN,test_benign,0.6075045298898546,0.015187613247246365,0
synthetic_A#5360,0,BENIGN,test_benign,2.507940265947796,0.06269850664869489,0
synthetic_A#7511,0,BENIGN,test_benign,0.09896616018905613,0.0024741540047264034,0
synthetic_A#7553,0,BENIGN,test_benign,0.49589671930256063,0.012397417982564015,0
synthetic_A#3907,0,BENIGN,test_benign,0.7797129872625093,0.019492824681562732,0
synthetic_A#7497,0,BENIGN,test_benign,0.6848572195992637,0.017121430489981593,0
synthetic_A#6403,0,BENIGN,test_benign,0.17128210182219047,0.004282052545554762,0
synthetic_A#5163,0,BENIGN,test_benign,0.9229504190108517,0.023073760475271293,0
synthetic_A#6793,0,BENIGN,test_benign,1.0740554686196169,0.026851386715490422,0
synthetic_A#184,0,BENIGN,test_benign,0.1713682693952855,0.004284206734882137,0
synthetic_A#2470,0,BENIGN,test_benign,0.25423234767930075,0.006355808691982519,0
synthetic_A#2515,0,BENIGN,test_benign,0.06238303501891811,0.0015595758754729527,0
synthetic_A#420,0,BENIGN,test_benign,0.5434124895796105,0.013585312239490263,0
synthetic_A#553,0,BENIGN,test_benign,5.080939366894765,0.12702348417236914,0
synthetic_A#1397,0,BENIGN,test_benign,0.0683898057376376,0.00170974514344094,0
synthetic_A#7156,0,BENIGN,test_benign,0.15984279001788976,0.003996069750447244,0
synthetic_A#2407,0,BENIGN,test_benign,0.2896974002140217,0.007242435005350542,0
synthetic_A#6828,0,BENIGN,test_benign,0.12108968010757072,0.003027242002689268,0
synthetic_A#1760,0,BENIGN,test_benign,0.3204503166217984,0.00801125791554496,0
synthetic_A#7521,0,BENIGN,test_benign,0.366628482233142,0.00916571205582855,0
synthetic_A#297,0,BENIGN,test_benign,0.13440878769204306,0.0033602196923010765,0
synthetic_A#443,0,BENIGN,test_benign,2.0417112322896953,0.05104278080724238,0
synthetic_A#3538,0,BENIGN,test_benign,2.3511153258431943,0.05877788314607986,0
synthetic_A#1119,0,BENIGN,test_benign,0.21064925472732138,0.005266231368183034,0
synthetic_A#2673,0,BENIGN,test_benign,0.2382452270879444,0.00595613067719861,0
synthetic_A#2605,0,BENIGN,test_benign,0.15148791416830532,0.003787197854207633,0
synthetic_A#1921,0,BENIGN,test_benign,1.734375927628362,0.043359398190709046,0
synthetic_A#655,0,BENIGN,test_benign,0.13663027239816966,0.0034157568099542415,0
synthetic_A#4708,0,BENIGN,test_benign,6.837514655547697,0.1709378663886924,0
synthetic_A#5531,0,BENIGN,test_benign,0.39229614269634583,0.009807403567408645,0
synthetic_A#3043,0,BENIGN,test_benign,0.11640185626287321,0.0029100464065718304,0
synthetic_A#4239,0,BENIGN,test_benign,0.25297536806692533,0.006324384201673134,0
synthetic_A#6203,0,BENIGN,test_benign,0.05968728674145829,0.0014921821685364572,0
synthetic_A#4050,0,BENIGN,test_benign,0.7523028232796952,0.01880757058199238,0
synthetic_A#6704,0,BENIGN,test_benign,0.04667359676245864,0.001166839919061466,0
synthetic_A#6220,0,BENIGN,test_benign,0.48537576258012216,0.012134394064503054,0
synthetic_A#558,0,BENIGN,test_benign,0.18603864043872242,0.004650966010968061,0
synthetic_A#6739,0,BENIGN,test_benign,0.07049705231271197,0.0017624263078177993,0
synthetic_A#1371,0,BENIGN,test_benign,0.5295026277586561,0.013237565693966401,0
synthetic_A#907,0,BENIGN,test_benign,0.24753069125733557,0.0061882672814333895,0
synthetic_A#4010,0,BENIGN,test_benign,0.17806896490264357,0.004451724122566089,0
synthetic_A#1433,0,BENIGN,test_benign,12.964880349903199,0.32412200874757996,0
synthetic_A#7798,0,BENIGN,test_benign,1.0924713637895347,0.02731178409473837,0
synthetic_A#4412,0,BENIGN,test_benign,0.09892995845620187,0.0024732489614050467,0
synthetic_A#5028,0,BENIGN,test_benign,0.25930475075033566,0.006482618768758391,0
synthetic_A#5964,0,BENIGN,test_benign,2.3366208443040795,0.05841552110760199,0
synthetic_A#926,0,BENIGN,test_benign,0.2012634272969941,0.005031585682424853,0
synthetic_A#3196,0,BENIGN,test_benign,0.1723864940160762,0.004309662350401905,0
synthetic_A#15,0,BENIGN,test_benign,0.387559223297318,0.00968898058243295,0
synthetic_A#7240,0,BENIGN,test_benign,0.8825966618370842,0.022064916545927106,0
synthetic_A#7286,0,BENIGN,test_benign,0.23991573818861867,0.0059978934547154665,0
synthetic_A#5702,0,BENIGN,test_benign,0.13398405191305057,0.0033496012978262643,0
synthetic_A#1161,0,BENIGN,test_benign,0.6185423097347762,0.015463557743369405,0
synthetic_A#3590,0,BENIGN,test_benign,0.3619852892640456,0.00904963223160114,0
synthetic_A#4247,0,BENIGN,test_benign,0.2538181342943404,0.00634545335735851,0
synthetic_A#7323,0,BENIGN,test_benign,0.39935917761858486,0.009983979440464622,0
synthetic_A#4934,0,BENIGN,test_benign,2.3669618389024616,0.05917404597256154,0
synthetic_A#5587,0,BENIGN,test_benign,1.1240737194181158,0.028101842985452895,0
synthetic_A#3922,0,BENIGN,test_benign,0.19757615882554863,0.004939403970638715,0
synthetic_A#1362,0,BENIGN,test_benign,6.019075228005268,0.1504768807001317,0
synthetic_A#1212,0,BENIGN,test_benign,0.22361718867445873,0.005590429716861469,0
synthetic_A#1876,0,BENIGN,test_benign,0.30284168002652645,0.007571042000663161,0
synthetic_A#2517,0,BENIGN,test_benign,0.5062351765251014,0.012655879413127536,0
synthetic_A#3034,0,BENIGN,test_benign,0.5620230529487628,0.01405057632371907,0
synthetic_A#6221,0,BENIGN,test_benign,0.19740556457806951,0.004935139114451738,0
synthetic_A#7333,0,BENIGN,test_benign,146.727463178646,3.6681865794661497,1
synthetic_A#1170,0,BENIGN,test_benign,0.06840921066087646,0.0017102302665219116,0
synthetic_A#6329,0,BENIGN,test_benign,0.2868679840123888,0.00717169960030972,0
synthetic_A#6519,0,BENIGN,test_benign,0.5994640835041404,0.01498660208760351,0
synthetic_A#3892,0,BENIGN,test_benign,3.3493133231255268,0.08373283307813817,0
synthetic_A#1833,0,BENIGN,test_benign,0.15863541807283155,0.003965885451820789,0
synthetic_A#4991,0,BENIGN,test_benign,0.7496095987802945,0.018740239969507362,0
synthetic_A#1859,0,BENIGN,test_benign,0.111091371593523,0.002777284289838075,0
synthetic_A#3204,0,BENIGN,test_benign,0.42665290463210714,0.010666322615802679,0
synthetic_A#4012,0,BENIGN,test_benign,0.1777463596315259,0.004443658990788147,0
synthetic_A#4190,0,BENIGN,test_benign,0.5904779180912596,0.01476194795228149,0
synthetic_A#3715,0,BENIGN,test_benign,0.10428692520443222,0.0026071731301108058,0
synthetic_A#5719,0,BENIGN,test_benign,2.8488948674532404,0.07122237168633101,0
synthetic_A#387,0,BENIGN,test_benign,0.6763677579208291,0.016909193948020727,0
synthetic_A#5111,0,BENIGN,test_benign,0.2164125675961791,0.005410314189904478,0
synthetic_A#1032,0,BENIGN,test_benign,1.0020610974421393,0.025051527436053482,0
synthetic_A#5482,0,BENIGN,test_benign,0.3034679500998725,0.0075866987524968125,0
synthetic_A#6384,0,BENIGN,test_benign,0.3830521773240939,0.009576304433102348,0
synthetic_A#3834,0,BENIGN,test_benign,3.7118052665678687,0.09279513166419671,0
synthetic_A#5212,0,BENIGN,test_benign,0.7513542969207426,0.018783857423018566,0
synthetic_A#931,0,BENIGN,test_benign,1.0810552350771188,0.02702638087692797,0
synthetic_A#4235,0,BENIGN,test_benign,0.24149639876637102,0.006037409969159276,0
synthetic_A#691,0,BENIGN,test_benign,0.27896728859844977,0.006974182214961244,0
synthetic_A#1891,0,BENIGN,test_benign,0.222651589611829,0.005566289740295724,0
synthetic_A#3757,0,BENIGN,test_benign,0.29598472758637895,0.007399618189659474,0
synthetic_A#4332,0,BENIGN,test_benign,0.8744001409965919,0.0218600035249148,0
synthetic_A#6361,0,BENIGN,test_benign,3.4910745730560944,0.08727686432640236,0
synthetic_A#2492,0,BENIGN,test_benign,0.3641750100499647,0.009104375251249118,0
synthetic_A#6769,0,BENIGN,test_benign,2.1410089782222888,0.05352522445555722,0
synthetic_A#44,0,BENIGN,test_benign,0.13828301427420137,0.0034570753568550342,0
synthetic_A#5362,0,BENIGN,test_benign,2.9904529632558283,0.07476132408139571,0
synthetic_A#2263,0,BENIGN,test_benign,1.483331725081686,0.03708329312704215,0
synthetic_A#7057,0,BENIGN,test_benign,0.4981674595675974,0.012454186489189934,0
synthetic_A#3395,0,BENIGN,test_benign,0.5084164708394614,0.012710411770986535,0
synthetic_A#5040,0,BENIGN,test_benign,0.5046180437110006,0.012615451092775015,0
synthetic_A#3014,0,BENIGN,test_benign,0.7103212018061986,0.017758030045154964,0
synthetic_A#1683,0,BENIGN,test_benign,1.0653798537032617,0.026634496342581544,0
synthetic_A#5974,0,BENIGN,test_benign,0.5408509453921122,0.013521273634802804,0
synthetic_A#7852,0,BENIGN,test_benign,16.94439694122859,0.42360992353071475,0
synthetic_A#63,0,BENIGN,test_benign,0.19845470237572305,0.0049613675593930765,0
synthetic_A#3459,0,BENIGN,test_benign,0.6727067527629231,0.016817668819073078,0
synthetic_A#4803,0,BENIGN,test_benign,1.5026956393417565,0.03756739098354391,0
synthetic_A#3424,0,BENIGN,test_benign,35.86937264228304,0.896734316057076,1
synthetic_A#227,0,BENIGN,test_benign,1.3432519836376697,0.03358129959094174,0
synthetic_A#4125,0,BENIGN,test_benign,0.0502349725408195,0.0012558743135204875,0
synthetic_A#5014,0,BENIGN,test_benign,1.4247078809731581,0.03561769702432895,0
synthetic_A#5388,0,BENIGN,test_benign,0.14032361725351034,0.003508090431337758,0
synthetic_A#7349,0,BENIGN,test_benign,10.383367455109287,0.2595841863777322,0
synthetic_A#969,0,BENIGN,test_benign,0.5751727431878595,0.014379318579696487,0
synthetic_A#1805,0,BENIGN,test_benign,4.08746193247012,0.102186548311753,0
synthetic_A#4210,0,BENIGN,test_benign,0.802468742343561,0.020061718558589025,0
synthetic_A#3412,0,BENIGN,test_benign,0.18057201300041262,0.004514300325010315,0
synthetic_A#4245,0,BENIGN,test_benign,1.0198023488488226,0.025495058721220563,0
synthetic_A#5681,0,BENIGN,test_benign,2.12423442344116,0.053105860586028994,0
synthetic_A#2698,0,BENIGN,test_benign,0.6386598058854487,0.015966495147136217,0
synthetic_A#6804,0,BENIGN,test_benign,0.8322517156007603,0.020806292890019007,0
synthetic_A#1860,0,BENIGN,test_benign,0.29755240261864757,0.0074388100654661895,0
synthetic_A#3978,0,BENIGN,test_benign,1.871193687752062,0.04677984219380155,0
synthetic_A#5128,0,BENIGN,test_benign,0.5237235880754754,0.013093089701886884,0
synthetic_A#7937,0,BENIGN,test_benign,1.3136237383139955,0.032840593457849884,0
synthetic_A#2833,0,BENIGN,test_benign,0.34508993650601594,0.008627248412650399,0
synthetic_A#252,0,BENIGN,test_benign,1.3048844481658781,0.03262211120414695,0
synthetic_A#3815,0,BENIGN,test_benign,0.17805921135006336,0.004451480283751584,0
synthetic_A#7994,0,BENIGN,test_benign,0.21491843236005004,0.005372960809001251,0
synthetic_A#1789,0,BENIGN,test_benign,0.49486513635735574,0.012371628408933893,0
synthetic_A#6609,0,BENIGN,test_benign,0.30006204095753963,0.0075015510239384905,0
synthetic_A#2059,0,BENIGN,test_benign,0.05675748452186373,0.0014189371130465932,0
synthetic_A#6899,0,BENIGN,test_benign,3.4081030818875124,0.08520257704718781,0
synthetic_A#2855,0,BENIGN,test_benign,1.8991807025705547,0.04747951756426387,0
synthetic_A#5781,0,BENIGN,test_benign,1.1728697786177387,0.029321744465443465,0
synthetic_A#1902,0,BENIGN,test_benign,0.4050612737628769,0.010126531844071921,0
synthetic_A#2119,0,BENIGN,test_benign,0.23585489702690846,0.005896372425672711,0
synthetic_A#5905,0,BENIGN,test_benign,0.19276680006053287,0.004819170001513322,0
synthetic_A#2683,0,BENIGN,test_benign,0.09641438544225173,0.002410359636056293,0
synthetic_A#6785,0,BENIGN,test_benign,0.2473472300740869,0.006183680751852173,0
synthetic_A#5527,0,BENIGN,test_benign,0.5400991400973277,0.013502478502433194,0
synthetic_A#4567,0,BENIGN,test_benign,0.20080320193239887,0.005020080048309972,0
synthetic_A#75,0,BENIGN,test_benign,0.20313222278519566,0.005078305569629892,0
synthetic_A#6956,0,BENIGN,test_benign,1.5925503696515004,0.03981375924128751,0
synthetic_A#430,0,BENIGN,test_benign,0.0719858019713526,0.001799645049283815,0
synthetic_A#4087,0,BENIGN,test_benign,0.8626139701252126,0.021565349253130313,0
synthetic_A#4434,0,BENIGN,test_benign,0.6291262862597214,0.015728157156493037,0
synthetic_A#7807,0,BENIGN,test_benign,1.710817167434655,0.04277042918586638,0
synthetic_A#3710,0,BENIGN,test_benign,0.24085721055105008,0.006021430263776252,0
synthetic_A#5710,0,BENIGN,test_benign,1.4271453652725912,0.03567863413181478,0
synthetic_A#5340,0,BENIGN,test_benign,0.15014435955976563,0.0037536089889941408,0
synthetic_A#6591,0,BENIGN,test_benign,1.7948341476003988,0.04487085369000997,0
synthetic_A#2301,0,BENIGN,test_benign,0.24764491061577348,0.006191122765394337,0
synthetic_A#5019,0,BENIGN,test_benign,0.5424975420653366,0.013562438551633416,0
synthetic_A#240,0,BENIGN,test_benign,0.1272640821516201,0.003181602053790503,0
synthetic_A#783,0,BENIGN,test_benign,0.16922557387821352,0.004230639346955338,0
synthetic_A#1354,0,BENIGN,test_benign,27.212610922265853,0.6803152730566463,1
synthetic_A#4456,0,BENIGN,test_benign,0.26868417327979066,0.0067171043319947665,0
synthetic_A#977,0,BENIGN,test_benign,0.28439612948219684,0.007109903237054921,0
synthetic_A#809,0,BENIGN,test_benign,1.8493062830772589,0.04623265707693147,0
synthetic_A#2168,0,BENIGN,test_benign,0.09379105062897332,0.002344776265724333,0
synthetic_A#1599,0,BENIGN,test_benign,0.28517551433568644,0.007129387858392161,0
synthetic_A#6807,0,BENIGN,test_benign,0.1805829582738993,0.004514573956847482,0
synthetic_A#3127,0,BENIGN,test_benign,1.0463060869928693,0.026157652174821733,0
synthetic_A#1620,0,BENIGN,test_benign,0.3164477601830128,0.00791119400457532,0
synthetic_A#2818,0,BENIGN,test_benign,0.34981519809961936,0.008745379952490483,0
synthetic_A#1482,0,BENIGN,test_benign,0.1535199654307659,0.0038379991357691476,0
synthetic_A#5537,0,BENIGN,test_benign,0.6656132812885406,0.016640332032213514,0
synthetic_A#1801,0,BENIGN,test_benign,0.2976202441106251,0.007440506102765627,0
synthetic_A#2095,0,BENIGN,test_benign,0.4446584101289064,0.01111646025322266,0
synthetic_A#7024,0,BENIGN,test_benign,0.23458717611340146,0.005864679402835036,0
synthetic_A#1357,0,BENIGN,test_benign,0.2292847472340852,0.00573211868085213,0
synthetic_A#5286,0,BENIGN,test_benign,0.15788919373748417,0.003947229843437104,0
synthetic_A#4674,0,BENIGN,test_benign,0.1933878520316848,0.00483469630079212,0
synthetic_A#2879,0,BENIGN,test_benign,5.524826195204325,0.1381206548801081,0
synthetic_A#3862,0,BENIGN,test_benign,0.44487899207276016,0.011121974801819003,0
synthetic_A#3184,0,BENIGN,test_benign,0.6298933025761824,0.01574733256440456,0
synthetic_A#6686,0,BENIGN,test_benign,0.3812959932601978,0.009532399831504945,0
synthetic_A#3154,0,BENIGN,test_benign,0.8160126628136839,0.020400316570342098,0
synthetic_A#6069,0,BENIGN,test_benign,0.12928192594634108,0.003232048148658527,0
synthetic_A#3260,0,BENIGN,test_benign,0.1008752694883775,0.0025218817372094373,0
synthetic_A#7943,0,BENIGN,test_benign,4.348544452920413,0.10871361132301031,0
synthetic_A#29,0,BENIGN,test_benign,0.25040786779591484,0.006260196694897871,0
synthetic_A#7619,0,BENIGN,test_benign,0.6081368372859748,0.01520342093214937,0
synthetic_A#3098,0,BENIGN,test_benign,5.731684705163781,0.14329211762909452,0
synthetic_A#1092,0,BENIGN,test_benign,1.267344421330798,0.03168361053326995,0
synthetic_A#124,0,BENIGN,test_benign,2.103652140574152,0.0525913035143538,0
synthetic_A#4231,0,BENIGN,test_benign,0.25099611716186276,0.0062749029290465694,0
synthetic_A#5844,0,BENIGN,test_benign,2.7902718008517944,0.06975679502129487,0
synthetic_A#3016,0,BENIGN,test_benign,0.20986967828336678,0.00524674195708417,0
synthetic_A#4897,0,BENIGN,test_benign,0.6722088233535324,0.01680522058383831,0
synthetic_A#2298,0,BENIGN,test_benign,0.21167357409834953,0.005291839352458738,0
synthetic_A#5093,0,BENIGN,test_benign,0.9236610897985678,0.023091527244964195,0
synthetic_A#1553,0,BENIGN,test_benign,0.24549277505781977,0.006137319376445494,0
synthetic_A#6811,0,BENIGN,test_benign,0.37643917581532643,0.00941097939538316,0
synthetic_A#598,0,BENIGN,test_benign,0.658357287440016,0.016458932186000398,0
synthetic_A#5167,0,BENIGN,test_benign,0.3383032989036784,0.00845758247259196,0
synthetic_A#1416,0,BENIGN,test_benign,1.1728832394990678,0.029322080987476695,0
synthetic_A#3686,0,BENIGN,test_benign,0.3061658646619025,0.007654146616547562,0
synthetic_A#4128,0,BENIGN,test_benign,1.228067233300779,0.030701680832519472,0
synthetic_A#4706,0,BENIGN,test_benign,0.9704322966085424,0.02426080741521356,0
synthetic_A#5573,0,BENIGN,test_benign,0.29541422998360656,0.007385355749590164,0
synthetic_A#2197,0,BENIGN,test_benign,0.10944426964700732,0.002736106741175183,0
synthetic_A#3880,0,BENIGN,test_benign,0.46972158646125595,0.0117430396615314,0
synthetic_A#4516,0,BENIGN,test_benign,0.3874739748175081,0.009686849370437702,0
synthetic_A#7461,0,BENIGN,test_benign,1.2647481172075237,0.03161870293018809,0
synthetic_A#808,0,BENIGN,test_benign,0.08301074976693168,0.002075268744173292,0
synthetic_A#7720,0,BENIGN,test_benign,0.24079085409700882,0.00601977135242522,0
synthetic_A#958,0,BENIGN,test_benign,0.058954293554171866,0.0014738573388542967,0
synthetic_A#4984,0,BENIGN,test_benign,0.8738376722048143,0.02184594180512036,0
synthetic_A#4747,0,BENIGN,test_benign,0.56031367050441,0.014007841762610251,0
synthetic_A#810,0,BENIGN,test_benign,0.21603810853718047,0.005400952713429512,0
synthetic_A#834,0,BENIGN,test_benign,0.2130646323902438,0.005326615809756095,0
synthetic_A#6120,0,BENIGN,test_benign,4.87282744410072,0.12182068610251799,0
synthetic_A#2576,0,BENIGN,test_benign,0.2744886075506135,0.006862215188765337,0
synthetic_A#1235,0,BENIGN,test_benign,0.17375335424541466,0.004343833856135367,0
synthetic_A#1225,0,BENIGN,test_benign,0.40939446969437265,0.010234861742359316,0
synthetic_A#5229,0,BENIGN,test_benign,0.050558488793900395,0.00126396221984751,0
synthetic_A#7859,0,BENIGN,test_benign,0.37201379057681444,0.00930034476442036,0
synthetic_A#3001,0,BENIGN,test_benign,0.6784805728495148,0.01696201432123787,0
synthetic_A#7139,0,BENIGN,test_benign,0.3797650745015062,0.009494126862537654,0
synthetic_A#6207,0,BENIGN,test_benign,0.20004362033760942,0.005001090508440236,0
synthetic_A#4900,0,BENIGN,test_benign,0.18203735282084998,0.00455093382052125,0
synthetic_A#2908,0,BENIGN,test_benign,0.18964525366957294,0.0047411313417393235,0
synthetic_A#4847,0,BENIGN,test_benign,0.9319810790057029,0.023299526975142572,0
synthetic_A#1657,0,BENIGN,test_benign,0.292480667322344,0.0073120166830586,0
synthetic_A#6824,0,BENIGN,test_benign,0.5757056588415213,0.014392641471038031,0
synthetic_A#452,0,BENIGN,test_benign,3.5428770462936945,0.08857192615734236,0
synthetic_A#6100,0,BENIGN,test_benign,0.18746668968912322,0.004686667242228081,0
synthetic_A#3316,0,BENIGN,test_benign,0.06387543158065576,0.0015968857895163938,0
synthetic_A#422,0,BENIGN,test_benign,0.1113270001450613,0.002783175003626533,0
synthetic_A#1220,0,BENIGN,test_benign,0.10747792136778105,0.0026869480341945263,0
synthetic_A#6998,0,BENIGN,test_benign,0.5655228717638972,0.014138071794097429,0
synthetic_A#5186,0,BENIGN,test_benign,0.27085755093528735,0.006771438773382184,0
synthetic_A#7460,0,BENIGN,test_benign,1.5460656365518064,0.03865164091379516,0
synthetic_A#4377,0,BENIGN,test_benign,0.1842887166285858,0.004607217915714645,0
synthetic_A#102,0,BENIGN,test_benign,0.12389620798540117,0.003097405199635029,0
synthetic_A#4914,0,BENIGN,test_benign,1.0230217063715163,0.02557554265928791,0
synthetic_A#3151,0,BENIGN,test_benign,0.981149304556878,0.02452873261392195,0
synthetic_A#1580,0,BENIGN,test_benign,0.434269788669559,0.010856744716738975,0
synthetic_A#6111,0,BENIGN,test_benign,0.24820563457595643,0.006205140864398911,0
synthetic_A#2206,0,BENIGN,test_benign,1.2483294937510971,0.03120823734377743,0
synthetic_A#170,0,BENIGN,test_benign,0.1035905065693675,0.0025897626642341874,0
synthetic_A#7264,0,BENIGN,test_benign,0.5977073894287612,0.01494268473571903,0
synthetic_A#135,0,BENIGN,test_benign,0.1414047910222522,0.003535119775556305,0
synthetic_A#7974,0,BENIGN,test_benign,0.34319593349925426,0.008579898337481356,0
synthetic_A#4520,0,BENIGN,test_benign,0.11432225421440986,0.0028580563553602467,0
synthetic_A#1310,0,BENIGN,test_benign,0.1093694964091983,0.0027342374102299572,0
synthetic_A#7198,0,BENIGN,test_benign,1.230205882281961,0.030755147057049025,0
synthetic_A#2284,0,BENIGN,test_benign,0.9643216104925602,0.024108040262314005,0
synthetic_A#5737,0,BENIGN,test_benign,1.9478380112116183,0.04869595028029046,0
synthetic_A#7080,0,BENIGN,test_benign,0.9960815039197468,0.02490203759799367,0
synthetic_A#4607,0,BENIGN,test_benign,0.8040565018582694,0.020101412546456733,0
synthetic_A#7033,0,BENIGN,test_benign,0.45721227073303705,0.011430306768325927,0
synthetic_A#1935,0,BENIGN,test_benign,0.5598115725485017,0.013995289313712541,0
synthetic_A#6204,0,BENIGN,test_benign,0.21425261549050267,0.005356315387262567,0
synthetic_A#7327,0,BENIGN,test_benign,1.3561419223468527,0.033903548058671316,0
synthetic_A#2728,0,BENIGN,test_benign,2.8030871592608055,0.07007717898152013,0
synthetic_A#807,0,BENIGN,test_benign,0.10054254544636054,0.0025135636361590134,0
synthetic_A#2045,0,BENIGN,test_benign,0.697941120174287,0.017448528004357176,0
synthetic_A#4385,0,BENIGN,test_benign,60.48419960786326,1.5121049901965815,1
synthetic_A#462,0,BENIGN,test_benign,0.06299780154782272,0.0015749450386955681,0
synthetic_A#1956,0,BENIGN,test_benign,0.33902961367139706,0.008475740341784926,0
synthetic_A#4877,0,BENIGN,test_benign,0.6900519684671752,0.01725129921167938,0
synthetic_A#799,0,BENIGN,test_benign,0.6768152470653883,0.01692038117663471,0
synthetic_A#5196,0,BENIGN,test_benign,0.6151495904497358,0.015378739761243395,0
synthetic_A#1073,0,BENIGN,test_benign,0.28641531779888124,0.007160382944972031,0
synthetic_A#144,0,BENIGN,test_benign,1.5020710247936144,0.03755177561984036,0
synthetic_A#1340,0,BENIGN,test_benign,1.132744053520826,0.02831860133802065,0
synthetic_A#4339,0,BENIGN,test_benign,0.4116263551680116,0.01029065887920029,0
synthetic_A#3133,0,BENIGN,test_benign,0.7080933596491439,0.017702333991228596,0
synthetic_A#2091,0,BENIGN,test_benign,0.3741176024905115,0.009352940062262787,0
synthetic_A#4975,0,BENIGN,test_benign,0.31210053545374433,0.007802513386343609,0
synthetic_A#5317,0,BENIGN,test_benign,0.9138772290916244,0.02284693072729061,0
synthetic_A#2968,0,BENIGN,test_benign,8.944947773840322,0.22362369434600807,0
synthetic_A#4478,0,BENIGN,test_benign,0.33863823471542503,0.008465955867885625,0
synthetic_A#4765,0,BENIGN,test_benign,0.22690712021176446,0.005672678005294111,0
synthetic_A#2820,0,BENIGN,test_benign,0.5426521931283899,0.013566304828209747,0
synthetic_A#1003,0,BENIGN,test_benign,0.3406284122117839,0.008515710305294598,0
synthetic_A#4781,0,BENIGN,test_benign,0.2646628652372445,0.006616571630931113,0
synthetic_A#7131,0,BENIGN,test_benign,0.41403272646718103,0.010350818161679525,0
synthetic_A#555,0,BENIGN,test_benign,0.19349211985001596,0.004837302996250399,0
synthetic_A#6743,0,BENIGN,test_benign,1.6279612487299073,0.04069903121824768,0
synthetic_A#1485,0,BENIGN,test_benign,5.6792280519043175,0.14198070129760793,0
synthetic_A#5717,0,BENIGN,test_benign,0.8347831666609571,0.020869579166523926,0
synthetic_A#1272,0,BENIGN,test_benign,0.07212165226864786,0.0018030413067161965,0
synthetic_A#1411,0,BENIGN,test_benign,4.276927118812744,0.10692317797031861,0
synthetic_A#7058,0,BENIGN,test_benign,1.0503666312436502,0.026259165781091255,0
synthetic_A#7312,0,BENIGN,test_benign,0.1273107785797837,0.0031827694644945928,0
synthetic_A#1471,0,BENIGN,test_benign,0.6193765277309875,0.015484413193274687,0
synthetic_A#6260,0,BENIGN,test_benign,0.7693664132936813,0.019234160332342033,0
synthetic_A#6382,0,BENIGN,test_benign,0.7623834185202625,0.01905958546300656,0
synthetic_A#8000,1,DDoS,test_attack,100.44095663627743,2.511023915906936,1
synthetic_A#8001,1,DDoS,test_attack,2066.1329161551744,51.653322903879356,1
synthetic_A#8002,1,DDoS,test_attack,3370.2631239017046,84.25657809754262,1
synthetic_A#8003,1,DDoS,test_attack,1407.2901634702928,35.18225408675732,1
synthetic_A#8004,1,DDoS,test_attack,8787.600770278474,219.69001925696185,1
synthetic_A#8005,1,DDoS,test_attack,3273.718252760163,81.84295631900407,1
synthetic_A#8006,1,DDoS,test_attack,1081.5140375364836,27.037850938412088,1
synthetic_A#8007,1,DDoS,test_attack,3504.000195151348,87.60000487878371,1
synthetic_A#8008,1,DDoS,test_attack,2654.89842821764,66.372460705441,1
synthetic_A#8009,1,DDoS,test_attack,121059.51316277817,3026.487829069454,1
synthetic_A#8010,1,DDoS,test_attack,100.12845251067381,2.503211312766845,1
synthetic_A#8011,1,DDoS,test_attack,6885.782982180012,172.1445745545003,1
synthetic_A#8012,1,DDoS,test_attack,1310.6921153330763,32.767302883326906,1
synthetic_A#8013,1,DDoS,test_attack,675.0431753802412,16.87607938450603,1
synthetic_A#8014,1,DDoS,test_attack,1093.0555070508549,27.326387676271374,1
synthetic_A#8015,1,DDoS,test_attack,2058.002427766013,51.45006069415033,1
synthetic_A#8016,1,DDoS,test_attack,1563.9334849637787,39.09833712409447,1
synthetic_A#8017,1,DDoS,test_attack,1777.778033205253,44.44445083013132,1
synthetic_A#8018,1,DDoS,test_attack,15384.88149363652,384.622037340913,1
synthetic_A#8019,1,DDoS,test_attack,4071.991723298225,101.79979308245564,1
synthetic_A#8020,1,DDoS,test_attack,289.30113850921236,7.2325284627303095,1
synthetic_A#8021,1,DDoS,test_attack,8213.064305537217,205.3266076384304,1
synthetic_A#8022,1,DDoS,test_attack,23660.71559304655,591.5178898261637,1
synthetic_A#8023,1,DDoS,test_attack,7102.5929663946845,177.5648241598671,1
synthetic_A#8024,1,DDoS,test_attack,5967.716030569851,149.19290076424628,1
synthetic_A#8025,1,DDoS,test_attack,393.42063901523704,9.835515975380925,1
synthetic_A#8026,1,DDoS,test_attack,1252.2019239161996,31.30504809790499,1
synthetic_A#8027,1,DDoS,test_attack,961.0870677945763,24.02717669486441,1
synthetic_A#8028,1,DDoS,test_attack,1755.2823987881084,43.88205996970271,1
synthetic_A#8029,1,DDoS,test_attack,122.35333687161489,3.0588334217903723,1
synthetic_A#8030,1,DDoS,test_attack,9726.052926543729,243.15132316359322,1
synthetic_A#8031,1,DDoS,test_attack,345.0556018633769,8.626390046584422,1
synthetic_A#8032,1,DDoS,test_attack,9459.737689015328,236.4934422253832,1
synthetic_A#8033,1,DDoS,test_attack,11932.20968590209,298.30524214755224,1
synthetic_A#8034,1,DDoS,test_attack,11305.16682038011,282.6291705095027,1
synthetic_A#8035,1,DDoS,test_attack,7990.868975947276,199.7717243986819,1
synthetic_A#8036,1,DDoS,test_attack,4659.393597500379,116.48483993750946,1
synthetic_A#8037,1,DDoS,test_attack,5735.234007478302,143.38085018695756,1
synthetic_A#8038,1,DDoS,test_attack,927.0397691819039,23.175994229547598,1
synthetic_A#8039,1,DDoS,test_attack,544.8089320763806,13.620223301909515,1
synthetic_A#8040,1,DDoS,test_attack,767.7789006340104,19.194472515850258,1
synthetic_A#8041,1,DDoS,test_attack,3041.7499936575823,76.04374984143956,1
synthetic_A#8042,1,DDoS,test_attack,1632.821065271899,40.82052663179748,1
synthetic_A#8043,1,DDoS,test_attack,739.1434335482066,18.478585838705165,1
synthetic_A#8044,1,DDoS,test_attack,597.7631765046012,14.94407941261503,1
synthetic_A#8045,1,DDoS,test_attack,68.6732186138222,1.716830465345555,1
synthetic_A#8046,1,DDoS,test_attack,4141.332522914383,103.53331307285957,1
synthetic_A#8047,1,DDoS,test_attack,920.4590140534428,23.01147535133607,1
synthetic_A#8048,1,DDoS,test_attack,20733.810260393504,518.3452565098376,1
synthetic_A#8049,1,DDoS,test_attack,67.9089266828426,1.697723167071065,1
synthetic_A#8050,1,DDoS,test_attack,473.4946763188957,11.837366907972392,1
synthetic_A#8051,1,DDoS,test_attack,151.664800577466,3.79162001443665,1
synthetic_A#8052,1,DDoS,test_attack,17631.816472946397,440.79541182365995,1
synthetic_A#8053,1,DDoS,test_attack,5514.346666512309,137.8586666628077,1
synthetic_A#8054,1,DDoS,test_attack,1317.1325887986852,32.92831471996713,1
synthetic_A#8055,1,DDoS,test_attack,32278.988353297245,806.9747088324311,1
synthetic_A#8056,1,DDoS,test_attack,73290.59847443193,1832.2649618607982,1
synthetic_A#8057,1,DDoS,test_attack,1186.7573420230942,29.668933550577357,1
synthetic_A#8058,1,DDoS,test_attack,1049.6383226021082,26.240958065052705,1
synthetic_A#8059,1,DDoS,test_attack,800.4121574783768,20.01030393695942,1
synthetic_A#8060,1,DDoS,test_attack,698.5271594645253,17.463178986613134,1
synthetic_A#8061,1,DDoS,test_attack,8403.160927631196,210.07902319077988,1
synthetic_A#8062,1,DDoS,test_attack,18829.314603235223,470.7328650808806,1
synthetic_A#8063,1,DDoS,test_attack,3716.3285889597228,92.90821472399307,1
synthetic_A#8064,1,DDoS,test_attack,2724.430411438878,68.11076028597195,1
synthetic_A#8065,1,DDoS,test_attack,981.8334457735167,24.54583614433792,1
synthetic_A#8066,1,DDoS,test_attack,6569.503771676078,164.23759429190196,1
synthetic_A#8067,1,DDoS,test_attack,1924.2598066197297,48.10649516549324,1
synthetic_A#8068,1,DDoS,test_attack,1417.1625858574998,35.429064646437496,1
synthetic_A#8069,1,DDoS,test_attack,14046.73871142143,351.16846778553577,1
synthetic_A#8070,1,DDoS,test_attack,1188.3234222018884,29.708085555047212,1
synthetic_A#8071,1,DDoS,test_attack,2016.6149712609408,50.41537428152352,1
synthetic_A#8072,1,DDoS,test_attack,613.5146404637148,15.33786601159287,1
synthetic_A#8073,1,DDoS,test_attack,360.39407851100646,9.009851962775162,1
synthetic_A#8074,1,DDoS,test_attack,986.9211105848772,24.673027764621928,1
synthetic_A#8075,1,DDoS,test_attack,1293.4477213077948,32.33619303269487,1
synthetic_A#8076,1,DDoS,test_attack,42965.10322102485,1074.1275805256214,1
synthetic_A#8077,1,DDoS,test_attack,1675.2565433525692,41.88141358381423,1
synthetic_A#8078,1,DDoS,test_attack,156.85654278342986,3.9214135695857464,1
synthetic_A#8079,1,DDoS,test_attack,323.1349499252642,8.078373748131606,1
synthetic_A#8080,1,DDoS,test_attack,27352.120863586373,683.8030215896594,1
synthetic_A#8081,1,DDoS,test_attack,6918.085078783121,172.95212696957805,1
synthetic_A#8082,1,DDoS,test_attack,142.8841643705777,3.5721041092644428,1
synthetic_A#8083,1,DDoS,test_attack,4870.220335549774,121.75550838874435,1
synthetic_A#8084,1,DDoS,test_attack,7000.563775283108,175.0140943820777,1
synthetic_A#8085,1,DDoS,test_attack,1525618.381856556,38140.4595464139,1
synthetic_A#8086,1,DDoS,test_attack,8888.953652810882,222.22384132027204,1
synthetic_A#8087,1,DDoS,test_attack,881.9261831620839,22.0481545790521,1
synthetic_A#8088,1,DDoS,test_attack,198.67181363631482,4.96679534090787,1
synthetic_A#8089,1,DDoS,test_attack,355.5887312174966,8.889718280437416,1
synthetic_A#8090,1,DDoS,test_attack,27560.18686948507,689.0046717371267,1
synthetic_A#8091,1,DDoS,test_attack,1270.7389528672816,31.76847382168204,1
synthetic_A#8092,1,DDoS,test_attack,7196.955885886778,179.92389714716944,1
synthetic_A#8093,1,DDoS,test_attack,305.7481806491269,7.643704516228172,1
synthetic_A#8094,1,DDoS,test_attack,1032.4206467025097,25.810516167562742,1
synthetic_A#8095,1,DDoS,test_attack,145.73901805517553,3.6434754513793886,1
synthetic_A#8096,1,DDoS,test_attack,2905.82053761937,72.64551344048425,1
synthetic_A#8097,1,DDoS,test_attack,8128.028720813229,203.20071802033073,1
synthetic_A#8098,1,DDoS,test_attack,62044.3201775889,1551.1080044397227,1
synthetic_A#8099,1,DDoS,test_attack,7221.336550672713,180.53341376681783,1
synthetic_A#8100,1,DDoS,test_attack,295.98433683901703,7.399608420975426,1
synthetic_A#8101,1,DDoS,test_attack,72487.56801948533,1812.1892004871333,1
synthetic_A#8102,1,DDoS,test_attack,1278.5793870241725,31.964484675604314,1
synthetic_A#8103,1,DDoS,test_attack,360.49692965566607,9.012423241391652,1
synthetic_A#8104,1,DDoS,test_attack,6699.356254539156,167.4839063634789,1
synthetic_A#8105,1,DDoS,test_attack,587.3949730215031,14.684874325537578,1
synthetic_A#8106,1,DDoS,test_attack,572.6066400533415,14.315166001333537,1
synthetic_A#8107,1,DDoS,test_attack,489.1215996983518,12.228039992458795,1
synthetic_A#8108,1,DDoS,test_attack,316.6959646535982,7.917399116339955,1
synthetic_A#8109,1,DDoS,test_attack,38849.59297487169,971.2398243717922,1
synthetic_A#8110,1,DDoS,test_attack,3345.354902112663,83.63387255281657,1
synthetic_A#8111,1,DDoS,test_attack,9776.315075690238,244.40787689225596,1
synthetic_A#8112,1,DDoS,test_attack,4173.038803581872,104.32597008954681,1
synthetic_A#8113,1,DDoS,test_attack,670.3661985016848,16.75915496254212,1
synthetic_A#8114,1,DDoS,test_attack,140.8334343296631,3.5208358582415777,1
synthetic_A#8115,1,DDoS,test_attack,96.70396101539556,2.417599025384889,1
synthetic_A#8116,1,DDoS,test_attack,156.23320996431804,3.905830249107951,1
synthetic_A#8117,1,DDoS,test_attack,70.43858270736547,1.7609645676841368,1
synthetic_A#8118,1,DDoS,test_attack,21417.260223793113,535.4315055948279,1
synthetic_A#8119,1,DDoS,test_attack,2230.1332553365055,55.753331383412636,1
synthetic_A#8120,1,DDoS,test_attack,87915.27840044527,2197.881960011132,1
synthetic_A#8121,1,DDoS,test_attack,337.64268992294797,8.441067248073699,1
synthetic_A#8122,1,DDoS,test_attack,60.46911037312912,1.511727759328228,1
synthetic_A#8123,1,DDoS,test_attack,347.50202754551646,8.687550688637911,1
synthetic_A#8124,1,DDoS,test_attack,2224.30479492263,55.60761987306576,1
synthetic_A#8125,1,DDoS,test_attack,7753.3546619851495,193.83386654962874,1
synthetic_A#8126,1,DDoS,test_attack,324.8464130352802,8.121160325882006,1
synthetic_A#8127,1,DDoS,test_attack,370.1554275588544,9.25388568897136,1
synthetic_A#8128,1,DDoS,test_attack,402.84387618227396,10.07109690455685,1
synthetic_A#8129,1,DDoS,test_attack,618.5326181760411,15.463315454401027,1
synthetic_A#8130,1,DDoS,test_attack,2486.8229258192787,62.17057314548197,1
synthetic_A#8131,1,DDoS,test_attack,334.19544224500225,8.354886056125057,1
synthetic_A#8132,1,DDoS,test_attack,962.8630164252829,24.07157541063207,1
synthetic_A#8133,1,DDoS,test_attack,452.6472298501892,11.31618074625473,1
synthetic_A#8134,1,DDoS,test_attack,82976.91545553414,2074.4228863883536,1
synthetic_A#8135,1,DDoS,test_attack,1715.5170541371358,42.8879263534284,1
synthetic_A#8136,1,DDoS,test_attack,1295.9354430811338,32.39838607702835,1
synthetic_A#8137,1,DDoS,test_attack,3267.801900789962,81.69504751974905,1
synthetic_A#8138,1,DDoS,test_attack,4092.864603060749,102.32161507651873,1
synthetic_A#8139,1,DDoS,test_attack,300.6044705133196,7.51511176283299,1
synthetic_A#8140,1,DDoS,test_attack,181.52682921210197,4.538170730302549,1
synthetic_A#8141,1,DDoS,test_attack,56.960442433395,1.424011060834875,1
synthetic_A#8142,1,DDoS,test_attack,532.6617486473224,13.316543716183059,1
synthetic_A#8143,1,DDoS,test_attack,3844.2999933730853,96.10749983432713,1
synthetic_A#8144,1,DDoS,test_attack,33244.32209917051,831.1080524792627,1
synthetic_A#8145,1,DDoS,test_attack,1766.7777978343506,44.169444945858764,1
synthetic_A#8146,1,DDoS,test_attack,285.78442788267324,7.144610697066831,1
synthetic_A#8147,1,DDoS,test_attack,978.3648142397274,24.459120355993186,1
synthetic_A#8148,1,DDoS,test_attack,18353.380660805036,458.83451652012593,1
synthetic_A#8149,1,DDoS,test_attack,2145.1918428838635,53.62979607209659,1
synthetic_A#8150,1,DDoS,test_attack,434.7646752561311,10.869116881403277,1
synthetic_A#8151,1,DDoS,test_attack,128.62620582248894,3.2156551455622235,1
synthetic_A#8152,1,DDoS,test_attack,702.7725496483617,17.569313741209044,1
synthetic_A#8153,1,DDoS,test_attack,496.6990282677763,12.417475706694407,1
synthetic_A#8154,1,DDoS,test_attack,988.6575553489824,24.71643888372456,1
synthetic_A#8155,1,DDoS,test_attack,3072.93290876597,76.82332271914925,1
synthetic_A#8156,1,DDoS,test_attack,6414.081131293641,160.35202828234102,1
synthetic_A#8157,1,DDoS,test_attack,2041.1957355580475,51.02989338895119,1
synthetic_A#8158,1,DDoS,test_attack,104017.48884198195,2600.4372210495485,1
synthetic_A#8159,1,DDoS,test_attack,1809.1024425674013,45.22756106418503,1
synthetic_A#8160,1,DDoS,test_attack,400.44090608747064,10.011022652186766,1
synthetic_A#8161,1,DDoS,test_attack,4578.348216615461,114.45870541538652,1
synthetic_A#8162,1,DDoS,test_attack,7443.484366599914,186.08710916499786,1
synthetic_A#8163,1,DDoS,test_attack,29.107704931171796,0.7276926232792948,1
synthetic_A#8164,1,DDoS,test_attack,10878.457533149765,271.9614383287441,1
synthetic_A#8165,1,DDoS,test_attack,4093.5917354090975,102.33979338522744,1
synthetic_A#8166,1,DDoS,test_attack,58497.5090182237,1462.4377254555925,1
synthetic_A#8167,1,DDoS,test_attack,8755.548433198739,218.8887108299685,1
synthetic_A#8168,1,DDoS,test_attack,615.6009198395316,15.39002299598829,1
synthetic_A#8169,1,DDoS,test_attack,571.7743076126324,14.29435769031581,1
synthetic_A#8170,1,DDoS,test_attack,4774.505404488088,119.3626351122022,1
synthetic_A#8171,1,DDoS,test_attack,2144.568476275831,53.614211906895775,1
synthetic_A#8172,1,DDoS,test_attack,59210.32047889863,1480.2580119724657,1
synthetic_A#8173,1,DDoS,test_attack,188.00489302868917,4.7001223257172295,1
synthetic_A#8174,1,DDoS,test_attack,183.12989926808777,4.578247481702194,1
synthetic_A#8175,1,DDoS,test_attack,1199.4357230735645,29.985893076839112,1
synthetic_A#8176,1,DDoS,test_attack,14134.662097555116,353.3665524388779,1
synthetic_A#8177,1,DDoS,test_attack,551.1930671625214,13.779826679063035,1
synthetic_A#8178,1,DDoS,test_attack,5872.290542161947,146.8072635540487,1
synthetic_A#8179,1,DDoS,test_attack,374.8319898193771,9.370799745484428,1
synthetic_A#8180,1,DDoS,test_attack,602.9901197583364,15.074752993958409,1
synthetic_A#8181,1,DDoS,test_attack,3831.4919714110347,95.78729928527586,1
synthetic_A#8182,1,DDoS,test_attack,179.76036451612532,4.494009112903133,1
synthetic_A#8183,1,DDoS,test_attack,1145.9449785861652,28.64862446465413,1
synthetic_A#8184,1,DDoS,test_attack,97.58797883331314,2.439699470832829,1
synthetic_A#8185,1,DDoS,test_attack,2551.742311156032,63.7935577789008,1
synthetic_A#8186,1,DDoS,test_attack,151.2018993984097,3.7800474849602423,1
synthetic_A#8187,1,DDoS,test_attack,53.287187031152754,1.332179675778819,1
synthetic_A#8188,1,DDoS,test_attack,2740.201430403954,68.50503576009885,1
synthetic_A#8189,1,DDoS,test_attack,1517.9280100211895,37.94820025052974,1
synthetic_A#8190,1,DDoS,test_attack,277.39084526875536,6.934771131718884,1
synthetic_A#8191,1,DDoS,test_attack,483.16474262956433,12.079118565739108,1
synthetic_A#8192,1,DDoS,test_attack,11832.89781872202,295.8224454680505,1
synthetic_A#8193,1,DDoS,test_attack,553.8555596561566,13.846388991403916,1
synthetic_A#8194,1,DDoS,test_attack,56.48244219905579,1.4120610549763948,1
synthetic_A#8195,1,DDoS,test_attack,6651.12307256167,166.27807681404175,1
synthetic_A#8196,1,DDoS,test_attack,6827.391937303913,170.68479843259783,1
synthetic_A#8197,1,DDoS,test_attack,14463.430076750969,361.58575191877424,1
synthetic_A#8198,1,DDoS,test_attack,3005.669224966747,75.14173062416867,1
synthetic_A#8199,1,DDoS,test_attack,1657.618228992425,41.440455724810626,1
synthetic_A#8200,1,DDoS,test_attack,1180.1544968375597,29.503862420938994,1
synthetic_A#8201,1,DDoS,test_attack,3052.5518578996725,76.31379644749181,1
synthetic_A#8202,1,DDoS,test_attack,33539.83376794538,838.4958441986346,1
synthetic_A#8203,1,DDoS,test_attack,576.6952992676647,14.417382481691618,1
synthetic_A#8204,1,DDoS,test_attack,244.2934722672511,6.107336806681277,1
synthetic_A#8205,1,DDoS,test_attack,1905.9589567119442,47.64897391779861,1
synthetic_A#8206,1,DDoS,test_attack,11083.087610770548,277.0771902692637,1
synthetic_A#8207,1,DDoS,test_attack,846.4141317925526,21.160353294813813,1
synthetic_A#8208,1,DDoS,test_attack,33373.47793902667,834.3369484756668,1
synthetic_A#8209,1,DDoS,test_attack,52.727936576689004,1.3181984144172252,1
synthetic_A#8210,1,DDoS,test_attack,12310.214108016291,307.7553527004073,1
synthetic_A#8211,1,DDoS,test_attack,3218.2787633057487,80.45696908264372,1
synthetic_A#8212,1,DDoS,test_attack,208.58817479742996,5.214704369935749,1
synthetic_A#8213,1,DDoS,test_attack,7655.188238021567,191.37970595053918,1
synthetic_A#8214,1,DDoS,test_attack,140.10502416422753,3.5026256041056882,1
synthetic_A#8215,1,DDoS,test_attack,998.9081560432221,24.972703901080553,1
synthetic_A#8216,1,DDoS,test_attack,403.64479859456395,10.091119964864099,1
synthetic_A#8217,1,DDoS,test_attack,28.374616700637773,0.7093654175159443,1
synthetic_A#8218,1,DDoS,test_attack,1174.3988339386897,29.359970848467242,1
synthetic_A#8219,1,DDoS,test_attack,1186.331282476429,29.65828206191072,1
synthetic_A#8220,1,DDoS,test_attack,81063.6779652035,2026.5919491300876,1
synthetic_A#8221,1,DDoS,test_attack,1987.5417233960711,49.68854308490178,1
synthetic_A#8222,1,DDoS,test_attack,33147.85436589221,828.6963591473053,1
synthetic_A#8223,1,DDoS,test_attack,337.3688035020917,8.434220087552292,1
synthetic_A#8224,1,DDoS,test_attack,202.26903150236564,5.056725787559141,1
synthetic_A#8225,1,DDoS,test_attack,164.07056144793296,4.101764036198324,1
synthetic_A#8226,1,DDoS,test_attack,275.9288177916712,6.89822044479178,1
synthetic_A#8227,1,DDoS,test_attack,2635.3131514679894,65.88282878669973,1
synthetic_A#8228,1,DDoS,test_attack,136.61762110932008,3.415440527733002,1
synthetic_A#8229,1,DDoS,test_attack,301.94480585598063,7.548620146399516,1
synthetic_A#8230,1,DDoS,test_attack,704.1581574986183,17.603953937465455,1
synthetic_A#8231,1,DDoS,test_attack,666.710223178562,16.66775557946405,1
synthetic_A#8232,1,DDoS,test_attack,1893.6360217158942,47.34090054289736,1
synthetic_A#8233,1,DDoS,test_attack,404.12466438158185,10.103116609539546,1
synthetic_A#8234,1,DDoS,test_attack,442.3867826621665,11.059669566554163,1
synthetic_A#8235,1,DDoS,test_attack,1314.8479283170527,32.87119820792632,1
synthetic_A#8236,1,DDoS,test_attack,4597.962550444197,114.94906376110494,1
synthetic_A#8237,1,DDoS,test_attack,61.92169420011526,1.5480423550028815,1
synthetic_A#8238,1,DDoS,test_attack,156.8686434883547,3.9217160872088677,1
synthetic_A#8239,1,DDoS,test_attack,63.318449567256565,1.582961239181414,1
synthetic_A#8240,1,DDoS,test_attack,524.4253913803228,13.11063478450807,1
synthetic_A#8241,1,DDoS,test_attack,5044.336262949113,126.10840657372782,1
synthetic_A#8242,1,DDoS,test_attack,5209.776022198379,130.24440055495947,1
synthetic_A#8243,1,DDoS,test_attack,184.70011660021765,4.617502915005441,1
synthetic_A#8244,1,DDoS,test_attack,3679.336939103496,91.98342347758741,1
synthetic_A#8245,1,DDoS,test_attack,2284.72563535978,57.1181408839945,1
synthetic_A#8246,1,DDoS,test_attack,1707.3180373599632,42.68295093399908,1
synthetic_A#8247,1,DDoS,test_attack,74200.9033604129,1855.0225840103226,1
synthetic_A#8248,1,DDoS,test_attack,4648.097116708281,116.20242791770701,1
synthetic_A#8249,1,DDoS,test_attack,1530.5927995996694,38.264819989991736,1
synthetic_A#8250,1,DDoS,test_attack,9430.713356924167,235.76783392310418,1
synthetic_A#8251,1,DDoS,test_attack,1685.906640938203,42.14766602345507,1
synthetic_A#8252,1,DDoS,test_attack,4297.143699579425,107.42859248948562,1
synthetic_A#8253,1,DDoS,test_attack,15226.095654296041,380.65239135740103,1
synthetic_A#8254,1,DDoS,test_attack,87.57460472381197,2.1893651180952993,1
synthetic_A#8255,1,DDoS,test_attack,281.66377846446443,7.041594461611611,1
synthetic_A#8256,1,DDoS,test_attack,75.19636940905782,1.8799092352264455,1
synthetic_A#8257,1,DDoS,test_attack,1969.506857762883,49.23767144407208,1
synthetic_A#8258,1,DDoS,test_attack,451.11686760589583,11.277921690147396,1
synthetic_A#8259,1,DDoS,test_attack,1273.540591727388,31.838514793184697,1
synthetic_A#8260,1,DDoS,test_attack,2041.9270843046054,51.04817710761513,1
synthetic_A#8261,1,DDoS,test_attack,498.1373914410956,12.45343478602739,1
synthetic_A#8262,1,DDoS,test_attack,844.5012510303022,21.112531275757554,1
synthetic_A#8263,1,DDoS,test_attack,5142.995075076454,128.57487687691133,1
synthetic_A#8264,1,DDoS,test_attack,5761.9341402865275,144.0483535071632,1
synthetic_A#8265,1,DDoS,test_attack,14298.36711588243,357.4591778970608,1
synthetic_A#8266,1,DDoS,test_attack,2563.079016274766,64.07697540686915,1
synthetic_A#8267,1,DDoS,test_attack,866.9219500658745,21.673048751646864,1
synthetic_A#8268,1,DDoS,test_attack,29294.2975552164,732.35743888041,1
synthetic_A#8269,1,DDoS,test_attack,435.2518425874545,10.881296064686364,1
synthetic_A#8270,1,DDoS,test_attack,215712.17233278308,5392.804308319577,1
synthetic_A#8271,1,DDoS,test_attack,646.0726725472823,16.151816813682057,1
synthetic_A#8272,1,DDoS,test_attack,178.00471352148077,4.450117838037019,1
synthetic_A#8273,1,DDoS,test_attack,199.65038349278976,4.991259587319744,1
synthetic_A#8274,1,DDoS,test_attack,5033.246894878201,125.83117237195502,1
synthetic_A#8275,1,DDoS,test_attack,104754.72995609674,2618.8682489024186,1
synthetic_A#8276,1,DDoS,test_attack,6033.907164292596,150.8476791073149,1
synthetic_A#8277,1,DDoS,test_attack,1512.8537892380573,37.82134473095143,1
synthetic_A#8278,1,DDoS,test_attack,3031.5816643436683,75.7895416085917,1
synthetic_A#8279,1,DDoS,test_attack,1594.3355236164762,39.85838809041191,1
synthetic_A#8280,1,DDoS,test_attack,191.04234880336773,4.776058720084193,1
synthetic_A#8281,1,DDoS,test_attack,4362.529192988853,109.06322982472132,1
synthetic_A#8282,1,DDoS,test_attack,1350.052417157087,33.75131042892717,1
synthetic_A#8283,1,DDoS,test_attack,5751.439298490884,143.7859824622721,1
synthetic_A#8284,1,DDoS,test_attack,2698.3953290059058,67.45988322514765,1
synthetic_A#8285,1,DDoS,test_attack,773.8631114106836,19.34657778526709,1
synthetic_A#8286,1,DDoS,test_attack,2768.398763083792,69.2099690770948,1
synthetic_A#8287,1,DDoS,test_attack,1187.8993309882146,29.697483274705366,1
synthetic_A#8288,1,DDoS,test_attack,67.58314437382016,1.689578609345504,1
synthetic_A#8289,1,DDoS,test_attack,2569.4607764491743,64.23651941122935,1
synthetic_A#8290,1,DDoS,test_attack,1023.9851213630195,25.599628034075486,1
synthetic_A#8291,1,DDoS,test_attack,122414.02808448751,3060.3507021121877,1
synthetic_A#8292,1,DDoS,test_attack,2378.7166426094404,59.46791606523601,1
synthetic_A#8293,1,DDoS,test_attack,6595.952108711705,164.89880271779262,1
synthetic_A#8294,1,DDoS,test_attack,270.891421694605,6.772285542365125,1
synthetic_A#8295,1,DDoS,test_attack,3283.6608808042747,82.09152202010686,1
synthetic_A#8296,1,DDoS,test_attack,294.05278090758185,7.351319522689546,1
synthetic_A#8297,1,DDoS,test_attack,52.519828831517046,1.3129957207879261,1
synthetic_A#8298,1,DDoS,test_attack,125.05905881393008,3.126476470348252,1
synthetic_A#8299,1,DDoS,test_attack,14312.439281064479,357.81098202661195,1
synthetic_A#8300,1,DDoS,test_attack,103206.31229641639,2580.15780741041,1
synthetic_A#8301,1,DDoS,test_attack,1819.3540996942993,45.483852492357485,1
synthetic_A#8302,1,DDoS,test_attack,455.70763939423045,11.392690984855761,1
synthetic_A#8303,1,DDoS,test_attack,17050.291033693673,426.2572758423418,1
synthetic_A#8304,1,DDoS,test_attack,2071.6579454249286,51.79144863562321,1
synthetic_A#8305,1,DDoS,test_attack,6075.139640117082,151.87849100292706,1
synthetic_A#8306,1,DDoS,test_attack,941.098445256697,23.527461131417425,1
synthetic_A#8307,1,DDoS,test_attack,6938.2902286085955,173.4572557152149,1
synthetic_A#8308,1,DDoS,test_attack,4315.456311198958,107.88640777997395,1
synthetic_A#8309,1,DDoS,test_attack,332.8521890425449,8.321304726063623,1
synthetic_A#8310,1,DDoS,test_attack,14681.404563176691,367.03511407941727,1
synthetic_A#8311,1,DDoS,test_attack,1229.5191054447766,30.737977636119417,1
synthetic_A#8312,1,DDoS,test_attack,8617.152356040597,215.42880890101492,1
synthetic_A#8313,1,DDoS,test_attack,2501.466451431799,62.53666128579498,1
synthetic_A#8314,1,DDoS,test_attack,11670.598663579241,291.76496658948105,1
synthetic_A#8315,1,DDoS,test_attack,3424.6576797661683,85.6164419941542,1
synthetic_A#8316,1,DDoS,test_attack,1662.418832683748,41.5604708170937,1
synthetic_A#8317,1,DDoS,test_attack,674.9048834257533,16.872622085643833,1
synthetic_A#8318,1,DDoS,test_attack,429.4752014089372,10.73688003522343,1
synthetic_A#8319,1,DDoS,test_attack,3597.0642693548416,89.92660673387104,1
synthetic_A#8320,1,DDoS,test_attack,223.69675463451046,5.592418865862761,1
synthetic_A#8321,1,DDoS,test_attack,278.1875378435802,6.954688446089504,1
synthetic_A#8322,1,DDoS,test_attack,403.3532052571953,10.083830131429883,1
synthetic_A#8323,1,DDoS,test_attack,100762.11575359976,2519.052893839994,1
synthetic_A#8324,1,DDoS,test_attack,31883.732321855707,797.0933080463926,1
synthetic_A#8325,1,DDoS,test_attack,1053.655371981848,26.3413842995462,1
synthetic_A#8326,1,DDoS,test_attack,7592.631368684419,189.81578421711046,1
synthetic_A#8327,1,DDoS,test_attack,11393.001920692877,284.82504801732193,1
synthetic_A#8328,1,DDoS,test_attack,16780.06528203751,419.50163205093776,1
synthetic_A#8329,1,DDoS,test_attack,3919.9017028080625,97.99754257020156,1
synthetic_A#8330,1,DDoS,test_attack,330.73755565497356,8.26843889137434,1
synthetic_A#8331,1,DDoS,test_attack,1894.9438700865744,47.37359675216436,1
synthetic_A#8332,1,DDoS,test_attack,4675.166059734847,116.87915149337118,1
synthetic_A#8333,1,DDoS,test_attack,1746.3343979496399,43.658359948740994,1
synthetic_A#8334,1,DDoS,test_attack,5834.605336185762,145.86513340464404,1
synthetic_A#8335,1,DDoS,test_attack,1722.9178468454616,43.072946171136536,1
synthetic_A#8336,1,DDoS,test_attack,111859.82115414189,2796.495528853547,1
synthetic_A#8337,1,DDoS,test_attack,306.0621035645465,7.6515525891136615,1
synthetic_A#8338,1,DDoS,test_attack,3978.5432865702537,99.46358216425634,1
synthetic_A#8339,1,DDoS,test_attack,342.8121105778073,8.570302764445183,1
synthetic_A#8340,1,DDoS,test_attack,382.21013154925487,9.555253288731372,1
synthetic_A#8341,1,DDoS,test_attack,309.09159645363735,7.727289911340934,1
synthetic_A#8342,1,DDoS,test_attack,9504.606891653613,237.61517229134034,1
synthetic_A#8343,1,DDoS,test_attack,3797.3632927392055,94.93408231848014,1
synthetic_A#8344,1,DDoS,test_attack,1041.6634904324337,26.041587260810843,1
synthetic_A#8345,1,DDoS,test_attack,12843.407359878944,321.08518399697357,1
synthetic_A#8346,1,DDoS,test_attack,54.26042367158499,1.3565105917896247,1
synthetic_A#8347,1,DDoS,test_attack,81.07955778337003,2.026988944584251,1
synthetic_A#8348,1,DDoS,test_attack,1995.7094255912402,49.89273563978101,1
synthetic_A#8349,1,DDoS,test_attack,7645.392633886373,191.13481584715933,1
synthetic_A#8350,1,DDoS,test_attack,7355.859671364378,183.89649178410946,1
synthetic_A#8351,1,DDoS,test_attack,148.5930578469121,3.7148264461728027,1
synthetic_A#8352,1,DDoS,test_attack,91.96078452216705,2.2990196130541762,1
synthetic_A#8353,1,DDoS,test_attack,1216.7452746056483,30.418631865141208,1
synthetic_A#8354,1,DDoS,test_attack,235.77407787476292,5.894351946869073,1
synthetic_A#8355,1,DDoS,test_attack,765.3766212911673,19.134415532279185,1
synthetic_A#8356,1,DDoS,test_attack,3239.827229679053,80.99568074197632,1
synthetic_A#8357,1,DDoS,test_attack,839.4203148235795,20.985507870589487,1
synthetic_A#8358,1,DDoS,test_attack,892.66809674188,22.316702418547003,1
synthetic_A#8359,1,DDoS,test_attack,1698.2528612946696,42.456321532366744,1
synthetic_A#8360,1,DDoS,test_attack,12550.514930973251,313.7628732743313,1
synthetic_A#8361,1,DDoS,test_attack,14615.12381498205,365.3780953745512,1
synthetic_A#8362,1,DDoS,test_attack,2055.9800471659623,51.399501179149055,1
synthetic_A#8363,1,DDoS,test_attack,521.7098479391734,13.042746198479335,1
synthetic_A#8364,1,DDoS,test_attack,14587.805954833453,364.6951488708363,1
synthetic_A#8365,1,DDoS,test_attack,1562.8390210703083,39.07097552675771,1
synthetic_A#8366,1,DDoS,test_attack,21563.064270660805,539.0766067665202,1
synthetic_A#8367,1,DDoS,test_attack,571.3255047403582,14.283137618508954,1
synthetic_A#8368,1,DDoS,test_attack,1176.3902726921724,29.40975681730431,1
synthetic_A#8369,1,DDoS,test_attack,2889.8812840716,72.24703210179,1
synthetic_A#8370,1,DDoS,test_attack,1271.0460515308664,31.77615128827166,1
synthetic_A#8371,1,DDoS,test_attack,559.2438871633227,13.981097179083068,1
synthetic_A#8372,1,DDoS,test_attack,609.8705082851312,15.24676270712828,1
synthetic_A#8373,1,DDoS,test_attack,2295.93470840013,57.39836771000326,1
synthetic_A#8374,1,DDoS,test_attack,23220.639973412824,580.5159993353207,1
synthetic_A#8375,1,DDoS,test_attack,297.0306175639146,7.425765439097864,1
synthetic_A#8376,1,DDoS,test_attack,151.91934594128622,3.7979836485321554,1
synthetic_A#8377,1,DDoS,test_attack,5172.795098245974,129.31987745614936,1
synthetic_A#8378,1,DDoS,test_attack,1161.754410609151,29.043860265228773,1
synthetic_A#8379,1,DDoS,test_attack,966.0716206525098,24.151790516312744,1
synthetic_A#8380,1,DDoS,test_attack,224.68990557537535,5.6172476393843835,1
synthetic_A#8381,1,DDoS,test_attack,168.91039334327553,4.222759833581888,1
synthetic_A#8382,1,DDoS,test_attack,9210.420689089233,230.26051722723082,1
synthetic_A#8383,1,DDoS,test_attack,91714.69977037358,2292.8674942593398,1
synthetic_A#8384,1,DDoS,test_attack,115.63459318786936,2.890864829696734,1
synthetic_A#8385,1,DDoS,test_attack,171.80605648603557,4.295151412150889,1
synthetic_A#8386,1,DDoS,test_attack,1641.2205604739897,41.030514011849746,1
synthetic_A#8387,1,DDoS,test_attack,393.02218551177367,9.825554637794342,1
synthetic_A#8388,1,DDoS,test_attack,573.884898402288,14.347122460057198,1
synthetic_A#8389,1,DDoS,test_attack,50.96566648793899,1.2741416621984747,1
synthetic_A#8390,1,DDoS,test_attack,9160.06051696276,229.001512924069,1
synthetic_A#8391,1,DDoS,test_attack,123.12916711319377,3.0782291778298445,1
synthetic_A#8392,1,DDoS,test_attack,1469.7183718255758,36.742959295639395,1
synthetic_A#8393,1,DDoS,test_attack,3123.0441767975763,78.07610441993941,1
synthetic_A#8394,1,DDoS,test_attack,882.4640691630873,22.061601729077182,1
synthetic_A#8395,1,DDoS,test_attack,241.65284775216287,6.041321193804071,1
synthetic_A#8396,1,DDoS,test_attack,399.70671361672953,9.992667840418239,1
synthetic_A#8397,1,DDoS,test_attack,633.5212194501639,15.838030486254098,1
synthetic_A#8398,1,DDoS,test_attack,156.05433467269927,3.901358366817482,1
synthetic_A#8399,1,DDoS,test_attack,466.20386265539986,11.655096566384996,1
synthetic_A#8400,1,DDoS,test_attack,28355.75071746207,708.8937679365517,1
synthetic_A#8401,1,DDoS,test_attack,6083.006715366913,152.07516788417283,1
synthetic_A#8402,1,DDoS,test_attack,12323.611249816546,308.0902812454136,1
synthetic_A#8403,1,DDoS,test_attack,687.0920033852241,17.177300084630602,1
synthetic_A#8404,1,DDoS,test_attack,25118.5052948999,627.9626323724975,1
synthetic_A#8405,1,DDoS,test_attack,162.6401148019546,4.066002870048865,1
synthetic_A#8406,1,DDoS,test_attack,63562.75954887046,1589.0689887217616,1
synthetic_A#8407,1,DDoS,test_attack,320.6490934532271,8.016227336330678,1
synthetic_A#8408,1,DDoS,test_attack,735.5657712268842,18.389144280672106,1
synthetic_A#8409,1,DDoS,test_attack,5149.044574561202,128.72611436403005,1
synthetic_A#8410,1,DDoS,test_attack,1006.5251694445175,25.163129236112937,1
synthetic_A#8411,1,DDoS,test_attack,258.2074527018342,6.455186317545855,1
synthetic_A#8412,1,DDoS,test_attack,14937.64586264122,373.4411465660305,1
synthetic_A#8413,1,DDoS,test_attack,8729.209137524951,218.2302284381238,1
synthetic_A#8414,1,DDoS,test_attack,2913.5255273674493,72.83813818418623,1
synthetic_A#8415,1,DDoS,test_attack,4178.59296291344,104.464824072836,1
synthetic_A#8416,1,DDoS,test_attack,101844.9344141781,2546.1233603544524,1
synthetic_A#8417,1,DDoS,test_attack,29001.39653086185,725.0349132715462,1
synthetic_A#8418,1,DDoS,test_attack,677.0521423966188,16.92630355991547,1
synthetic_A#8419,1,DDoS,test_attack,428.51379835122805,10.712844958780702,1
synthetic_A#8420,1,DDoS,test_attack,4045.464557750958,101.13661394377395,1
synthetic_A#8421,1,DDoS,test_attack,71.71356297788236,1.792839074447059,1
synthetic_A#8422,1,DDoS,test_attack,13007.354112072328,325.1838528018082,1
synthetic_A#8423,1,DDoS,test_attack,245.7723090888137,6.144307727220342,1
synthetic_A#8424,1,DDoS,test_attack,996.99737314146,24.9249343285365,1
synthetic_A#8425,1,DDoS,test_attack,730.390540900044,18.2597635225011,1
synthetic_A#8426,1,DDoS,test_attack,672.0148750371989,16.800371875929972,1
synthetic_A#8427,1,DDoS,test_attack,2576.353238902534,64.40883097256335,1
synthetic_A#8428,1,DDoS,test_attack,860.0373241080363,21.500933102700905,1
synthetic_A#8429,1,DDoS,test_attack,1245.4416022062976,31.13604005515744,1
synthetic_A#8430,1,DDoS,test_attack,45.76342528028856,1.144085632007214,1
synthetic_A#8431,1,DDoS,test_attack,171.20063671738023,4.280015917934506,1
synthetic_A#8432,1,DDoS,test_attack,101.47729014552539,2.5369322536381347,1
synthetic_A#8433,1,DDoS,test_attack,2285.726288909619,57.14315722274048,1
synthetic_A#8434,1,DDoS,test_attack,794.3124193550548,19.85781048387637,1
synthetic_A#8435,1,DDoS,test_attack,1384.9915792151437,34.624789480378595,1
synthetic_A#8436,1,DDoS,test_attack,13435.989324396018,335.89973310990047,1
synthetic_A#8437,1,DDoS,test_attack,677.3217382657522,16.933043456643805,1
synthetic_A#8438,1,DDoS,test_attack,2940.3003943638787,73.50750985909697,1
synthetic_A#8439,1,DDoS,test_attack,4271.980720050043,106.79951800125107,1
synthetic_A#8440,1,DDoS,test_attack,1762.5005175547603,44.062512938869006,1
synthetic_A#8441,1,DDoS,test_attack,6406.07046853624,160.151761713406,1
synthetic_A#8442,1,DDoS,test_attack,193.0911316148704,4.82727829037176,1
synthetic_A#8443,1,DDoS,test_attack,1305.5065159496105,32.63766289874026,1
synthetic_A#8444,1,DDoS,test_attack,2087.0802115310935,52.177005288277336,1
synthetic_A#8445,1,DDoS,test_attack,330.62949930701143,8.265737482675286,1
synthetic_A#8446,1,DDoS,test_attack,4087.6247053822954,102.19061763455738,1
synthetic_A#8447,1,DDoS,test_attack,581.0559533915948,14.52639883478987,1
synthetic_A#8448,1,DDoS,test_attack,10736.213086720656,268.4053271680164,1
synthetic_A#8449,1,DDoS,test_attack,462.2212273018836,11.55553068254709,1
synthetic_A#8450,1,DDoS,test_attack,267.35598141812636,6.683899535453159,1
synthetic_A#8451,1,DDoS,test_attack,109.17506825089528,2.729376706272382,1
synthetic_A#8452,1,DDoS,test_attack,437596.21708803787,10939.905427200947,1
synthetic_A#8453,1,DDoS,test_attack,333.6168293352762,8.340420733381904,1
synthetic_A#8454,1,DDoS,test_attack,10916.668645877855,272.9167161469464,1
synthetic_A#8455,1,DDoS,test_attack,315.2550571891099,7.881376429727747,1
synthetic_A#8456,1,DDoS,test_attack,1441.3709481204978,36.034273703012445,1
synthetic_A#8457,1,DDoS,test_attack,2769.2762041220117,69.2319051030503,1
synthetic_A#8458,1,DDoS,test_attack,150.78038523675582,3.7695096309188956,1
synthetic_A#8459,1,DDoS,test_attack,972.7850926336621,24.31962731584155,1
synthetic_A#8460,1,DDoS,test_attack,941.5660359503834,23.539150898759583,1
synthetic_A#8461,1,DDoS,test_attack,705.1664510631031,17.629161276577577,1
synthetic_A#8462,1,DDoS,test_attack,59.2297869623823,1.4807446740595576,1
synthetic_A#8463,1,DDoS,test_attack,811.0596203660411,20.276490509151028,1
synthetic_A#8464,1,DDoS,test_attack,1441.9631751166794,36.04907937791698,1
synthetic_A#8465,1,DDoS,test_attack,2508.8881402716306,62.72220350679076,1
synthetic_A#8466,1,DDoS,test_attack,1619.3651259574813,40.48412814893703,1
synthetic_A#8467,1,DDoS,test_attack,926.4495757803362,23.161239394508407,1
synthetic_A#8468,1,DDoS,test_attack,1376.313141620873,34.40782854052183,1
synthetic_A#8469,1,DDoS,test_attack,2972.0896502348896,74.30224125587225,1
synthetic_A#8470,1,DDoS,test_attack,111.16760946288194,2.7791902365720484,1
synthetic_A#8471,1,DDoS,test_attack,10874.151320451514,271.8537830112879,1
synthetic_A#8472,1,DDoS,test_attack,2793.7336300744237,69.8433407518606,1
synthetic_A#8473,1,DDoS,test_attack,568.6407184158354,14.216017960395885,1
synthetic_A#8474,1,DDoS,test_attack,236.66739413005743,5.916684853251436,1
synthetic_A#8475,1,DDoS,test_attack,3993.307900534091,99.83269751335227,1
synthetic_A#8476,1,DDoS,test_attack,555.0898314939275,13.877245787348187,1
synthetic_A#8477,1,DDoS,test_attack,4562.128721799879,114.05321804499697,1
synthetic_A#8478,1,DDoS,test_attack,292.97450418734184,7.324362604683546,1
synthetic_A#8479,1,DDoS,test_attack,1791.4296690698498,44.785741726746245,1
synthetic_A#8480,1,DDoS,test_attack,572.867000017991,14.321675000449776,1
synthetic_A#8481,1,DDoS,test_attack,169.12089404917333,4.228022351229333,1
synthetic_A#8482,1,DDoS,test_attack,63.386154951125846,1.5846538737781461,1
synthetic_A#8483,1,DDoS,test_attack,673.3319837830795,16.83329959457699,1
synthetic_A#8484,1,DDoS,test_attack,2489.75017132316,62.243754283079,1
synthetic_A#8485,1,DDoS,test_attack,1421.1647772120077,35.52911943030019,1
synthetic_A#8486,1,DDoS,test_attack,459.4366191168864,11.485915477922159,1
synthetic_A#8487,1,DDoS,test_attack,25307.08875472597,632.6772188681492,1
synthetic_A#8488,1,DDoS,test_attack,7529.122601335093,188.22806503337733,1
synthetic_A#8489,1,DDoS,test_attack,782.1135937862489,19.552839844656223,1
synthetic_A#8490,1,DDoS,test_attack,801.8273439318957,20.045683598297394,1
synthetic_A#8491,1,DDoS,test_attack,3247.5208431332667,81.18802107833167,1
synthetic_A#8492,1,DDoS,test_attack,40.851642096601665,1.0212910524150416,1
synthetic_A#8493,1,DDoS,test_attack,457.8025867914196,11.445064669785491,1
synthetic_A#8494,1,DDoS,test_attack,304.6871158585283,7.617177896463207,1
synthetic_A#8495,1,DDoS,test_attack,23131.22050105273,578.2805125263183,1
synthetic_A#8496,1,DDoS,test_attack,81.40446139084288,2.035111534771072,1
synthetic_A#8497,1,DDoS,test_attack,14156.059641260148,353.9014910315037,1
synthetic_A#8498,1,DDoS,test_attack,94.78049876084593,2.3695124690211484,1
synthetic_A#8499,1,DDoS,test_attack,19888.516216509903,497.21290541274755,1
synthetic_A#8500,1,DDoS,test_attack,1143.8028349030062,28.595070872575157,1
synthetic_A#8501,1,DDoS,test_attack,4413.186078426651,110.32965196066627,1
synthetic_A#8502,1,DDoS,test_attack,558.0084920301415,13.950212300753538,1
synthetic_A#8503,1,DDoS,test_attack,561.8966710484206,14.047416776210515,1
synthetic_A#8504,1,DDoS,test_attack,358.70609914695336,8.967652478673834,1
synthetic_A#8505,1,DDoS,test_attack,4104.399648464087,102.60999121160216,1
synthetic_A#8506,1,DDoS,test_attack,5485.734658358381,137.14336645895952,1
synthetic_A#8507,1,DDoS,test_attack,696.5558216236993,17.413895540592485,1
synthetic_A#8508,1,DDoS,test_attack,307.8635794539575,7.696589486348938,1
synthetic_A#8509,1,DDoS,test_attack,3921.02375441595,98.02559386039874,1
synthetic_A#8510,1,DDoS,test_attack,7430.357775659068,185.7589443914767,1
synthetic_A#8511,1,DDoS,test_attack,849.3538857010406,21.233847142526013,1
synthetic_A#8512,1,DDoS,test_attack,219.31363022917066,5.482840755729266,1
synthetic_A#8513,1,DDoS,test_attack,861.7676795703039,21.544191989257598,1
synthetic_A#8514,1,DDoS,test_attack,675.2657588918692,16.88164397229673,1
synthetic_A#8515,1,DDoS,test_attack,302.80649387611874,7.570162346902968,1
synthetic_A#8516,1,DDoS,test_attack,1707.0066833679257,42.675167084198144,1
synthetic_A#8517,1,DDoS,test_attack,3526.284238050692,88.1571059512673,1
synthetic_A#8518,1,DDoS,test_attack,1025.5796258847022,25.639490647117555,1
synthetic_A#8519,1,DDoS,test_attack,381.9694389696356,9.54923597424089,1
synthetic_A#8520,1,DDoS,test_attack,641.6499863634422,16.041249659086056,1
synthetic_A#8521,1,DDoS,test_attack,350.3665624310867,8.759164060777168,1
synthetic_A#8522,1,DDoS,test_attack,147.154440911267,3.6788610227816747,1
synthetic_A#8523,1,DDoS,test_attack,513.2814906376016,12.83203726594004,1
synthetic_A#8524,1,DDoS,test_attack,2364.6976039987985,59.11744009996996,1
synthetic_A#8525,1,DDoS,test_attack,20977.689179896453,524.4422294974113,1
synthetic_A#8526,1,DDoS,test_attack,3621.6478956377155,90.54119739094288,1
synthetic_A#8527,1,DDoS,test_attack,305.76294750586277,7.64407368764657,1
synthetic_A#8528,1,DDoS,test_attack,17143.08699310674,428.5771748276685,1
synthetic_A#8529,1,DDoS,test_attack,1604.0816391262128,40.10204097815532,1
synthetic_A#8530,1,DDoS,test_attack,722.553217902896,18.0638304475724,1
synthetic_A#8531,1,DDoS,test_attack,1196.2615314947784,29.90653828736946,1
synthetic_A#8532,1,DDoS,test_attack,21354.47663685025,533.8619159212562,1
synthetic_A#8533,1,DDoS,test_attack,1295.2829547553524,32.38207386888381,1
synthetic_A#8534,1,DDoS,test_attack,2960.840024385071,74.02100060962678,1
synthetic_A#8535,1,DDoS,test_attack,2552.0985526311097,63.80246381577774,1
synthetic_A#8536,1,DDoS,test_attack,334.2410817523122,8.356027043807805,1
synthetic_A#8537,1,DDoS,test_attack,755.4680715020941,18.88670178755235,1
synthetic_A#8538,1,DDoS,test_attack,866.3910464109758,21.659776160274397,1
synthetic_A#8539,1,DDoS,test_attack,7980.85284318621,199.52132107965525,1
synthetic_A#8540,1,DDoS,test_attack,64915.42790818083,1622.8856977045207,1
synthetic_A#8541,1,DDoS,test_attack,2926.710070128065,73.16775175320163,1
synthetic_A#8542,1,DDoS,test_attack,4416.893656698863,110.42234141747159,1
synthetic_A#8543,1,DDoS,test_attack,3441.475567689173,86.03688919222932,1
synthetic_A#8544,1,DDoS,test_attack,3609.9664463834647,90.24916115958662,1
synthetic_A#8545,1,DDoS,test_attack,1283.4257587169982,32.08564396792495,1
synthetic_A#8546,1,DDoS,test_attack,162.75244946099232,4.068811236524808,1
synthetic_A#8547,1,DDoS,test_attack,732.3853331689736,18.30963332922434,1
synthetic_A#8548,1,DDoS,test_attack,1720.5829905809146,43.01457476452286,1
synthetic_A#8549,1,DDoS,test_attack,4939.0151714726535,123.47537928681633,1
synthetic_A#8550,1,DDoS,test_attack,10120.473300606145,253.01183251515363,1
synthetic_A#8551,1,DDoS,test_attack,12865.711171218318,321.64277928045794,1
synthetic_A#8552,1,DDoS,test_attack,375.21559642958726,9.380389910739682,1
synthetic_A#8553,1,DDoS,test_attack,21752.31859628274,543.8079649070685,1
synthetic_A#8554,1,DDoS,test_attack,195.01094314758606,4.875273578689652,1
synthetic_A#8555,1,DDoS,test_attack,2042.0064315182362,51.0501607879559,1
synthetic_A#8556,1,DDoS,test_attack,390.16988893198265,9.754247223299567,1
synthetic_A#8557,1,DDoS,test_attack,1897.7083149992377,47.44270787498094,1
synthetic_A#8558,1,DDoS,test_attack,43.96623714825879,1.0991559287064698,1
synthetic_A#8559,1,DDoS,test_attack,290.870191153945,7.271754778848624,1
synthetic_A#8560,1,DDoS,test_attack,161.0787944513125,4.026969861282812,1
synthetic_A#8561,1,DDoS,test_attack,10083.585943239057,252.08964858097642,1
synthetic_A#8562,1,DDoS,test_attack,625.7918109824666,15.644795274561664,1
synthetic_A#8563,1,DDoS,test_attack,1125.5897765140255,28.13974441285064,1
synthetic_A#8564,1,DDoS,test_attack,364.17978070701554,9.104494517675388,1
synthetic_A#8565,1,DDoS,test_attack,83.2496666419559,2.0812416660488973,1
synthetic_A#8566,1,DDoS,test_attack,1423.7639927175967,35.59409981793992,1
synthetic_A#8567,1,DDoS,test_attack,1710.5184094222122,42.762960235555305,1
synthetic_A#8568,1,DDoS,test_attack,269.45106580709046,6.736276645177261,1
synthetic_A#8569,1,DDoS,test_attack,333.52035564456014,8.338008891114004,1
synthetic_A#8570,1,DDoS,test_attack,53509.609936251654,1337.7402484062914,1
synthetic_A#8571,1,DDoS,test_attack,614.7612654760135,15.369031636900337,1
synthetic_A#8572,1,DDoS,test_attack,24250.97544984107,606.2743862460268,1
synthetic_A#8573,1,DDoS,test_attack,8319.941678037318,207.99854195093295,1
synthetic_A#8574,1,DDoS,test_attack,504.1944271650899,12.604860679127247,1
synthetic_A#8575,1,DDoS,test_attack,50.121283233861035,1.2530320808465258,1
synthetic_A#8576,1,DDoS,test_attack,1237.3473346821074,30.933683367052687,1
synthetic_A#8577,1,DDoS,test_attack,46.62391511237895,1.1655978778094738,1
synthetic_A#8578,1,DDoS,test_attack,2232.623744696421,55.81559361741053,1
synthetic_A#8579,1,DDoS,test_attack,2180.2237970087804,54.50559492521951,1
synthetic_A#8580,1,DDoS,test_attack,21168.982428235722,529.224560705893,1
synthetic_A#8581,1,DDoS,test_attack,420.6450455369932,10.51612613842483,1
synthetic_A#8582,1,DDoS,test_attack,430.53121695715697,10.763280423928924,1
synthetic_A#8583,1,DDoS,test_attack,1869.5276231310781,46.738190578276956,1
synthetic_A#8584,1,DDoS,test_attack,17658.78344252795,441.4695860631988,1
synthetic_A#8585,1,DDoS,test_attack,1065.7903376538566,26.644758441346415,1
synthetic_A#8586,1,DDoS,test_attack,2733.3130469914263,68.33282617478565,1
synthetic_A#8587,1,DDoS,test_attack,6098.302790598808,152.4575697649702,1
synthetic_A#8588,1,DDoS,test_attack,1181.9605177472795,29.549012943681987,1
synthetic_A#8589,1,DDoS,test_attack,1478.5448976992002,36.96362244248,1
synthetic_A#8590,1,DDoS,test_attack,192.42892123394145,4.8107230308485365,1
synthetic_A#8591,1,DDoS,test_attack,1313.2783513903635,32.83195878475909,1
synthetic_A#8592,1,DDoS,test_attack,3906.5001228481487,97.66250307120372,1
synthetic_A#8593,1,DDoS,test_attack,1729.6707602556771,43.24176900639193,1
synthetic_A#8594,1,DDoS,test_attack,2751.4801271160495,68.78700317790124,1
synthetic_A#8595,1,DDoS,test_attack,2449.2797834566363,61.23199458641591,1
synthetic_A#8596,1,DDoS,test_attack,1992.545950429137,49.81364876072843,1
synthetic_A#8597,1,DDoS,test_attack,283.5728648301459,7.089321620753647,1
synthetic_A#8598,1,DDoS,test_attack,152.91140669190548,3.822785167297637,1
synthetic_A#8599,1,DDoS,test_attack,1952.7219636803559,48.8180490920089,1
synthetic_A#8600,1,DDoS,test_attack,1778.0540221035055,44.45135055258764,1
synthetic_A#8601,1,DDoS,test_attack,3855.233515257513,96.38083788143783,1
synthetic_A#8602,1,DDoS,test_attack,39246.610725787716,981.1652681446928,1
synthetic_A#8603,1,DDoS,test_attack,8657.673718004378,216.44184295010945,1
synthetic_A#8604,1,DDoS,test_attack,683.5429748715067,17.088574371787665,1
synthetic_A#8605,1,DDoS,test_attack,1425.4960268992281,35.6374006724807,1
synthetic_A#8606,1,DDoS,test_attack,2191.852964083232,54.7963241020808,1
synthetic_A#8607,1,DDoS,test_attack,317.59802922151687,7.939950730537921,1
synthetic_A#8608,1,DDoS,test_attack,4420.230659385143,110.50576648462857,1
synthetic_A#8609,1,DDoS,test_attack,324.1511842346244,8.10377960586561,1
synthetic_A#8610,1,DDoS,test_attack,5214.745598816352,130.3686399704088,1
synthetic_A#8611,1,DDoS,test_attack,152.69009695465468,3.8172524238663668,1
synthetic_A#8612,1,DDoS,test_attack,5001.786628662046,125.04466571655114,1
synthetic_A#8613,1,DDoS,test_attack,540.9870358702485,13.524675896756213,1
synthetic_A#8614,1,DDoS,test_attack,6030.110774408353,150.75276936020882,1
synthetic_A#8615,1,DDoS,test_attack,371.27579029802826,9.281894757450706,1
synthetic_A#8616,1,DDoS,test_attack,282.9547981944929,7.073869954862323,1
synthetic_A#8617,1,DDoS,test_attack,2714.8296304810056,67.87074076202514,1
synthetic_A#8618,1,DDoS,test_attack,833.5273499267664,20.83818374816916,1
synthetic_A#8619,1,DDoS,test_attack,577.9274557192598,14.448186392981494,1
synthetic_A#8620,1,DDoS,test_attack,197.33233220330607,4.933308305082652,1
synthetic_A#8621,1,DDoS,test_attack,4372.412652331041,109.31031630827601,1
synthetic_A#8622,1,DDoS,test_attack,150.4227315262519,3.7605682881562976,1
synthetic_A#8623,1,DDoS,test_attack,1041.373036873544,26.034325921838597,1
synthetic_A#8624,1,DDoS,test_attack,1305.0158494792245,32.62539623698061,1
synthetic_A#8625,1,DDoS,test_attack,283.11744327824033,7.077936081956008,1
synthetic_A#8626,1,DDoS,test_attack,9539.122006147325,238.4780501536831,1
synthetic_A#8627,1,DDoS,test_attack,315.1218479685774,7.8780461992144355,1
synthetic_A#8628,1,DDoS,test_attack,2721.40282696625,68.03507067415624,1
synthetic_A#8629,1,DDoS,test_attack,36371.3512368457,909.2837809211426,1
synthetic_A#8630,1,DDoS,test_attack,58449.16317698911,1461.2290794247278,1
synthetic_A#8631,1,DDoS,test_attack,45.12354606450867,1.1280886516127169,1
synthetic_A#8632,1,DDoS,test_attack,63.86925144794472,1.596731286198618,1
synthetic_A#8633,1,DDoS,test_attack,243.95653781598497,6.098913445399624,1
synthetic_A#8634,1,DDoS,test_attack,63.31757493050246,1.5829393732625614,1
synthetic_A#8635,1,DDoS,test_attack,2553.1856240124725,63.82964060031181,1
synthetic_A#8636,1,DDoS,test_attack,7451.653664933168,186.2913416233292,1
synthetic_A#8637,1,DDoS,test_attack,3722.6472373039924,93.0661809325998,1
synthetic_A#8638,1,DDoS,test_attack,28258.440709948503,706.4610177487126,1
synthetic_A#8639,1,DDoS,test_attack,6521.152944869057,163.02882362172642,1
synthetic_A#8640,1,DDoS,test_attack,40735.77765275293,1018.3944413188232,1
synthetic_A#8641,1,DDoS,test_attack,2365.0049785318884,59.12512446329721,1
synthetic_A#8642,1,DDoS,test_attack,538.2444559393196,13.456111398482989,1
synthetic_A#8643,1,DDoS,test_attack,311.2268455273049,7.780671138182622,1
synthetic_A#8644,1,DDoS,test_attack,3857.873641538009,96.44684103845023,1
synthetic_A#8645,1,DDoS,test_attack,16425.718349610725,410.6429587402681,1
synthetic_A#8646,1,DDoS,test_attack,861.5325387450787,21.538313468626967,1
synthetic_A#8647,1,DDoS,test_attack,4212.440876085044,105.3110219021261,1
synthetic_A#8648,1,DDoS,test_attack,933.0026162895158,23.325065407237894,1
synthetic_A#8649,1,DDoS,test_attack,228.14783021932385,5.703695755483096,1
synthetic_A#8650,1,DDoS,test_attack,700.5737376888333,17.51434344222083,1
synthetic_A#8651,1,DDoS,test_attack,184.75654495018168,4.618913623754542,1
synthetic_A#8652,1,DDoS,test_attack,3318.6209750740727,82.96552437685182,1
synthetic_A#8653,1,DDoS,test_attack,267.1876916982899,6.679692292457247,1
synthetic_A#8654,1,DDoS,test_attack,9782.516973350219,244.56292433375546,1
synthetic_A#8655,1,DDoS,test_attack,1386.493812177531,34.662345304438276,1
synthetic_A#8656,1,DDoS,test_attack,4810.225641071436,120.25564102678591,1
synthetic_A#8657,1,DDoS,test_attack,816.5538770077558,20.413846925193894,1
synthetic_A#8658,1,DDoS,test_attack,5912.811887976201,147.82029719940505,1
synthetic_A#8659,1,DDoS,test_attack,251.76979393625157,6.294244848406289,1
synthetic_A#8660,1,DDoS,test_attack,3005.9888998175493,75.14972249543874,1
synthetic_A#8661,1,DDoS,test_attack,488.1426397057688,12.203565992644219,1
synthetic_A#8662,1,DDoS,test_attack,2543.508986148745,63.587724653718624,1
synthetic_A#8663,1,DDoS,test_attack,1181.3027926873974,29.532569817184935,1
synthetic_A#8664,1,DDoS,test_attack,131937.41946652654,3298.4354866631634,1
synthetic_A#8665,1,DDoS,test_attack,19786.626778316768,494.6656694579192,1
synthetic_A#8666,1,DDoS,test_attack,1338.7854315411682,33.4696357885292,1
synthetic_A#8667,1,DDoS,test_attack,395.2376543594844,9.88094135898711,1
synthetic_A#8668,1,DDoS,test_attack,825.2911765598029,20.63227941399507,1
synthetic_A#8669,1,DDoS,test_attack,2248.6268668257817,56.21567167064454,1
synthetic_A#8670,1,DDoS,test_attack,2894.9355705960133,72.37338926490034,1
synthetic_A#8671,1,DDoS,test_attack,420.4895562269152,10.51223890567288,1
synthetic_A#8672,1,DDoS,test_attack,257.9243805140474,6.448109512851185,1
synthetic_A#8673,1,DDoS,test_attack,202.88068046186896,5.072017011546724,1
synthetic_A#8674,1,DDoS,test_attack,446.87572976938327,11.171893244234582,1
synthetic_A#8675,1,DDoS,test_attack,790.7282364009661,19.768205910024154,1
synthetic_A#8676,1,DDoS,test_attack,1097.497358300268,27.4374339575067,1
synthetic_A#8677,1,DDoS,test_attack,84.28827080431788,2.107206770107947,1
synthetic_A#8678,1,DDoS,test_attack,46162.41580141583,1154.0603950353957,1
synthetic_A#8679,1,DDoS,test_attack,398.7380775816149,9.968451939540373,1
synthetic_A#8680,1,DDoS,test_attack,7636.842557096653,190.92106392741633,1
synthetic_A#8681,1,DDoS,test_attack,350.42330884414474,8.760582721103619,1
synthetic_A#8682,1,DDoS,test_attack,3625.0902652626237,90.62725663156559,1
synthetic_A#8683,1,DDoS,test_attack,191.96286732789918,4.79907168319748,1
synthetic_A#8684,1,DDoS,test_attack,107257.63369446568,2681.440842361642,1
synthetic_A#8685,1,DDoS,test_attack,780.6738299833792,19.51684574958448,1
synthetic_A#8686,1,DDoS,test_attack,12043.781461979965,301.09453654949914,1
synthetic_A#8687,1,DDoS,test_attack,19473.491773020323,486.8372943255081,1
synthetic_A#8688,1,DDoS,test_attack,1913.8820165243214,47.847050413108036,1
synthetic_A#8689,1,DDoS,test_attack,68.93165776254648,1.723291444063662,1
synthetic_A#8690,1,DDoS,test_attack,1493.57290532357,37.33932263308925,1
synthetic_A#8691,1,DDoS,test_attack,1972.8799698649905,49.32199924662476,1
synthetic_A#8692,1,DDoS,test_attack,23496.136184649964,587.4034046162491,1
synthetic_A#8693,1,DDoS,test_attack,685.776447883961,17.144411197099025,1
synthetic_A#8694,1,DDoS,test_attack,119.70685880237902,2.9926714700594754,1
synthetic_A#8695,1,DDoS,test_attack,410.2711337048988,10.25677834262247,1
synthetic_A#8696,1,DDoS,test_attack,245.44260595679881,6.13606514891997,1
synthetic_A#8697,1,DDoS,test_attack,18465.378119152152,461.6344529788038,1
synthetic_A#8698,1,DDoS,test_attack,341.9474016066946,8.548685040167365,1
synthetic_A#8699,1,DDoS,test_attack,13940.232728147275,348.5058182036819,1
synthetic_A#8700,1,DDoS,test_attack,6985.180337034897,174.62950842587242,1
synthetic_A#8701,1,DDoS,test_attack,24042.30666611287,601.0576666528217,1
synthetic_A#8702,1,DDoS,test_attack,229.99208631219497,5.749802157804874,1
synthetic_A#8703,1,DDoS,test_attack,265.5948756754813,6.639871891887033,1
synthetic_A#8704,1,DDoS,test_attack,104.45967860744076,2.611491965186019,1
synthetic_A#8705,1,DDoS,test_attack,1763.48887223562,44.0872218058905,1
synthetic_A#8706,1,DDoS,test_attack,349.6761204201825,8.741903010504561,1
synthetic_A#8707,1,DDoS,test_attack,387.56700313135093,9.689175078283773,1
synthetic_A#8708,1,DDoS,test_attack,41.27576798895947,1.0318941997239868,1
synthetic_A#8709,1,DDoS,test_attack,2301.999756125091,57.54999390312728,1
synthetic_A#8710,1,DDoS,test_attack,4133.766986794185,103.34417466985462,1
synthetic_A#8711,1,DDoS,test_attack,1607.4489067676568,40.18622266919142,1
synthetic_A#8712,1,DDoS,test_attack,9176.815746216143,229.4203936554036,1
synthetic_A#8713,1,DDoS,test_attack,98256.32713337861,2456.4081783344654,1
synthetic_A#8714,1,DDoS,test_attack,17560.428393006423,439.0107098251606,1
synthetic_A#8715,1,DDoS,test_attack,675.666201562492,16.8916550390623,1
synthetic_A#8716,1,DDoS,test_attack,8667.286643612191,216.68216609030478,1
synthetic_A#8717,1,DDoS,test_attack,578.9029471557536,14.472573678893841,1
synthetic_A#8718,1,DDoS,test_attack,513.6511117697263,12.841277794243158,1
synthetic_A#8719,1,DDoS,test_attack,153.8459490679725,3.8461487266993126,1
synthetic_A#8720,1,DDoS,test_attack,5995.514130425771,149.88785326064428,1
synthetic_A#8721,1,DDoS,test_attack,456.5396078832468,11.41349019708117,1
synthetic_A#8722,1,DDoS,test_attack,50355.95715715361,1258.8989289288402,1
synthetic_A#8723,1,DDoS,test_attack,1748.524661961562,43.71311654903905,1
synthetic_A#8724,1,DDoS,test_attack,5131.805861919,128.29514654797498,1
synthetic_A#8725,1,DDoS,test_attack,5971.839552517533,149.29598881293833,1
synthetic_A#8726,1,DDoS,test_attack,292.668467667856,7.3167116916964,1
synthetic_A#8727,1,DDoS,test_attack,9509.939805513834,237.74849513784585,1
synthetic_A#8728,1,DDoS,test_attack,1372.5820797789274,34.314551994473184,1
synthetic_A#8729,1,DDoS,test_attack,60.330707780465104,1.5082676945116276,1
synthetic_A#8730,1,DDoS,test_attack,261.60206259084026,6.540051564771007,1
synthetic_A#8731,1,DDoS,test_attack,12353.471152547134,308.83677881367834,1
synthetic_A#8732,1,DDoS,test_attack,86.64350508438116,2.166087627109529,1
synthetic_A#8733,1,DDoS,test_attack,5264.346431366546,131.60866078416365,1
synthetic_A#8734,1,DDoS,test_attack,83.58681601472378,2.0896704003680946,1
synthetic_A#8735,1,DDoS,test_attack,2849.376747551754,71.23441868879385,1
synthetic_A#8736,1,DDoS,test_attack,357.2941857674768,8.932354644186919,1
synthetic_A#8737,1,DDoS,test_attack,1746.7630801161952,43.66907700290488,1
synthetic_A#8738,1,DDoS,test_attack,225.43447200188515,5.635861800047129,1
synthetic_A#8739,1,DDoS,test_attack,183196.2456808499,4579.906142021247,1
synthetic_A#8740,1,DDoS,test_attack,708.3756074228278,17.709390185570694,1
synthetic_A#8741,1,DDoS,test_attack,27865.433064094806,696.6358266023701,1
synthetic_A#8742,1,DDoS,test_attack,3815.106406044406,95.37766015111015,1
synthetic_A#8743,1,DDoS,test_attack,567.1175946193068,14.17793986548267,1
synthetic_A#8744,1,DDoS,test_attack,2427.946234690946,60.698655867273644,1
synthetic_A#8745,1,DDoS,test_attack,50.723393759640956,1.268084843991024,1
synthetic_A#8746,1,DDoS,test_attack,21293.022585090857,532.3255646272714,1
synthetic_A#8747,1,DDoS,test_attack,166.8755376642443,4.171888441606107,1
synthetic_A#8748,1,DDoS,test_attack,1163.0327514022965,29.075818785057415,1
synthetic_A#8749,1,DDoS,test_attack,1411.6068716013235,35.290171790033085,1
synthetic_A#8750,1,DDoS,test_attack,47898.025363126406,1197.4506340781602,1
synthetic_A#8751,1,DDoS,test_attack,11178.308482175826,279.45771205439564,1
synthetic_A#8752,1,DDoS,test_attack,5911.485401338714,147.78713503346785,1
synthetic_A#8753,1,DDoS,test_attack,8015.666424907186,200.39166062267967,1
synthetic_A#8754,1,DDoS,test_attack,4376.045537992202,109.40113844980506,1
synthetic_A#8755,1,DDoS,test_attack,2899.802222975126,72.49505557437814,1
synthetic_A#8756,1,DDoS,test_attack,635.8487568291338,15.896218920728344,1
synthetic_A#8757,1,DDoS,test_attack,19949.763585450746,498.74408963626865,1
synthetic_A#8758,1,DDoS,test_attack,2526.701668106248,63.167541702656195,1
synthetic_A#8759,1,DDoS,test_attack,1179.0651835401172,29.47662958850293,1
synthetic_A#8760,1,DDoS,test_attack,16904.332615115938,422.60831537789846,1
synthetic_A#8761,1,DDoS,test_attack,3561.0851333540977,89.02712833385245,1
synthetic_A#8762,1,DDoS,test_attack,17603.829828529022,440.09574571322554,1
synthetic_A#8763,1,DDoS,test_attack,1755.1897167400189,43.87974291850047,1
synthetic_A#8764,1,DDoS,test_attack,313.1616694102725,7.829041735256813,1
synthetic_A#8765,1,DDoS,test_attack,107.86379977392224,2.696594994348056,1
synthetic_A#8766,1,DDoS,test_attack,908.0357418602326,22.700893546505817,1
synthetic_A#8767,1,DDoS,test_attack,273.9255166284446,6.848137915711115,1
synthetic_A#8768,1,DDoS,test_attack,711.5300441013624,17.78825110253406,1
synthetic_A#8769,1,DDoS,test_attack,1920.1738728737632,48.00434682184408,1
synthetic_A#8770,1,DDoS,test_attack,1497.5617996051217,37.43904499012804,1
synthetic_A#8771,1,DDoS,test_attack,672733.044310336,16818.3261077584,1
synthetic_A#8772,1,DDoS,test_attack,1284.7823494126278,32.11955873531569,1
synthetic_A#8773,1,DDoS,test_attack,906.6395257460758,22.665988143651894,1
synthetic_A#8774,1,DDoS,test_attack,429.9357922687916,10.74839480671979,1
synthetic_A#8775,1,DDoS,test_attack,2486.9776614709094,62.17444153677273,1
synthetic_A#8776,1,DDoS,test_attack,92673.11629299656,2316.827907324914,1
synthetic_A#8777,1,DDoS,test_attack,2358.383909084158,58.95959772710395,1
synthetic_A#8778,1,DDoS,test_attack,148.87292674648853,3.721823168662213,1
synthetic_A#8779,1,DDoS,test_attack,1124.0071905078084,28.100179762695213,1
synthetic_A#8780,1,DDoS,test_attack,2892.6160208339097,72.31540052084775,1
synthetic_A#8781,1,DDoS,test_attack,16135.371656802929,403.3842914200732,1
synthetic_A#8782,1,DDoS,test_attack,8851.77083298565,221.29427082464127,1
synthetic_A#8783,1,DDoS,test_attack,2904.9330612892045,72.62332653223011,1
synthetic_A#8784,1,DDoS,test_attack,114.76255005232028,2.869063751308007,1
synthetic_A#8785,1,DDoS,test_attack,4209.510631316079,105.23776578290196,1
synthetic_A#8786,1,DDoS,test_attack,134.78737640952295,3.3696844102380736,1
synthetic_A#8787,1,DDoS,test_attack,7054.086080757168,176.3521520189292,1
synthetic_A#8788,1,DDoS,test_attack,8223.798260310947,205.59495650777367,1
synthetic_A#8789,1,DDoS,test_attack,8808.356760369286,220.20891900923215,1
synthetic_A#8790,1,DDoS,test_attack,6232.033884643826,155.80084711609567,1
synthetic_A#8791,1,DDoS,test_attack,192.89727106597914,4.822431776649479,1
synthetic_A#8792,1,DDoS,test_attack,23775.905259754818,594.3976314938704,1
synthetic_A#8793,1,DDoS,test_attack,925.0848572985908,23.12712143246477,1
synthetic_A#8794,1,DDoS,test_attack,722.29079522506,18.0572698806265,1
synthetic_A#8795,1,DDoS,test_attack,597.7243995013829,14.943109987534573,1
synthetic_A#8796,1,DDoS,test_attack,6704.654650086512,167.6163662521628,1
synthetic_A#8797,1,DDoS,test_attack,641.200591753377,16.030014793834425,1
synthetic_A#8798,1,DDoS,test_attack,3154.773208151638,78.86933020379095,1
synthetic_A#8799,1,DDoS,test_attack,1637.9818680366818,40.94954670091705,1
synthetic_A#8800,1,DDoS,test_attack,139.6017875212395,3.490044688030987,1
synthetic_A#8801,1,DDoS,test_attack,9395.194980020346,234.87987450050863,1
synthetic_A#8802,1,DDoS,test_attack,444.0961526456216,11.10240381614054,1
synthetic_A#8803,1,DDoS,test_attack,13768.268926591783,344.2067231647946,1
synthetic_A#8804,1,DDoS,test_attack,30157.552622417927,753.9388155604481,1
synthetic_A#8805,1,DDoS,test_attack,36957.28784478454,923.9321961196135,1
synthetic_A#8806,1,DDoS,test_attack,583.2585013720537,14.581462534301343,1
synthetic_A#8807,1,DDoS,test_attack,156.30731315388604,3.9076828288471512,1
synthetic_A#8808,1,DDoS,test_attack,2274.9885801194587,56.874714502986464,1
synthetic_A#8809,1,DDoS,test_attack,341.32119612537275,8.533029903134318,1
synthetic_A#8810,1,DDoS,test_attack,5126.8166953956115,128.1704173848903,1
synthetic_A#8811,1,DDoS,test_attack,585.4051942362335,14.635129855905836,1
synthetic_A#8812,1,DDoS,test_attack,2742.2554046601863,68.55638511650466,1
synthetic_A#8813,1,DDoS,test_attack,2541.3407556718707,63.53351889179677,1
synthetic_A#8814,1,DDoS,test_attack,289.30991985989476,7.232747996497369,1
synthetic_A#8815,1,DDoS,test_attack,536.0980606386643,13.402451515966607,1
synthetic_A#8816,1,DDoS,test_attack,2087.9262941684656,52.19815735421164,1
synthetic_A#8817,1,DDoS,test_attack,142.51107309252228,3.562776827313057,1
synthetic_A#8818,1,DDoS,test_attack,151976.70625453626,3799.4176563634064,1
synthetic_A#8819,1,DDoS,test_attack,12152.049789199536,303.8012447299884,1
synthetic_A#8820,1,DDoS,test_attack,1835.626223417546,45.89065558543865,1
synthetic_A#8821,1,DDoS,test_attack,34.66536835498073,0.8666342088745183,1
synthetic_A#8822,1,DDoS,test_attack,4997.875463453405,124.94688658633513,1
synthetic_A#8823,1,DDoS,test_attack,1043.7109497638176,26.09277374409544,1
synthetic_A#8824,1,DDoS,test_attack,180.95938252710764,4.523984563177691,1
synthetic_A#8825,1,DDoS,test_attack,452.4763300679095,11.311908251697737,1
synthetic_A#8826,1,DDoS,test_attack,593.4299739727969,14.835749349319922,1
synthetic_A#8827,1,DDoS,test_attack,1819.8906544065705,45.49726636016426,1
synthetic_A#8828,1,DDoS,test_attack,6736.446460468564,168.41116151171408,1
synthetic_A#8829,1,DDoS,test_attack,281.289315529289,7.032232888232225,1
synthetic_A#8830,1,DDoS,test_attack,143.59786478894654,3.5899466197236634,1
synthetic_A#8831,1,DDoS,test_attack,401.4790171294419,10.036975428236047,1
synthetic_A#8832,1,DDoS,test_attack,990.1853098172792,24.75463274543198,1
synthetic_A#8833,1,DDoS,test_attack,5186.524766520247,129.66311916300617,1
synthetic_A#8834,1,DDoS,test_attack,675.794727744345,16.894868193608623,1
synthetic_A#8835,1,DDoS,test_attack,3317.2842624135283,82.93210656033821,1
synthetic_A#8836,1,DDoS,test_attack,77.22949316201951,1.9307373290504877,1
synthetic_A#8837,1,DDoS,test_attack,307.3869235415499,7.684673088538747,1
synthetic_A#8838,1,DDoS,test_attack,536.9406510895294,13.423516277238235,1
synthetic_A#8839,1,DDoS,test_attack,185.85247290029264,4.646311822507316,1
synthetic_A#8840,1,DDoS,test_attack,335199.23367124517,8379.98084178113,1
synthetic_A#8841,1,DDoS,test_attack,3810.845420334745,95.27113550836863,1
synthetic_A#8842,1,DDoS,test_attack,3038.736906249347,75.96842265623368,1
synthetic_A#8843,1,DDoS,test_attack,2438.859746045824,60.9714936511456,1
synthetic_A#8844,1,DDoS,test_attack,1170.680028792988,29.2670007198247,1
synthetic_A#8845,1,DDoS,test_attack,1552.492690891487,38.812317272287174,1
synthetic_A#8846,1,DDoS,test_attack,55192.670515321835,1379.8167628830458,1
synthetic_A#8847,1,DDoS,test_attack,1479.9875438763681,36.9996885969092,1
synthetic_A#8848,1,DDoS,test_attack,1596.045574271085,39.90113935677712,1
synthetic_A#8849,1,DDoS,test_attack,1738.5384328498124,43.463460821245306,1
synthetic_A#8850,1,DDoS,test_attack,183.32574275205923,4.58314356880148,1
synthetic_A#8851,1,DDoS,test_attack,214.26289618228833,5.356572404557208,1
synthetic_A#8852,1,DDoS,test_attack,458.3158320334538,11.457895800836344,1
synthetic_A#8853,1,DDoS,test_attack,599.0652415998732,14.976631039996828,1
synthetic_A#8854,1,DDoS,test_attack,2322.7800618813867,58.06950154703467,1
synthetic_A#8855,1,DDoS,test_attack,5231.493177736212,130.7873294434053,1
synthetic_A#8856,1,DDoS,test_attack,26473.002097788216,661.8250524447054,1
synthetic_A#8857,1,DDoS,test_attack,13137.861474123343,328.44653685308356,1
synthetic_A#8858,1,DDoS,test_attack,1766.0513444565895,44.15128361141474,1
synthetic_A#8859,1,DDoS,test_attack,1067.1905037848665,26.67976259462166,1
synthetic_A#8860,1,DDoS,test_attack,7570.449007742685,189.26122519356713,1
synthetic_A#8861,1,DDoS,test_attack,651.3349882150928,16.28337470537732,1
synthetic_A#8862,1,DDoS,test_attack,3202.677325173019,80.06693312932548,1
synthetic_A#8863,1,DDoS,test_attack,718.861551894445,17.971538797361127,1
synthetic_A#8864,1,DDoS,test_attack,964.6449158020366,24.116122895050914,1
synthetic_A#8865,1,DDoS,test_attack,39.73815393056118,0.9934538482640296,1
synthetic_A#8866,1,DDoS,test_attack,940.0813477688891,23.502033694222227,1
synthetic_A#8867,1,DDoS,test_attack,14976.513523916203,374.4128380979051,1
synthetic_A#8868,1,DDoS,test_attack,6287.035194161864,157.1758798540466,1
synthetic_A#8869,1,DDoS,test_attack,936.6031578283295,23.415078945708238,1
synthetic_A#8870,1,DDoS,test_attack,1906.6797165578182,47.66699291394546,1
synthetic_A#8871,1,DDoS,test_attack,1098.696357740815,27.467408943520375,1
synthetic_A#8872,1,DDoS,test_attack,928.3270233574801,23.208175583937003,1
synthetic_A#8873,1,DDoS,test_attack,10324.35064326633,258.10876608165825,1
synthetic_A#8874,1,DDoS,test_attack,888.3609052795019,22.209022631987548,1
synthetic_A#8875,1,DDoS,test_attack,1430.1301741023005,35.75325435255751,1
synthetic_A#8876,1,DDoS,test_attack,723.8695563470021,18.096738908675054,1
synthetic_A#8877,1,DDoS,test_attack,5909.789549147283,147.74473872868208,1
synthetic_A#8878,1,DDoS,test_attack,4414.851054536868,110.3712763634217,1
synthetic_A#8879,1,DDoS,test_attack,148.86004837503225,3.7215012093758064,1
synthetic_A#8880,1,DDoS,test_attack,487.01433582882896,12.175358395720725,1
synthetic_A#8881,1,DDoS,test_attack,847.1655674873191,21.179139187182976,1
synthetic_A#8882,1,DDoS,test_attack,17631.468044392754,440.78670110981886,1
synthetic_A#8883,1,DDoS,test_attack,47818.16131323973,1195.4540328309934,1
synthetic_A#8884,1,DDoS,test_attack,38627.4057415004,965.6851435375099,1
synthetic_A#8885,1,DDoS,test_attack,8711.779159516545,217.79447898791364,1
synthetic_A#8886,1,DDoS,test_attack,132.14115874753725,3.3035289686884313,1
synthetic_A#8887,1,DDoS,test_attack,231.9055156313963,5.797637890784907,1
synthetic_A#8888,1,DDoS,test_attack,4855.323889678683,121.38309724196708,1
synthetic_A#8889,1,DDoS,test_attack,826.1179989505353,20.65294997376338,1
synthetic_A#8890,1,DDoS,test_attack,115199.23698022513,2879.9809245056285,1
synthetic_A#8891,1,DDoS,test_attack,1927.6402530758078,48.19100632689519,1
synthetic_A#8892,1,DDoS,test_attack,138.10654512003342,3.4526636280008356,1
synthetic_A#8893,1,DDoS,test_attack,651.7736354297365,16.294340885743413,1
synthetic_A#8894,1,DDoS,test_attack,189.43110262813826,4.735777565703456,1
synthetic_A#8895,1,DDoS,test_attack,125.2386230266124,3.13096557566531,1
synthetic_A#8896,1,DDoS,test_attack,620.0987675274387,15.502469188185966,1
synthetic_A#8897,1,DDoS,test_attack,179.89897143342984,4.497474285835746,1
synthetic_A#8898,1,DDoS,test_attack,8307.421969850573,207.68554924626432,1
synthetic_A#8899,1,DDoS,test_attack,251.18368821491651,6.2795922053729125,1
synthetic_A#8900,1,DDoS,test_attack,580.5207852827368,14.51301963206842,1
synthetic_A#8901,1,DDoS,test_attack,1335.0162725838538,33.375406814596346,1
synthetic_A#8902,1,DDoS,test_attack,203.6685572566377,5.091713931415943,1
synthetic_A#8903,1,DDoS,test_attack,191.38599495712225,4.784649873928056,1
synthetic_A#8904,1,DDoS,test_attack,1616.987281803848,40.4246820450962,1
synthetic_A#8905,1,DDoS,test_attack,16224.250277748084,405.6062569437021,1
synthetic_A#8906,1,DDoS,test_attack,506.53601832667675,12.663400458166919,1
synthetic_A#8907,1,DDoS,test_attack,73.69868041127776,1.842467010281944,1
synthetic_A#8908,1,DDoS,test_attack,1022.6146302283133,25.565365755707834,1
synthetic_A#8909,1,DDoS,test_attack,102.10906266707184,2.552726566676796,1
synthetic_A#8910,1,DDoS,test_attack,1524.5861842820402,38.11465460705101,1
synthetic_A#8911,1,DDoS,test_attack,1912.4906399768215,47.81226599942054,1
synthetic_A#8912,1,DDoS,test_attack,284.10789990903504,7.102697497725876,1
synthetic_A#8913,1,DDoS,test_attack,2381.6108396771197,59.54027099192799,1
synthetic_A#8914,1,DDoS,test_attack,953.4828384265586,23.837070960663965,1
synthetic_A#8915,1,DDoS,test_attack,392.28345203456547,9.807086300864137,1
synthetic_A#8916,1,DDoS,test_attack,11407.292954191198,285.18232385477995,1
synthetic_A#8917,1,DDoS,test_attack,972.4884301556524,24.31221075389131,1
synthetic_A#8918,1,DDoS,test_attack,203.08603674734073,5.077150918683518,1
synthetic_A#8919,1,DDoS,test_attack,8473.33311983859,211.83332799596474,1
synthetic_A#8920,1,DDoS,test_attack,21.554167675257005,0.5388541918814251,0
synthetic_A#8921,1,DDoS,test_attack,889.1071925298131,22.227679813245327,1
synthetic_A#8922,1,DDoS,test_attack,741.092377211331,18.527309430283275,1
synthetic_A#8923,1,DDoS,test_attack,129.2162423151177,3.2304060578779428,1
synthetic_A#8924,1,DDoS,test_attack,1343.987258417432,33.599681460435804,1
synthetic_A#8925,1,DDoS,test_attack,142.64692091992814,3.5661730229982034,1
synthetic_A#8926,1,DDoS,test_attack,525.681605810348,13.142040145258699,1
synthetic_A#8927,1,DDoS,test_attack,5682.522905092396,142.0630726273099,1
synthetic_A#8928,1,DDoS,test_attack,491.92926855351527,12.298231713837882,1
synthetic_A#8929,1,DDoS,test_attack,1483.3883745076837,37.084709362692095,1
synthetic_A#8930,1,DDoS,test_attack,1566.184974687199,39.15462436717998,1
synthetic_A#8931,1,DDoS,test_attack,6782.26165322421,169.55654133060526,1
synthetic_A#8932,1,DDoS,test_attack,1218.3273994734645,30.458184986836613,1
synthetic_A#8933,1,DDoS,test_attack,848.2642412808905,21.20660603202226,1
synthetic_A#8934,1,DDoS,test_attack,5372.437081797535,134.31092704493838,1
synthetic_A#8935,1,DDoS,test_attack,3347.779303203871,83.69448258009677,1
synthetic_A#8936,1,DDoS,test_attack,1517.2691758094224,37.931729395235564,1
synthetic_A#8937,1,DDoS,test_attack,374.5709745143018,9.364274362857545,1
synthetic_A#8938,1,DDoS,test_attack,761.271349572603,19.031783739315074,1
synthetic_A#8939,1,DDoS,test_attack,3463.185792313214,86.57964480783035,1
synthetic_A#8940,1,DDoS,test_attack,2115.588399054233,52.889709976355824,1
synthetic_A#8941,1,DDoS,test_attack,4094.893504376835,102.37233760942088,1
synthetic_A#8942,1,DDoS,test_attack,2878.076441415991,71.95191103539977,1
synthetic_A#8943,1,DDoS,test_attack,3238.4918616101913,80.96229654025478,1
synthetic_A#8944,1,DDoS,test_attack,128421.55854147158,3210.538963536789,1
synthetic_A#8945,1,DDoS,test_attack,4095.983853314746,102.39959633286864,1
synthetic_A#8946,1,DDoS,test_attack,260.21274485644454,6.505318621411114,1
synthetic_A#8947,1,DDoS,test_attack,4380.313864334287,109.50784660835718,1
synthetic_A#8948,1,DDoS,test_attack,737.6104067647184,18.44026016911796,1
synthetic_A#8949,1,DDoS,test_attack,4488.445340356127,112.21113350890319,1
synthetic_A#8950,1,DDoS,test_attack,773.4372870469933,19.335932176174833,1
synthetic_A#8951,1,DDoS,test_attack,9707.25394359114,242.6813485897785,1
synthetic_A#8952,1,DDoS,test_attack,1136.820545529517,28.420513638237924,1
synthetic_A#8953,1,DDoS,test_attack,371.1608700241594,9.279021750603984,1
synthetic_A#8954,1,DDoS,test_attack,92.29960292662952,2.307490073165738,1
synthetic_A#8955,1,DDoS,test_attack,8933.052173981474,223.32630434953685,1
synthetic_A#8956,1,DDoS,test_attack,1627.8238782635997,40.695596956589995,1
synthetic_A#8957,1,DDoS,test_attack,1875.584132043998,46.889603301099946,1
synthetic_A#8958,1,DDoS,test_attack,646.4239163592356,16.16059790898089,1
synthetic_A#8959,1,DDoS,test_attack,1528.6852430520048,38.21713107630012,1
synthetic_A#8960,1,DDoS,test_attack,124.68759752073665,3.117189938018416,1
synthetic_A#8961,1,DDoS,test_attack,390.26748203806414,9.756687050951603,1
synthetic_A#8962,1,DDoS,test_attack,35250.55637846158,881.2639094615395,1
synthetic_A#8963,1,DDoS,test_attack,95.99420198908189,2.399855049727047,1
synthetic_A#8964,1,DDoS,test_attack,622.2261197217168,15.555652993042921,1
synthetic_A#8965,1,DDoS,test_attack,1020.2065015312037,25.505162538280093,1
synthetic_A#8966,1,DDoS,test_attack,1031.8616207277296,25.79654051819324,1
synthetic_A#8967,1,DDoS,test_attack,2603.3855872149443,65.08463968037361,1
synthetic_A#8968,1,DDoS,test_attack,190.3655907972025,4.759139769930062,1
synthetic_A#8969,1,DDoS,test_attack,2421.813489695538,60.54533724238845,1
synthetic_A#8970,1,DDoS,test_attack,598.0411277212236,14.95102819303059,1
synthetic_A#8971,1,DDoS,test_attack,392.31724332041694,9.807931083010423,1
synthetic_A#8972,1,DDoS,test_attack,11551.133408697093,288.7783352174273,1
synthetic_A#8973,1,DDoS,test_attack,549.6851600655368,13.742129001638421,1
synthetic_A#8974,1,DDoS,test_attack,137.3402532022603,3.4335063300565074,1
synthetic_A#8975,1,DDoS,test_attack,1776.224661300671,44.405616532516774,1
synthetic_A#8976,1,DDoS,test_attack,12941.44957916885,323.53623947922125,1
synthetic_A#8977,1,DDoS,test_attack,3868.1868287035804,96.70467071758951,1
synthetic_A#8978,1,DDoS,test_attack,787.5519525663385,19.688798814158464,1
synthetic_A#8979,1,DDoS,test_attack,1534.7637898211997,38.36909474552999,1
synthetic_A#8980,1,DDoS,test_attack,158.59221670406134,3.9648054176015335,1
synthetic_A#8981,1,DDoS,test_attack,867.8227599733083,21.695568999332707,1
synthetic_A#8982,1,DDoS,test_attack,908.1075681417699,22.702689203544246,1
synthetic_A#8983,1,DDoS,test_attack,3574.5814422029316,89.36453605507329,1
synthetic_A#8984,1,DDoS,test_attack,230.33978182915627,5.758494545728906,1
synthetic_A#8985,1,DDoS,test_attack,63.779053345492215,1.5944763336373053,1
synthetic_A#8986,1,DDoS,test_attack,17122.78754257356,428.06968856433895,1
synthetic_A#8987,1,DDoS,test_attack,6135.2805192545875,153.38201298136468,1
synthetic_A#8988,1,DDoS,test_attack,40.53424791054405,1.0133561977636014,1
synthetic_A#8989,1,DDoS,test_attack,44.54760188671316,1.113690047167829,1
synthetic_A#8990,1,DDoS,test_attack,139.9517324297588,3.49879331074397,1
synthetic_A#8991,1,DDoS,test_attack,426.9607644370311,10.674019110925778,1
synthetic_A#8992,1,DDoS,test_attack,1005.3537605759905,25.133844014399763,1
synthetic_A#8993,1,DDoS,test_attack,921.0917288068179,23.027293220170446,1
synthetic_A#8994,1,DDoS,test_attack,19344.562014081224,483.61405035203063,1
synthetic_A#8995,1,DDoS,test_attack,11835.624832055462,295.89062080138655,1
synthetic_A#8996,1,DDoS,test_attack,5456.551266980476,136.41378167451188,1
synthetic_A#8997,1,DDoS,test_attack,976.1857320398587,24.40464330099647,1
synthetic_A#8998,1,DDoS,test_attack,5624.165037398416,140.6041259349604,1
synthetic_A#8999,1,DDoS,test_attack,188.45164225092518,4.711291056273129,1
synthetic_A#9000,1,DDoS,test_attack,1007.6438618957632,25.19109654739408,1
synthetic_A#9001,1,DDoS,test_attack,864.1916241664111,21.60479060416028,1
synthetic_A#9002,1,DDoS,test_attack,259.76637876009977,6.494159469002494,1
synthetic_A#9003,1,DDoS,test_attack,216.39995009379152,5.409998752344788,1
synthetic_A#9004,1,DDoS,test_attack,403.6560879095125,10.091402197737812,1
synthetic_A#9005,1,DDoS,test_attack,241.01669611263034,6.0254174028157585,1
synthetic_A#9006,1,DDoS,test_attack,3504.372719093353,87.60931797733383,1
synthetic_A#9007,1,DDoS,test_attack,318.0441230453372,7.95110307613343,1
synthetic_A#9008,1,DDoS,test_attack,3555.2049552792914,88.88012388198229,1
synthetic_A#9009,1,DDoS,test_attack,385.9752675527726,9.649381688819314,1
synthetic_A#9010,1,DDoS,test_attack,4251.00975400035,106.27524385000875,1
synthetic_A#9011,1,DDoS,test_attack,39.65695417675745,0.9914238544189363,1
synthetic_A#9012,1,DDoS,test_attack,6319.952212690512,157.9988053172628,1
synthetic_A#9013,1,DDoS,test_attack,438.25807350607306,10.956451837651827,1
synthetic_A#9014,1,DDoS,test_attack,14927.559541695553,373.1889885423888,1
synthetic_A#9015,1,DDoS,test_attack,300.52342716696825,7.513085679174206,1
synthetic_A#9016,1,DDoS,test_attack,1730.0362463850688,43.25090615962672,1
synthetic_A#9017,1,DDoS,test_attack,3654.5878512031327,91.36469628007832,1
synthetic_A#9018,1,DDoS,test_attack,7792.644822946593,194.81612057366482,1
synthetic_A#9019,1,DDoS,test_attack,1714.587553050716,42.8646888262679,1
synthetic_A#9020,1,DDoS,test_attack,4123.015140166691,103.07537850416728,1
synthetic_A#9021,1,DDoS,test_attack,5490.680682025218,137.26701705063044,1
synthetic_A#9022,1,DDoS,test_attack,2774.2349939631813,69.35587484907953,1
synthetic_A#9023,1,DDoS,test_attack,8810.20155578731,220.25503889468274,1
synthetic_A#9024,1,DDoS,test_attack,873.1362309994275,21.82840577498569,1
synthetic_A#9025,1,DDoS,test_attack,673.8379050347,16.845947625867502,1
synthetic_A#9026,1,DDoS,test_attack,1438.1574423313375,35.95393605828344,1
synthetic_A#9027,1,DDoS,test_attack,350.3651425653926,8.759128564134816,1
synthetic_A#9028,1,DDoS,test_attack,241.6525397620895,6.041313494052238,1
synthetic_A#9029,1,DDoS,test_attack,4979.775477761197,124.49438694402993,1
synthetic_A#9030,1,DDoS,test_attack,10969.318214489223,274.2329553622306,1
synthetic_A#9031,1,DDoS,test_attack,1687.320013821377,42.183000345534424,1
synthetic_A#9032,1,DDoS,test_attack,3349.244517335225,83.73111293338062,1
synthetic_A#9033,1,DDoS,test_attack,73.15147036086654,1.8287867590216635,1
synthetic_A#9034,1,DDoS,test_attack,19773.89182101641,494.34729552541023,1
synthetic_A#9035,1,DDoS,test_attack,2595.9132722096706,64.89783180524176,1
synthetic_A#9036,1,DDoS,test_attack,5461.82859975644,136.545714993911,1
synthetic_A#9037,1,DDoS,test_attack,17170.08921076793,429.2522302691982,1
synthetic_A#9038,1,DDoS,test_attack,212.33114812795856,5.3082787031989636,1
synthetic_A#9039,1,DDoS,test_attack,1026.7497179272436,25.66874294818109,1
synthetic_A#9040,1,DDoS,test_attack,2587.5933871709394,64.68983467927349,1
synthetic_A#9041,1,DDoS,test_attack,6327.0694611497,158.1767365287425,1
synthetic_A#9042,1,DDoS,test_attack,355.1608213532324,8.87902053383081,1
synthetic_A#9043,1,DDoS,test_attack,127.49904555229367,3.187476138807342,1
synthetic_A#9044,1,DDoS,test_attack,1321.044680714203,33.02611701785507,1
synthetic_A#9045,1,DDoS,test_attack,546.1123276569022,13.652808191422555,1
synthetic_A#9046,1,DDoS,test_attack,2898.292561267759,72.45731403169398,1
synthetic_A#9047,1,DDoS,test_attack,3815.1566140925597,95.378915352314,1
synthetic_A#9048,1,DDoS,test_attack,5949.193256795234,148.72983141988087,1
synthetic_A#9049,1,DDoS,test_attack,1710.7979954763357,42.76994988690839,1
synthetic_A#9050,1,DDoS,test_attack,4178.149703010156,104.45374257525391,1
synthetic_A#9051,1,DDoS,test_attack,83.25052721063864,2.081263180265966,1
synthetic_A#9052,1,DDoS,test_attack,2650.129235625799,66.25323089064497,1
synthetic_A#9053,1,DDoS,test_attack,10920.837310537057,273.02093276342646,1
synthetic_A#9054,1,DDoS,test_attack,1592.1340709790948,39.80335177447737,1
synthetic_A#9055,1,DDoS,test_attack,26960.7429235887,674.0185730897175,1
synthetic_A#9056,1,DDoS,test_attack,14313.727804862583,357.8431951215646,1
synthetic_A#9057,1,DDoS,test_attack,14608.049988112845,365.20124970282114,1
synthetic_A#9058,1,DDoS,test_attack,6252.4552182635625,156.31138045658906,1
synthetic_A#9059,1,DDoS,test_attack,852.4489970623554,21.311224926558886,1
synthetic_A#9060,1,DDoS,test_attack,239.1580969019072,5.97895242254768,1
synthetic_A#9061,1,DDoS,test_attack,718.9966584486648,17.97491646121662,1
synthetic_A#9062,1,DDoS,test_attack,2553.261810123849,63.83154525309622,1
synthetic_A#9063,1,DDoS,test_attack,4431.183625598854,110.77959063997135,1
synthetic_A#9064,1,DDoS,test_attack,417.5369502839476,10.43842375709869,1
synthetic_A#9065,1,DDoS,test_attack,325.28276785407854,8.132069196351964,1
synthetic_A#9066,1,DDoS,test_attack,13973.44132232463,349.33603305811573,1
synthetic_A#9067,1,DDoS,test_attack,79.1145494424867,1.9778637360621676,1
synthetic_A#9068,1,DDoS,test_attack,195.82354251635965,4.8955885629089915,1
synthetic_A#9069,1,DDoS,test_attack,2597.0713026029907,64.92678256507477,1
synthetic_A#9070,1,DDoS,test_attack,9433.912921360441,235.84782303401101,1
synthetic_A#9071,1,DDoS,test_attack,3000.10466056942,75.0026165142355,1
synthetic_A#9072,1,DDoS,test_attack,589.0140945072155,14.725352362680388,1
synthetic_A#9073,1,DDoS,test_attack,880.0690420605384,22.00172605151346,1
synthetic_A#9074,1,DDoS,test_attack,13649.443615426691,341.2360903856673,1
synthetic_A#9075,1,DDoS,test_attack,1557.5357576989531,38.93839394247383,1
synthetic_A#9076,1,DDoS,test_attack,219.71093239689696,5.492773309922424,1
synthetic_A#9077,1,DDoS,test_attack,320.39254049273666,8.009813512318416,1
synthetic_A#9078,1,DDoS,test_attack,3201.573915456767,80.03934788641916,1
synthetic_A#9079,1,DDoS,test_attack,22125.55641845746,553.1389104614366,1
synthetic_A#9080,1,DDoS,test_attack,302.794960304694,7.569874007617349,1
synthetic_A#9081,1,DDoS,test_attack,5655.862711818924,141.39656779547312,1
synthetic_A#9082,1,DDoS,test_attack,1554.4134200746867,38.86033550186717,1
synthetic_A#9083,1,DDoS,test_attack,22563.007024044327,564.0751756011082,1
synthetic_A#9084,1,DDoS,test_attack,173.60595631837305,4.3401489079593265,1
synthetic_A#9085,1,DDoS,test_attack,46.26149122736592,1.156537280684148,1
synthetic_A#9086,1,DDoS,test_attack,184.4515272907885,4.611288182269712,1
synthetic_A#9087,1,DDoS,test_attack,24630.471597426902,615.7617899356726,1
synthetic_A#9088,1,DDoS,test_attack,16474.017577751132,411.8504394437783,1
synthetic_A#9089,1,DDoS,test_attack,5615.563541953465,140.3890885488366,1
synthetic_A#9090,1,DDoS,test_attack,22643.657146838774,566.0914286709693,1
synthetic_A#9091,1,DDoS,test_attack,1699.3984477417875,42.48496119354469,1
synthetic_A#9092,1,DDoS,test_attack,441.62106866826576,11.040526716706644,1
synthetic_A#9093,1,DDoS,test_attack,104.07409939195367,2.6018524847988416,1
synthetic_A#9094,1,DDoS,test_attack,9041.118069986525,226.02795174966315,1
synthetic_A#9095,1,DDoS,test_attack,296.08406014740734,7.402101503685183,1
synthetic_A#9096,1,DDoS,test_attack,12031.118372512065,300.7779593128016,1
synthetic_A#9097,1,DDoS,test_attack,177.81930881737182,4.4454827204342955,1
synthetic_A#9098,1,DDoS,test_attack,4574.605682196789,114.36514205491972,1
synthetic_A#9099,1,DDoS,test_attack,279.46355326677445,6.986588831669361,1
synthetic_A#9100,1,DDoS,test_attack,402.956959734508,10.073923993362701,1
synthetic_A#9101,1,DDoS,test_attack,579.034645753334,14.475866143833349,1
synthetic_A#9102,1,DDoS,test_attack,81370.84280255254,2034.2710700638133,1
synthetic_A#9103,1,DDoS,test_attack,10032.845790593201,250.82114476483002,1
synthetic_A#9104,1,DDoS,test_attack,108.41037763584197,2.710259440896049,1
synthetic_A#9105,1,DDoS,test_attack,49.10417643884269,1.2276044109710673,1
synthetic_A#9106,1,DDoS,test_attack,14985.878916037334,374.64697290093335,1
synthetic_A#9107,1,DDoS,test_attack,458.59026249162173,11.464756562290543,1
synthetic_A#9108,1,DDoS,test_attack,424.62818466293487,10.615704616573371,1
synthetic_A#9109,1,DDoS,test_attack,7927.252754342469,198.18131885856172,1
synthetic_A#9110,1,DDoS,test_attack,39.45482050565174,0.9863705126412935,1
synthetic_A#9111,1,DDoS,test_attack,7877.306314892714,196.93265787231786,1
synthetic_A#9112,1,DDoS,test_attack,9025.451560493419,225.63628901233545,1
synthetic_A#9113,1,DDoS,test_attack,8461.85553598115,211.54638839952878,1
synthetic_A#9114,1,DDoS,test_attack,2906.898933440665,72.67247333601662,1
synthetic_A#9115,1,DDoS,test_attack,2635.9050765054317,65.89762691263579,1
synthetic_A#9116,1,DDoS,test_attack,2004.8875970262056,50.12218992565514,1
synthetic_A#9117,1,DDoS,test_attack,22774.64658722633,569.3661646806582,1
synthetic_A#9118,1,DDoS,test_attack,2415.7440642713664,60.39360160678416,1
synthetic_A#9119,1,DDoS,test_attack,254.8092016572101,6.370230041430252,1
synthetic_A#9120,1,DDoS,test_attack,405.4743713639465,10.136859284098662,1
synthetic_A#9121,1,DDoS,test_attack,539.709268149003,13.492731703725076,1
synthetic_A#9122,1,DDoS,test_attack,113223.78981827453,2830.594745456863,1
synthetic_A#9123,1,DDoS,test_attack,205.267454014156,5.1316863503539,1
synthetic_A#9124,1,DDoS,test_attack,2545.642177483952,63.641054437098795,1
synthetic_A#9125,1,DDoS,test_attack,1569.989981051891,39.24974952629727,1
synthetic_A#9126,1,DDoS,test_attack,30475.13618260454,761.8784045651134,1
synthetic_A#9127,1,DDoS,test_attack,1030.861093692733,25.771527342318326,1
synthetic_A#9128,1,DDoS,test_attack,77.65159622341156,1.941289905585289,1
synthetic_A#9129,1,DDoS,test_attack,491.1619308543584,12.27904827135896,1
synthetic_A#9130,1,DDoS,test_attack,2539.6434074412814,63.49108518603204,1
synthetic_A#9131,1,DDoS,test_attack,206.37379322484742,5.159344830621185,1
synthetic_A#9132,1,DDoS,test_attack,785716.0840679649,19642.902101699125,1
synthetic_A#9133,1,DDoS,test_attack,34.52247410618463,0.8630618526546158,1
synthetic_A#9134,1,DDoS,test_attack,32955.244007357935,823.8811001839483,1
synthetic_A#9135,1,DDoS,test_attack,279.6161350192641,6.990403375481603,1
synthetic_A#9136,1,DDoS,test_attack,2173.4253303311134,54.33563325827784,1
synthetic_A#9137,1,DDoS,test_attack,91.61341631480079,2.2903354078700198,1
synthetic_A#9138,1,DDoS,test_attack,546.1132358029297,13.652830895073242,1
synthetic_A#9139,1,DDoS,test_attack,86.92346225260721,2.17308655631518,1
synthetic_A#9140,1,DDoS,test_attack,78.72341795690738,1.9680854489226847,1
synthetic_A#9141,1,DDoS,test_attack,242.69618409802436,6.067404602450609,1
synthetic_A#9142,1,DDoS,test_attack,555.0895402617343,13.877238506543359,1
synthetic_A#9143,1,DDoS,test_attack,89.49439815997798,2.2373599539994493,1
synthetic_A#9144,1,DDoS,test_attack,2376.0357154425215,59.40089288606303,1
synthetic_A#9145,1,DDoS,test_attack,834.8035085329252,20.87008771332313,1
synthetic_A#9146,1,DDoS,test_attack,353.02272763212,8.825568190803,1
synthetic_A#9147,1,DDoS,test_attack,242.32968361043714,6.058242090260928,1
synthetic_A#9148,1,DDoS,test_attack,170.5498254873795,4.2637456371844875,1
synthetic_A#9149,1,DDoS,test_attack,648.5049065977441,16.212622664943602,1
synthetic_A#9150,1,DDoS,test_attack,3184.071488364689,79.60178720911722,1
synthetic_A#9151,1,DDoS,test_attack,1067.4799961183444,26.68699990295861,1
synthetic_A#9152,1,DDoS,test_attack,645.3574117053961,16.133935292634902,1
synthetic_A#9153,1,DDoS,test_attack,123.20609557486219,3.0801523893715546,1
synthetic_A#9154,1,DDoS,test_attack,724.5455070011171,18.113637675027928,1
synthetic_A#9155,1,DDoS,test_attack,730.185432531013,18.254635813275325,1
synthetic_A#9156,1,DDoS,test_attack,198.0828241256166,4.952070603140415,1
synthetic_A#9157,1,DDoS,test_attack,42626.637465136046,1065.6659366284011,1
synthetic_A#9158,1,DDoS,test_attack,236.08241209048356,5.902060302262089,1
synthetic_A#9159,1,DDoS,test_attack,2918.7819061366326,72.96954765341582,1
synthetic_A#9160,1,DDoS,test_attack,6570.568965382154,164.26422413455384,1
synthetic_A#9161,1,DDoS,test_attack,36842.93862788717,921.0734656971792,1
synthetic_A#9162,1,DDoS,test_attack,167.72594379292318,4.1931485948230796,1
synthetic_A#9163,1,DDoS,test_attack,403.266528553283,10.081663213832076,1
synthetic_A#9164,1,DDoS,test_attack,1170.3051748254811,29.257629370637027,1
synthetic_A#9165,1,DDoS,test_attack,13467.14641451126,336.6786603627815,1
synthetic_A#9166,1,DDoS,test_attack,3531.904125898058,88.29760314745144,1
synthetic_A#9167,1,DDoS,test_attack,5218.325347719478,130.45813369298693,1
synthetic_A#9168,1,DDoS,test_attack,92.29639409470926,2.3074098523677313,1
synthetic_A#9169,1,DDoS,test_attack,280.72651823358046,7.018162955839512,1
synthetic_A#9170,1,DDoS,test_attack,3915.7863446244637,97.89465861561159,1
synthetic_A#9171,1,DDoS,test_attack,159579.4086582647,3989.4852164566173,1
synthetic_A#9172,1,DDoS,test_attack,55132.03927063124,1378.300981765781,1
synthetic_A#9173,1,DDoS,test_attack,413.70074380533265,10.342518595133317,1
synthetic_A#9174,1,DDoS,test_attack,83.42225300008249,2.085556325002062,1
synthetic_A#9175,1,DDoS,test_attack,29790.393287709394,744.7598321927348,1
synthetic_A#9176,1,DDoS,test_attack,56654.90185220033,1416.3725463050082,1
synthetic_A#9177,1,DDoS,test_attack,503.49637930218546,12.587409482554637,1
synthetic_A#9178,1,DDoS,test_attack,144.3512575513795,3.6087814387844874,1
synthetic_A#9179,1,DDoS,test_attack,69.91747246743643,1.7479368116859106,1
synthetic_A#9180,1,DDoS,test_attack,257.665148275237,6.441628706880925,1
synthetic_A#9181,1,DDoS,test_attack,6131.001830665537,153.27504576663844,1
synthetic_A#9182,1,DDoS,test_attack,754.3735214738246,18.859338036845614,1
synthetic_A#9183,1,DDoS,test_attack,22265.70454490579,556.6426136226448,1
synthetic_A#9184,1,DDoS,test_attack,126.24420437274998,3.1561051093187493,1
synthetic_A#9185,1,DDoS,test_attack,1577.1736902908328,39.42934225727082,1
synthetic_A#9186,1,DDoS,test_attack,883.9626885761229,22.09906721440307,1
synthetic_A#9187,1,DDoS,test_attack,506.4351297650036,12.66087824412509,1
synthetic_A#9188,1,DDoS,test_attack,2746.7692694707894,68.66923173676973,1
synthetic_A#9189,1,DDoS,test_attack,823.7029586015725,20.592573965039314,1
synthetic_A#9190,1,DDoS,test_attack,62.70403325010104,1.567600831252526,1
synthetic_A#9191,1,DDoS,test_attack,199.28442462228614,4.982110615557153,1
synthetic_A#9192,1,DDoS,test_attack,742.0929300482574,18.552323251206435,1
synthetic_A#9193,1,DDoS,test_attack,5168.890095208433,129.22225238021082,1
synthetic_A#9194,1,DDoS,test_attack,4598.828555991289,114.97071389978223,1
synthetic_A#9195,1,DDoS,test_attack,189.0038236634699,4.725095591586747,1
synthetic_A#9196,1,DDoS,test_attack,3749.2356417061437,93.7308910426536,1
synthetic_A#9197,1,DDoS,test_attack,3469.0012555629337,86.72503138907334,1
synthetic_A#9198,1,DDoS,test_attack,2685.765088604701,67.14412721511752,1
synthetic_A#9199,1,DDoS,test_attack,2878.5871819369336,71.96467954842333,1
synthetic_A#9200,1,DDoS,test_attack,178.20062222153064,4.455015555538266,1
synthetic_A#9201,1,DDoS,test_attack,364.9584355850532,9.12396088962633,1
synthetic_A#9202,1,DDoS,test_attack,200.5466127101113,5.013665317752783,1
synthetic_A#9203,1,DDoS,test_attack,185.87517448340847,4.646879362085212,1
synthetic_A#9204,1,DDoS,test_attack,83.4918663657077,2.0872966591426922,1
synthetic_A#9205,1,DDoS,test_attack,1565.6583426980246,39.14145856745061,1
synthetic_A#9206,1,DDoS,test_attack,655.9943748603766,16.399859371509415,1
synthetic_A#9207,1,DDoS,test_attack,5848.50922211509,146.21273055287725,1
synthetic_A#9208,1,DDoS,test_attack,20442.238722334092,511.0559680583523,1
synthetic_A#9209,1,DDoS,test_attack,19.566405476667214,0.48916013691668037,0
synthetic_A#9210,1,DDoS,test_attack,55736.82363800357,1393.4205909500893,1
synthetic_A#9211,1,DDoS,test_attack,10032.673676477296,250.81684191193239,1
synthetic_A#9212,1,DDoS,test_attack,14037.568073842342,350.93920184605855,1
synthetic_A#9213,1,DDoS,test_attack,582.1294214860808,14.55323553715202,1
synthetic_A#9214,1,DDoS,test_attack,12303.960042065992,307.5990010516498,1
synthetic_A#9215,1,DDoS,test_attack,25089.618442136823,627.2404610534206,1
synthetic_A#9216,1,DDoS,test_attack,1633.0778482781764,40.82694620695441,1
synthetic_A#9217,1,DDoS,test_attack,1523.7956279567939,38.09489069891985,1
synthetic_A#9218,1,DDoS,test_attack,2061.7640645050387,51.544101612625965,1
synthetic_A#9219,1,DDoS,test_attack,425.7180104860447,10.642950262151118,1
synthetic_A#9220,1,DDoS,test_attack,189.81489104981608,4.745372276245402,1
synthetic_A#9221,1,DDoS,test_attack,352.76462732940877,8.81911568323522,1
synthetic_A#9222,1,DDoS,test_attack,2014.7071496693413,50.367678741733535,1
synthetic_A#9223,1,DDoS,test_attack,335.54558599082236,8.388639649770559,1
synthetic_A#9224,1,DDoS,test_attack,137428.34593791765,3435.7086484479414,1
synthetic_A#9225,1,DDoS,test_attack,524.3637617263001,13.109094043157503,1
synthetic_A#9226,1,DDoS,test_attack,651.0142159627839,16.275355399069596,1
synthetic_A#9227,1,DDoS,test_attack,828.119967026021,20.702999175650525,1
synthetic_A#9228,1,DDoS,test_attack,1160.3991675754,29.009979189385,1
synthetic_A#9229,1,DDoS,test_attack,11181.565253220844,279.5391313305211,1
synthetic_A#9230,1,DDoS,test_attack,992.6793922191514,24.816984805478786,1
synthetic_A#9231,1,DDoS,test_attack,405.6482154575183,10.141205386437957,1
synthetic_A#9232,1,DDoS,test_attack,4412.826823214567,110.32067058036418,1
synthetic_A#9233,1,DDoS,test_attack,3430.921223493434,85.77303058733585,1
synthetic_A#9234,1,DDoS,test_attack,17574.540986132004,439.3635246533001,1
synthetic_A#9235,1,DDoS,test_attack,549.009699557447,13.725242488936175,1
synthetic_A#9236,1,DDoS,test_attack,504.65208099767807,12.616302024941952,1
synthetic_A#9237,1,DDoS,test_attack,9780.667116496983,244.51667791242457,1
synthetic_A#9238,1,DDoS,test_attack,2656.0343497636477,66.4008587440912,1
synthetic_A#9239,1,DDoS,test_attack,2170.3302941576067,54.25825735394017,1
synthetic_A#9240,1,DDoS,test_attack,2166.45709512455,54.16142737811375,1
synthetic_A#9241,1,DDoS,test_attack,259.6764023548751,6.491910058871878,1
synthetic_A#9242,1,DDoS,test_attack,7505.558830248474,187.63897075621185,1
synthetic_A#9243,1,DDoS,test_attack,1879.495051966418,46.98737629916045,1
synthetic_A#9244,1,DDoS,test_attack,875.0923236118794,21.877308090296985,1
synthetic_A#9245,1,DDoS,test_attack,3202.2707996370887,80.05676999092722,1
synthetic_A#9246,1,DDoS,test_attack,1823.5313380255084,45.58828345063771,1
synthetic_A#9247,1,DDoS,test_attack,1361.6050936528397,34.040127341320996,1
synthetic_A#9248,1,DDoS,test_attack,6779.320916819481,169.48302292048703,1
synthetic_A#9249,1,DDoS,test_attack,491.91654756136995,12.29791368903425,1
synthetic_A#9250,1,DDoS,test_attack,823.1017257500521,20.577543143751303,1
synthetic_A#9251,1,DDoS,test_attack,357.79298226681493,8.944824556670373,1
synthetic_A#9252,1,DDoS,test_attack,432.5871740468352,10.814679351170879,1
synthetic_A#9253,1,DDoS,test_attack,4246.798298817703,106.16995747044257,1
synthetic_A#9254,1,DDoS,test_attack,97.0953526779017,2.4273838169475423,1
synthetic_A#9255,1,DDoS,test_attack,121363.58633133177,3034.0896582832943,1
synthetic_A#9256,1,DDoS,test_attack,138046.39230268117,3451.159807567029,1
synthetic_A#9257,1,DDoS,test_attack,440.7910191830532,11.01977547957633,1
synthetic_A#9258,1,DDoS,test_attack,222.8015167620375,5.570037919050938,1
synthetic_A#9259,1,DDoS,test_attack,5011.27939406571,125.28198485164276,1
synthetic_A#9260,1,DDoS,test_attack,403.09718725672474,10.077429681418119,1
synthetic_A#9261,1,DDoS,test_attack,18333.019168222658,458.32547920556647,1
synthetic_A#9262,1,DDoS,test_attack,1374.5137192823768,34.36284298205942,1
synthetic_A#9263,1,DDoS,test_attack,40677.093370287184,1016.9273342571796,1
synthetic_A#9264,1,DDoS,test_attack,637.9343948270696,15.94835987067674,1
synthetic_A#9265,1,DDoS,test_attack,5258.255006664298,131.45637516660744,1
synthetic_A#9266,1,DDoS,test_attack,47775.33033673472,1194.3832584183679,1
synthetic_A#9267,1,DDoS,test_attack,4856.687035649104,121.41717589122759,1
synthetic_A#9268,1,DDoS,test_attack,17554.843262442108,438.8710815610527,1
synthetic_A#9269,1,DDoS,test_attack,125.57020418665047,3.139255104666262,1
synthetic_A#9270,1,DDoS,test_attack,4592.926985394606,114.82317463486515,1
synthetic_A#9271,1,DDoS,test_attack,125.80414722726715,3.145103680681679,1
synthetic_A#9272,1,DDoS,test_attack,4426.232727280399,110.65581818200997,1
synthetic_A#9273,1,DDoS,test_attack,13644.594723546394,341.1148680886598,1
synthetic_A#9274,1,DDoS,test_attack,8489.407830943892,212.2351957735973,1
synthetic_A#9275,1,DDoS,test_attack,157.9440022213002,3.9486000555325047,1
synthetic_A#9276,1,DDoS,test_attack,390.96089714037873,9.774022428509468,1
synthetic_A#9277,1,DDoS,test_attack,13554.556761460724,338.8639190365181,1
synthetic_A#9278,1,DDoS,test_attack,552.3159250948466,13.807898127371166,1
synthetic_A#9279,1,DDoS,test_attack,16683.08757590407,417.0771893976017,1
synthetic_A#9280,1,DDoS,test_attack,1057.3162730105453,26.432906825263633,1
synthetic_A#9281,1,DDoS,test_attack,375.14632976252494,9.378658244063123,1
synthetic_A#9282,1,DDoS,test_attack,1436.1765977060845,35.90441494265211,1
synthetic_A#9283,1,DDoS,test_attack,494.3772297770678,12.359430744426694,1
synthetic_A#9284,1,DDoS,test_attack,127.6819142630558,3.1920478565763952,1
synthetic_A#9285,1,DDoS,test_attack,104.50266717003768,2.612566679250942,1
synthetic_A#9286,1,DDoS,test_attack,1599.226236248497,39.98065590621242,1
synthetic_A#9287,1,DDoS,test_attack,79302.69434960975,1982.567358740244,1
synthetic_A#9288,1,DDoS,test_attack,692.7648918380565,17.319122295951413,1
synthetic_A#9289,1,DDoS,test_attack,53058.38223824951,1326.4595559562379,1
synthetic_A#9290,1,DDoS,test_attack,191.61148517719835,4.7902871294299585,1
synthetic_A#9291,1,DDoS,test_attack,539.1726601969324,13.47931650492331,1
synthetic_A#9292,1,DDoS,test_attack,547.8780064316866,13.696950160792165,1
synthetic_A#9293,1,DDoS,test_attack,201.58023954949616,5.039505988737404,1
synthetic_A#9294,1,DDoS,test_attack,814.2436565855658,20.356091414639145,1
synthetic_A#9295,1,DDoS,test_attack,611.6854334329339,15.292135835823348,1
synthetic_A#9296,1,DDoS,test_attack,9555.672787324425,238.89181968311064,1
synthetic_A#9297,1,DDoS,test_attack,13122.669010834892,328.0667252708723,1
synthetic_A#9298,1,DDoS,test_attack,1694.9788584099588,42.37447146024897,1
synthetic_A#9299,1,DDoS,test_attack,17029.198658127323,425.72996645318307,1
synthetic_A#9300,1,DDoS,test_attack,381.1672378197625,9.529180945494062,1
synthetic_A#9301,1,DDoS,test_attack,845.0881900198376,21.12720475049594,1
synthetic_A#9302,1,DDoS,test_attack,2710.876559164759,67.77191397911898,1
synthetic_A#9303,1,DDoS,test_attack,953.124077812212,23.8281019453053,1
synthetic_A#9304,1,DDoS,test_attack,307.22772213353403,7.68069305333835,1
synthetic_A#9305,1,DDoS,test_attack,1581.9051777353975,39.547629443384935,1
synthetic_A#9306,1,DDoS,test_attack,538.3965562378,13.459913905945001,1
synthetic_A#9307,1,DDoS,test_attack,6550.239617754077,163.7559904438519,1
synthetic_A#9308,1,DDoS,test_attack,5123.178771374283,128.0794692843571,1
synthetic_A#9309,1,DDoS,test_attack,2631.6413863139187,65.79103465784797,1
synthetic_A#9310,1,DDoS,test_attack,1346.6354348211803,33.66588587052951,1
synthetic_A#9311,1,DDoS,test_attack,24794.424076317086,619.8606019079272,1
synthetic_A#9312,1,DDoS,test_attack,413.2156831195487,10.330392077988718,1
synthetic_A#9313,1,DDoS,test_attack,28117.195547435615,702.9298886858903,1
synthetic_A#9314,1,DDoS,test_attack,1417.6606861780367,35.44151715445092,1
synthetic_A#9315,1,DDoS,test_attack,12106.778498301775,302.6694624575444,1
synthetic_A#9316,1,DDoS,test_attack,3786.007737310219,94.65019343275547,1
synthetic_A#9317,1,DDoS,test_attack,4663.841063619868,116.59602659049669,1
synthetic_A#9318,1,DDoS,test_attack,736.9875495693962,18.424688739234902,1
synthetic_A#9319,1,DDoS,test_attack,1863.0363584644824,46.57590896161206,1
synthetic_A#9320,1,DDoS,test_attack,11864.747525703304,296.6186881425826,1
synthetic_A#9321,1,DDoS,test_attack,1799.1031073827116,44.97757768456779,1
synthetic_A#9322,1,DDoS,test_attack,2866.6821712487445,71.66705428121861,1
synthetic_A#9323,1,DDoS,test_attack,944.0820660506065,23.602051651265164,1
synthetic_A#9324,1,DDoS,test_attack,1521.6591751749256,38.04147937937314,1
synthetic_A#9325,1,DDoS,test_attack,227.65650253073346,5.6914125632683366,1
synthetic_A#9326,1,DDoS,test_attack,206.82200355306543,5.170550088826635,1
synthetic_A#9327,1,DDoS,test_attack,4630.866324198314,115.77165810495785,1
synthetic_A#9328,1,DDoS,test_attack,191.41167979337533,4.785291994834383,1
synthetic_A#9329,1,DDoS,test_attack,2851.970230690542,71.29925576726355,1
synthetic_A#9330,1,DDoS,test_attack,1552.2369954782162,38.8059248869554,1
synthetic_A#9331,1,DDoS,test_attack,448.56951768254385,11.214237942063596,1
synthetic_A#9332,1,DDoS,test_attack,949.9411404745342,23.748528511863356,1
synthetic_A#9333,1,DDoS,test_attack,605.3441436521089,15.133603591302721,1
synthetic_A#9334,1,DDoS,test_attack,699.1122549573851,17.477806373934627,1
synthetic_A#9335,1,DDoS,test_attack,843.271937234066,21.08179843085165,1
synthetic_A#9336,1,DDoS,test_attack,1102.4030433107603,27.560076082769008,1
synthetic_A#9337,1,DDoS,test_attack,514.54068110565,12.863517027641251,1
synthetic_A#9338,1,DDoS,test_attack,4575.960873812119,114.39902184530297,1
synthetic_A#9339,1,DDoS,test_attack,223.40934550279854,5.585233637569964,1
synthetic_A#9340,1,DDoS,test_attack,2915.9675148741717,72.8991878718543,1
synthetic_A#9341,1,DDoS,test_attack,1151.7094271992378,28.792735679980943,1
synthetic_A#9342,1,DDoS,test_attack,3646.8396451105377,91.17099112776344,1
synthetic_A#9343,1,DDoS,test_attack,423.22203994019833,10.580550998504958,1
synthetic_A#9344,1,DDoS,test_attack,469.7296500337512,11.74324125084378,1
synthetic_A#9345,1,DDoS,test_attack,561.8339130759252,14.04584782689813,1
synthetic_A#9346,1,DDoS,test_attack,10315.64515874707,257.89112896867675,1
synthetic_A#9347,1,DDoS,test_attack,5135.690699555801,128.39226748889502,1
synthetic_A#9348,1,DDoS,test_attack,1096.0549393012545,27.401373482531362,1
synthetic_A#9349,1,DDoS,test_attack,870.4696570879607,21.76174142719902,1
synthetic_A#9350,1,DDoS,test_attack,317.2769047882468,7.931922619706169,1
synthetic_A#9351,1,DDoS,test_attack,878.87864021898,21.9719660054745,1
synthetic_A#9352,1,DDoS,test_attack,3196.232058954216,79.9058014738554,1
synthetic_A#9353,1,DDoS,test_attack,462.99007107255704,11.574751776813926,1
synthetic_A#9354,1,DDoS,test_attack,2414.2308713056323,60.35577178264081,1
synthetic_A#9355,1,DDoS,test_attack,37037.25215031077,925.9313037577692,1
synthetic_A#9356,1,DDoS,test_attack,3296.90067451197,82.42251686279926,1
synthetic_A#9357,1,DDoS,test_attack,9136.600602340242,228.41501505850607,1
synthetic_A#9358,1,DDoS,test_attack,5230.519983205775,130.76299958014437,1
synthetic_A#9359,1,DDoS,test_attack,5635.470406692057,140.88676016730142,1
synthetic_A#9360,1,DDoS,test_attack,29757.03166372804,743.925791593201,1
synthetic_A#9361,1,DDoS,test_attack,1068.9987774970734,26.724969437426836,1
synthetic_A#9362,1,DDoS,test_attack,4374.564016460477,109.36410041151194,1
synthetic_A#9363,1,DDoS,test_attack,79267.54278863009,1981.6885697157522,1
synthetic_A#9364,1,DDoS,test_attack,729.295452075431,18.232386301885775,1
synthetic_A#9365,1,DDoS,test_attack,450.87176476888067,11.271794119222017,1
synthetic_A#9366,1,DDoS,test_attack,686.5972443714734,17.164931109286833,1
synthetic_A#9367,1,DDoS,test_attack,817.7836263363915,20.444590658409787,1
synthetic_A#9368,1,DDoS,test_attack,879.0345298407557,21.975863246018893,1
synthetic_A#9369,1,DDoS,test_attack,3976.7318342955323,99.4182958573883,1
synthetic_A#9370,1,DDoS,test_attack,8491.550391020255,212.28875977550638,1
synthetic_A#9371,1,DDoS,test_attack,9198.516645865846,229.96291614664614,1
synthetic_A#9372,1,DDoS,test_attack,5878.487687071614,146.96219217679035,1
synthetic_A#9373,1,DDoS,test_attack,14054.336878916809,351.3584219729202,1
synthetic_A#9374,1,DDoS,test_attack,3167.256344305004,79.1814086076251,1
synthetic_A#9375,1,DDoS,test_attack,295.7953366473701,7.3948834161842525,1
synthetic_A#9376,1,DDoS,test_attack,1815.85598442061,45.396399610515246,1
synthetic_A#9377,1,DDoS,test_attack,1759.4726240280947,43.98681560070237,1
synthetic_A#9378,1,DDoS,test_attack,704.996536109149,17.624913402728726,1
synthetic_A#9379,1,DDoS,test_attack,1403.1891812987903,35.079729532469756,1
synthetic_A#9380,1,DDoS,test_attack,7160.361737246687,179.00904343116719,1
synthetic_A#9381,1,DDoS,test_attack,285.03430401719373,7.1258576004298435,1
synthetic_A#9382,1,DDoS,test_attack,1339.4796300455694,33.48699075113923,1
synthetic_A#9383,1,DDoS,test_attack,1789.8870920480076,44.74717730120019,1
synthetic_A#9384,1,DDoS,test_attack,259.37076493956283,6.484269123489071,1
synthetic_A#9385,1,DDoS,test_attack,395.21920697125984,9.880480174281496,1
synthetic_A#9386,1,DDoS,test_attack,457.5853008324764,11.439632520811909,1
synthetic_A#9387,1,DDoS,test_attack,4723.693094486702,118.09232736216754,1
synthetic_A#9388,1,DDoS,test_attack,8873.11454870052,221.827863717513,1
synthetic_A#9389,1,DDoS,test_attack,1971.8262479300633,49.295656198251585,1
synthetic_A#9390,1,DDoS,test_attack,2380.4234665576405,59.51058666394101,1
synthetic_A#9391,1,DDoS,test_attack,64259.47444389571,1606.4868610973929,1
synthetic_A#9392,1,DDoS,test_attack,720565.5482994735,18014.138707486836,1
synthetic_A#9393,1,DDoS,test_attack,9316.565821055803,232.9141455263951,1
synthetic_A#9394,1,DDoS,test_attack,6165.053027001299,154.12632567503246,1
synthetic_A#9395,1,DDoS,test_attack,7684.161232579247,192.10403081448118,1
synthetic_A#9396,1,DDoS,test_attack,686.3128236569931,17.15782059142483,1
synthetic_A#9397,1,DDoS,test_attack,224.71598037584414,5.6178995093961035,1
synthetic_A#9398,1,DDoS,test_attack,3528.1896956140554,88.20474239035138,1
synthetic_A#9399,1,DDoS,test_attack,444.5656875632941,11.114142189082353,1
synthetic_A#9400,1,DDoS,test_attack,1216.150265793184,30.4037566448296,1
synthetic_A#9401,1,DDoS,test_attack,5121.815286323301,128.04538215808253,1
synthetic_A#9402,1,DDoS,test_attack,269.3895991374154,6.734739978435385,1
synthetic_A#9403,1,DDoS,test_attack,4991.96119587511,124.79902989687776,1
synthetic_A#9404,1,DDoS,test_attack,426.8581912262732,10.67145478065683,1
synthetic_A#9405,1,DDoS,test_attack,15210.5206817066,380.26301704266496,1
synthetic_A#9406,1,DDoS,test_attack,20166.574445132122,504.1643611283031,1
synthetic_A#9407,1,DDoS,test_attack,521.539042534294,13.03847606335735,1
synthetic_A#9408,1,DDoS,test_attack,585.4159071708891,14.635397679272227,1
synthetic_A#9409,1,DDoS,test_attack,18054.38403132704,451.359600783176,1
synthetic_A#9410,1,DDoS,test_attack,31578.978682494468,789.4744670623617,1
synthetic_A#9411,1,DDoS,test_attack,264.01023814512826,6.600255953628206,1
synthetic_A#9412,1,DDoS,test_attack,2010.0927246790898,50.25231811697724,1
synthetic_A#9413,1,DDoS,test_attack,3969.6169080937893,99.24042270234473,1
synthetic_A#9414,1,DDoS,test_attack,3439.018093065469,85.97545232663673,1
synthetic_A#9415,1,DDoS,test_attack,781.6962001453862,19.542405003634656,1
synthetic_A#9416,1,DDoS,test_attack,2791.372430478038,69.78431076195095,1
synthetic_A#9417,1,DDoS,test_attack,216.17091544253964,5.404272886063491,1
synthetic_A#9418,1,DDoS,test_attack,6785.1953925425105,169.62988481356277,1
synthetic_A#9419,1,DDoS,test_attack,749.7123479844018,18.742808699610045,1
synthetic_A#9420,1,DDoS,test_attack,235.99528756977483,5.899882189244371,1
synthetic_A#9421,1,DDoS,test_attack,240.23133285362218,6.005783321340554,1
synthetic_A#9422,1,DDoS,test_attack,315.3980634444297,7.884951586110742,1
synthetic_A#9423,1,DDoS,test_attack,847.8611347801666,21.196528369504165,1
synthetic_A#9424,1,DDoS,test_attack,771.8661997625388,19.29665499406347,1
synthetic_A#9425,1,DDoS,test_attack,5700.145006015445,142.5036251503861,1
synthetic_A#9426,1,DDoS,test_attack,1201.0793474330212,30.02698368582553,1
synthetic_A#9427,1,DDoS,test_attack,5734.625702001029,143.3656425500257,1
synthetic_A#9428,1,DDoS,test_attack,143.52956704039414,3.5882391760098535,1
synthetic_A#9429,1,DDoS,test_attack,910.6779319789279,22.766948299473196,1
synthetic_A#9430,1,DDoS,test_attack,521.0690201816951,13.026725504542378,1
synthetic_A#9431,1,DDoS,test_attack,1180.351913122357,29.508797828058924,1
synthetic_A#9432,1,DDoS,test_attack,370.8356296243937,9.270890740609842,1
synthetic_A#9433,1,DDoS,test_attack,725.7414312535624,18.14353578133906,1
synthetic_A#9434,1,DDoS,test_attack,282.1377771761687,7.053444429404218,1
synthetic_A#9435,1,DDoS,test_attack,8268.490412046109,206.71226030115272,1
synthetic_A#9436,1,DDoS,test_attack,1365.9880493856458,34.14970123464114,1
synthetic_A#9437,1,DDoS,test_attack,427.1185491782479,10.677963729456199,1
synthetic_A#9438,1,DDoS,test_attack,1959.1900233903748,48.97975058475937,1
synthetic_A#9439,1,DDoS,test_attack,9506.504263984047,237.66260659960116,1
synthetic_A#9440,1,DDoS,test_attack,143.42036095974933,3.5855090239937333,1
synthetic_A#9441,1,DDoS,test_attack,270.15873525507186,6.753968381376796,1
synthetic_A#9442,1,DDoS,test_attack,10217.251450349337,255.43128625873342,1
synthetic_A#9443,1,DDoS,test_attack,415.15872053877877,10.37896801346947,1
synthetic_A#9444,1,DDoS,test_attack,783775.9725712831,19594.399314282076,1
synthetic_A#9445,1,DDoS,test_attack,61687.68958946781,1542.1922397366952,1
synthetic_A#9446,1,DDoS,test_attack,1450.0608483477174,36.251521208692935,1
synthetic_A#9447,1,DDoS,test_attack,90.9609123714105,2.2740228092852623,1
synthetic_A#9448,1,DDoS,test_attack,39790.606110802284,994.765152770057,1
synthetic_A#9449,1,DDoS,test_attack,709.2314946654055,17.730787366635138,1
synthetic_A#9450,1,DDoS,test_attack,40.40017868313566,1.0100044670783914,1
synthetic_A#9451,1,DDoS,test_attack,1351.5366995141535,33.788417487853835,1
synthetic_A#9452,1,DDoS,test_attack,1290.5715221838566,32.26428805459641,1
synthetic_A#9453,1,DDoS,test_attack,377.9753999164152,9.44938499791038,1
synthetic_A#9454,1,DDoS,test_attack,6560.33421014695,164.00835525367376,1
synthetic_A#9455,1,DDoS,test_attack,13549.07801998487,338.72695049962175,1
synthetic_A#9456,1,DDoS,test_attack,458.6450785587273,11.466126963968183,1
synthetic_A#9457,1,DDoS,test_attack,796.7390572148306,19.918476430370767,1
synthetic_A#9458,1,DDoS,test_attack,728.1261170978288,18.20315292744572,1
synthetic_A#9459,1,DDoS,test_attack,781.886007740429,19.547150193510724,1
synthetic_A#9460,1,DDoS,test_attack,1028.792694140866,25.71981735352165,1
synthetic_A#9461,1,DDoS,test_attack,32.99076543812506,0.8247691359531265,1
synthetic_A#9462,1,DDoS,test_attack,33.10139887128847,0.8275349717822117,1
synthetic_A#9463,1,DDoS,test_attack,259.55644079661056,6.488911019915264,1
synthetic_A#9464,1,DDoS,test_attack,9107.9460657685,227.69865164421248,1
synthetic_A#9465,1,DDoS,test_attack,733.386715950701,18.334667898767528,1
synthetic_A#9466,1,DDoS,test_attack,1712.2098098940792,42.805245247351976,1
synthetic_A#9467,1,DDoS,test_attack,3281.5572991121608,82.03893247780402,1
synthetic_A#9468,1,DDoS,test_attack,1193.09403533178,29.827350883294503,1
synthetic_A#9469,1,DDoS,test_attack,20068.808047925802,501.72020119814505,1
synthetic_A#9470,1,DDoS,test_attack,1965.0250885918026,49.12562721479507,1
synthetic_A#9471,1,DDoS,test_attack,1326.0973002294338,33.152432505735845,1
synthetic_A#9472,1,DDoS,test_attack,104.81824341146542,2.6204560852866354,1
synthetic_A#9473,1,DDoS,test_attack,4678.949227564695,116.97373068911739,1
synthetic_A#9474,1,DDoS,test_attack,13617.943091872923,340.4485772968231,1
synthetic_A#9475,1,DDoS,test_attack,3359.9002913257054,83.99750728314264,1
synthetic_A#9476,1,DDoS,test_attack,1609.8175055087795,40.24543763771949,1
synthetic_A#9477,1,DDoS,test_attack,1594.6481537775446,39.866203844438616,1
synthetic_A#9478,1,DDoS,test_attack,172.63511947326407,4.315877986831602,1
synthetic_A#9479,1,DDoS,test_attack,2344.401019573025,58.61002548932563,1
synthetic_A#9480,1,DDoS,test_attack,362.7761393583312,9.069403483958279,1
synthetic_A#9481,1,DDoS,test_attack,1356.787322762641,33.919683069066025,1
synthetic_A#9482,1,DDoS,test_attack,5338.008500898823,133.45021252247057,1
synthetic_A#9483,1,DDoS,test_attack,1617.3611076091731,40.43402769022933,1
synthetic_A#9484,1,DDoS,test_attack,4130.087042714396,103.2521760678599,1
synthetic_A#9485,1,DDoS,test_attack,121.53833920143603,3.0384584800359007,1
synthetic_A#9486,1,DDoS,test_attack,34476.76070100536,861.919017525134,1
synthetic_A#9487,1,DDoS,test_attack,804.2502614807352,20.10625653701838,1
synthetic_A#9488,1,DDoS,test_attack,1379.9751994794392,34.49937998698598,1
synthetic_A#9489,1,DDoS,test_attack,933.8487220599252,23.34621805149813,1
synthetic_A#9490,1,DDoS,test_attack,1878.25370148791,46.95634253719775,1
synthetic_A#9491,1,DDoS,test_attack,109.77501741555334,2.744375435388833,1
synthetic_A#9492,1,DDoS,test_attack,7522.297845983548,188.05744614958869,1
synthetic_A#9493,1,DDoS,test_attack,5353.059795113586,133.82649487783965,1
synthetic_A#9494,1,DDoS,test_attack,1789.2192308589147,44.73048077147287,1
synthetic_A#9495,1,DDoS,test_attack,2438.7670300395803,60.96917575098951,1
synthetic_A#9496,1,DDoS,test_attack,216.54792718349586,5.413698179587397,1
synthetic_A#9497,1,DDoS,test_attack,2055.7797106522385,51.39449276630596,1
synthetic_A#9498,1,DDoS,test_attack,242.87243619903506,6.071810904975877,1
synthetic_A#9499,1,DDoS,test_attack,378.5631610515495,9.464079026288738,1
synthetic_A#9500,1,PortScan,test_attack,2.2246021857281963,0.05561505464320491,0
synthetic_A#9501,1,PortScan,test_attack,0.6078052802859158,0.015195132007147897,0
synthetic_A#9502,1,PortScan,test_attack,0.6460568293346213,0.01615142073336553,0
synthetic_A#9503,1,PortScan,test_attack,1.0206115721894178,0.025515289304735445,0
synthetic_A#9504,1,PortScan,test_attack,0.8484991671819505,0.021212479179548764,0
synthetic_A#9505,1,PortScan,test_attack,4.057123248811568,0.10142808122028919,0
synthetic_A#9506,1,PortScan,test_attack,3.603901395578774,0.09009753488946935,0
synthetic_A#9507,1,PortScan,test_attack,4.828145811065129,0.12070364527662822,0
synthetic_A#9508,1,PortScan,test_attack,1.9882845737301151,0.04970711434325288,0
synthetic_A#9509,1,PortScan,test_attack,1.3274684403266164,0.03318671100816541,0
synthetic_A#9510,1,PortScan,test_attack,1.3984787382856863,0.034961968457142154,0
synthetic_A#9511,1,PortScan,test_attack,2.5711268124575617,0.06427817031143904,0
synthetic_A#9512,1,PortScan,test_attack,4.1997129599856216,0.10499282399964054,0
synthetic_A#9513,1,PortScan,test_attack,3.1978052786637323,0.07994513196659331,0
synthetic_A#9514,1,PortScan,test_attack,1.7674899243931412,0.044187248109828534,0
synthetic_A#9515,1,PortScan,test_attack,18.745029690527115,0.4686257422631779,0
synthetic_A#9516,1,PortScan,test_attack,0.7669962204079706,0.019174905510199264,0
synthetic_A#9517,1,PortScan,test_attack,1.5299476959433083,0.03824869239858271,0
synthetic_A#9518,1,PortScan,test_attack,33.40446109168758,0.8351115272921895,1
synthetic_A#9519,1,PortScan,test_attack,0.8098755669079414,0.020246889172698533,0
synthetic_A#9520,1,PortScan,test_attack,9.127248193315978,0.22818120483289944,0
synthetic_A#9521,1,PortScan,test_attack,2.803382030974549,0.07008455077436374,0
synthetic_A#9522,1,PortScan,test_attack,4.087281899832698,0.10218204749581745,0
synthetic_A#9523,1,PortScan,test_attack,0.6201135989870189,0.015502839974675473,0
synthetic_A#9524,1,PortScan,test_attack,0.7789845740544885,0.01947461435136221,0
synthetic_A#9525,1,PortScan,test_attack,3.170462103671527,0.07926155259178817,0
synthetic_A#9526,1,PortScan,test_attack,3.7700398664822536,0.09425099666205634,0
synthetic_A#9527,1,PortScan,test_attack,6.148462992472082,0.15371157481180203,0
synthetic_A#9528,1,PortScan,test_attack,227.52535279681982,5.688133819920496,1
synthetic_A#9529,1,PortScan,test_attack,2.2719046274431123,0.05679761568607781,0
synthetic_A#9530,1,PortScan,test_attack,1.4834345745921655,0.03708586436480414,0
synthetic_A#9531,1,PortScan,test_attack,1.9524053908460552,0.048810134771151384,0
synthetic_A#9532,1,PortScan,test_attack,3.336064619518416,0.0834016154879604,0
synthetic_A#9533,1,PortScan,test_attack,2.238165635744016,0.0559541408936004,0
synthetic_A#9534,1,PortScan,test_attack,3.996830187790613,0.09992075469476533,0
synthetic_A#9535,1,PortScan,test_attack,0.44475931370976046,0.011118982842744011,0
synthetic_A#9536,1,PortScan,test_attack,2.4183013546339605,0.06045753386584901,0
synthetic_A#9537,1,PortScan,test_attack,0.397230048546365,0.009930751213659125,0
synthetic_A#9538,1,PortScan,test_attack,1.809209429244322,0.04523023573110805,0
synthetic_A#9539,1,PortScan,test_attack,1.0010718161725765,0.025026795404314413,0
synthetic_A#9540,1,PortScan,test_attack,2.9389098455482103,0.07347274613870526,0
synthetic_A#9541,1,PortScan,test_attack,2.4193118742968593,0.060482796857421486,0
synthetic_A#9542,1,PortScan,test_attack,0.5679785649821297,0.014199464124553243,0
synthetic_A#9543,1,PortScan,test_attack,0.9813794331155818,0.024534485827889547,0
synthetic_A#9544,1,PortScan,test_attack,2.8361013147635514,0.07090253286908879,0
synthetic_A#9545,1,PortScan,test_attack,3.9733277587822267,0.09933319396955567,0
synthetic_A#9546,1,PortScan,test_attack,7.440713382453767,0.1860178345613442,0
synthetic_A#9547,1,PortScan,test_attack,88.85375881081407,2.2213439702703517,1
synthetic_A#9548,1,PortScan,test_attack,1.4561687689241765,0.03640421922310441,0
synthetic_A#9549,1,PortScan,test_attack,4.887218353471119,0.12218045883677797,0
synthetic_A#9550,1,PortScan,test_attack,7.428192736863448,0.1857048184215862,0
synthetic_A#9551,1,PortScan,test_attack,2.8621496045473664,0.07155374011368416,0
synthetic_A#9552,1,PortScan,test_attack,3.3564555193105887,0.08391138798276472,0
synthetic_A#9553,1,PortScan,test_attack,1.1084443246255549,0.02771110811563887,0
synthetic_A#9554,1,PortScan,test_attack,23.4535202903338,0.586338007258345,1
synthetic_A#9555,1,PortScan,test_attack,10.823307637080223,0.2705826909270056,0
synthetic_A#9556,1,PortScan,test_attack,2.9943576212153804,0.07485894053038451,0
synthetic_A#9557,1,PortScan,test_attack,0.5625353211786811,0.014063383029467028,0
synthetic_A#9558,1,PortScan,test_attack,2.321187638450443,0.05802969096126107,0
synthetic_A#9559,1,PortScan,test_attack,6.139019277918862,0.15347548194797156,0
synthetic_A#9560,1,PortScan,test_attack,0.6877963349424315,0.01719490837356079,0
synthetic_A#9561,1,PortScan,test_attack,3.2575281392148234,0.08143820348037059,0
synthetic_A#9562,1,PortScan,test_attack,0.9064958326322334,0.022662395815805834,0
synthetic_A#9563,1,PortScan,test_attack,18.013001420774145,0.45032503551935366,0
synthetic_A#9564,1,PortScan,test_attack,0.9027805529323771,0.022569513823309427,0
synthetic_A#9565,1,PortScan,test_attack,6.358584813581595,0.1589646203395399,0
synthetic_A#9566,1,PortScan,test_attack,3.569276977204428,0.0892319244301107,0
synthetic_A#9567,1,PortScan,test_attack,1.2033271687769909,0.03008317921942477,0
synthetic_A#9568,1,PortScan,test_attack,1.092811971258957,0.027320299281473927,0
synthetic_A#9569,1,PortScan,test_attack,1.4033344144485276,0.03508336036121319,0
synthetic_A#9570,1,PortScan,test_attack,2.5000541243126015,0.06250135310781504,0
synthetic_A#9571,1,PortScan,test_attack,13.933213057849912,0.3483303264462478,0
synthetic_A#9572,1,PortScan,test_attack,4.125268795654845,0.10313171989137113,0
synthetic_A#9573,1,PortScan,test_attack,0.8587888866563943,0.021469722166409858,0
synthetic_A#9574,1,PortScan,test_attack,34.19258214644822,0.8548145536612054,1
synthetic_A#9575,1,PortScan,test_attack,0.5992091055585171,0.014980227638962928,0
synthetic_A#9576,1,PortScan,test_attack,3.8125845844877313,0.09531461461219329,0
synthetic_A#9577,1,PortScan,test_attack,1.9748226112637384,0.04937056528159346,0
synthetic_A#9578,1,PortScan,test_attack,6.308986645782534,0.15772466614456335,0
synthetic_A#9579,1,PortScan,test_attack,6.302983646891574,0.15757459117228936,0
synthetic_A#9580,1,PortScan,test_attack,1.4858931775129096,0.03714732943782274,0
synthetic_A#9581,1,PortScan,test_attack,0.9165990854010926,0.022914977135027315,0
synthetic_A#9582,1,PortScan,test_attack,3.2981040894934166,0.08245260223733542,0
synthetic_A#9583,1,PortScan,test_attack,19.066744607295732,0.4766686151823933,0
synthetic_A#9584,1,PortScan,test_attack,0.4808742697483639,0.012021856743709097,0
synthetic_A#9585,1,PortScan,test_attack,1.407378433009615,0.03518446082524038,0
synthetic_A#9586,1,PortScan,test_attack,1.2586591356474113,0.031466478391185285,0
synthetic_A#9587,1,PortScan,test_attack,0.6865835661161567,0.017164589152903916,0
synthetic_A#9588,1,PortScan,test_attack,12.804473175230513,0.3201118293807628,0
synthetic_A#9589,1,PortScan,test_attack,3.742659524826495,0.09356648812066237,0
synthetic_A#9590,1,PortScan,test_attack,0.3441822819786195,0.008604557049465488,0
synthetic_A#9591,1,PortScan,test_attack,18.033159928457618,0.45082899821144046,0
synthetic_A#9592,1,PortScan,test_attack,1.573962810591318,0.039349070264782945,0
synthetic_A#9593,1,PortScan,test_attack,1.2031509134387175,0.030078772835967937,0
synthetic_A#9594,1,PortScan,test_attack,9.197675072931526,0.22994187682328815,0
synthetic_A#9595,1,PortScan,test_attack,1.3370096167178973,0.033425240417947436,0
synthetic_A#9596,1,PortScan,test_attack,5.247324695567599,0.13118311738918997,0
synthetic_A#9597,1,PortScan,test_attack,1.8704075243576854,0.046760188108942134,0
synthetic_A#9598,1,PortScan,test_attack,3.776530969180657,0.09441327422951643,0
synthetic_A#9599,1,PortScan,test_attack,1.2754015018621538,0.03188503754655385,0
synthetic_A#9600,1,PortScan,test_attack,8.106565198895176,0.2026641299723794,0
synthetic_A#9601,1,PortScan,test_attack,0.8491733657506748,0.02122933414376687,0
synthetic_A#9602,1,PortScan,test_attack,3.564456747852369,0.08911141869630923,0
synthetic_A#9603,1,PortScan,test_attack,0.5597803988109193,0.013994509970272984,0
synthetic_A#9604,1,PortScan,test_attack,1.2067089972294425,0.03016772493073606,0
synthetic_A#9605,1,PortScan,test_attack,7.158344200089937,0.17895860500224842,0
synthetic_A#9606,1,PortScan,test_attack,2.4059836179984235,0.060149590449960585,0
synthetic_A#9607,1,PortScan,test_attack,1.7374622662415162,0.043436556656037906,0
synthetic_A#9608,1,PortScan,test_attack,2.0805653966241726,0.05201413491560432,0
synthetic_A#9609,1,PortScan,test_attack,5.537557386070226,0.13843893465175566,0
synthetic_A#9610,1,PortScan,test_attack,3.416338422574895,0.08540846056437237,0
synthetic_A#9611,1,PortScan,test_attack,4.757695455332417,0.11894238638331042,0
synthetic_A#9612,1,PortScan,test_attack,4.003445101424479,0.10008612753561197,0
synthetic_A#9613,1,PortScan,test_attack,2.0264738449906097,0.05066184612476524,0
synthetic_A#9614,1,PortScan,test_attack,4.6250527795982395,0.11562631948995598,0
synthetic_A#9615,1,PortScan,test_attack,12.989709671576026,0.32474274178940066,0
synthetic_A#9616,1,PortScan,test_attack,6.828248280381251,0.17070620700953126,0
synthetic_A#9617,1,PortScan,test_attack,19.72924741673779,0.4932311854184447,0
synthetic_A#9618,1,PortScan,test_attack,1.9189755039331873,0.047974387598329685,0
synthetic_A#9619,1,PortScan,test_attack,15.42833487999688,0.38570837199992203,0
synthetic_A#9620,1,PortScan,test_attack,7.3906301216751835,0.1847657530418796,0
synthetic_A#9621,1,PortScan,test_attack,38.9367684208926,0.973419210522315,1
synthetic_A#9622,1,PortScan,test_attack,15.811526102127907,0.39528815255319766,0
synthetic_A#9623,1,PortScan,test_attack,0.425856336458612,0.010646408411465299,0
synthetic_A#9624,1,PortScan,test_attack,7.4864506645441065,0.18716126661360266,0
synthetic_A#9625,1,PortScan,test_attack,16.385213743303048,0.4096303435825762,0
synthetic_A#9626,1,PortScan,test_attack,0.8616393462647527,0.021540983656618818,0
synthetic_A#9627,1,PortScan,test_attack,4.343279435608181,0.10858198589020454,0
synthetic_A#9628,1,PortScan,test_attack,53.39736979378604,1.334934244844651,1
synthetic_A#9629,1,PortScan,test_attack,2.265010984525615,0.056625274613140375,0
synthetic_A#9630,1,PortScan,test_attack,0.3132143025103391,0.007830357562758478,0
synthetic_A#9631,1,PortScan,test_attack,0.6931087900856843,0.017327719752142107,0
synthetic_A#9632,1,PortScan,test_attack,16.61358976432876,0.41533974410821906,0
synthetic_A#9633,1,PortScan,test_attack,6.347380281992383,0.15868450704980958,0
synthetic_A#9634,1,PortScan,test_attack,1.1115934956335372,0.02778983739083843,0
synthetic_A#9635,1,PortScan,test_attack,0.8394830860720626,0.020987077151801564,0
synthetic_A#9636,1,PortScan,test_attack,0.551822724735366,0.013795568118384149,0
synthetic_A#9637,1,PortScan,test_attack,0.2549947649487708,0.006374869123719271,0
synthetic_A#9638,1,PortScan,test_attack,8.78045879709557,0.21951146992738924,0
synthetic_A#9639,1,PortScan,test_attack,4.690311212957836,0.11725778032394589,0
synthetic_A#9640,1,PortScan,test_attack,1.8933150344379563,0.047332875860948906,0
synthetic_A#9641,1,PortScan,test_attack,3.1909886302032073,0.07977471575508019,0
synthetic_A#9642,1,PortScan,test_attack,0.5512127179897682,0.013780317949744205,0
synthetic_A#9643,1,PortScan,test_attack,3.766855017869286,0.09417137544673215,0
synthetic_A#9644,1,PortScan,test_attack,1.3016206847294942,0.032540517118237355,0
synthetic_A#9645,1,PortScan,test_attack,10.74210194159659,0.2685525485399148,0
synthetic_A#9646,1,PortScan,test_attack,2.284176023495874,0.05710440058739685,0
synthetic_A#9647,1,PortScan,test_attack,2.6283455021189335,0.06570863755297333,0
synthetic_A#9648,1,PortScan,test_attack,4.514844783551186,0.11287111958877964,0
synthetic_A#9649,1,PortScan,test_attack,0.6273553054204705,0.01568388263551176,0
synthetic_A#9650,1,PortScan,test_attack,1.630849644787184,0.0407712411196796,0
synthetic_A#9651,1,PortScan,test_attack,1.8488556709927564,0.04622139177481891,0
synthetic_A#9652,1,PortScan,test_attack,1.4187672745750923,0.03546918186437731,0
synthetic_A#9653,1,PortScan,test_attack,18.893766371007516,0.4723441592751879,0
synthetic_A#9654,1,PortScan,test_attack,6.372859221611287,0.15932148054028217,0
synthetic_A#9655,1,PortScan,test_attack,7.605672664858256,0.1901418166214564,0
synthetic_A#9656,1,PortScan,test_attack,0.8433421629832509,0.021083554074581273,0
synthetic_A#9657,1,PortScan,test_attack,1.1134510118014087,0.02783627529503522,0
synthetic_A#9658,1,PortScan,test_attack,27.291991514860246,0.6822997878715061,1
synthetic_A#9659,1,PortScan,test_attack,5.020769194018145,0.12551922985045363,0
synthetic_A#9660,1,PortScan,test_attack,1.7886701171299748,0.04471675292824937,0
synthetic_A#9661,1,PortScan,test_attack,6.909865782721639,0.17274664456804098,0
synthetic_A#9662,1,PortScan,test_attack,42.05299486912046,1.0513248717280115,1
synthetic_A#9663,1,PortScan,test_attack,0.6848167437663191,0.017120418594157978,0
synthetic_A#9664,1,PortScan,test_attack,21.718079790003518,0.5429519947500879,0
synthetic_A#9665,1,PortScan,test_attack,2.700095890423359,0.06750239726058398,0
synthetic_A#9666,1,PortScan,test_attack,0.2851153639845299,0.0071278840996132475,0
synthetic_A#9667,1,PortScan,test_attack,5.544224345884122,0.13860560864710306,0
synthetic_A#9668,1,PortScan,test_attack,2.8421809050464897,0.07105452262616224,0
synthetic_A#9669,1,PortScan,test_attack,2.9993224348712344,0.07498306087178086,0
synthetic_A#9670,1,PortScan,test_attack,2.8423137511181435,0.07105784377795359,0
synthetic_A#9671,1,PortScan,test_attack,0.9456606949549917,0.023641517373874793,0
synthetic_A#9672,1,PortScan,test_attack,1.463051204440072,0.0365762801110018,0
synthetic_A#9673,1,PortScan,test_attack,29.006323547927074,0.7251580886981769,1
synthetic_A#9674,1,PortScan,test_attack,2.7254368798411557,0.06813592199602889,0
synthetic_A#9675,1,PortScan,test_attack,1.9374955713728763,0.04843738928432191,0
synthetic_A#9676,1,PortScan,test_attack,3.566737345694597,0.08916843364236493,0
synthetic_A#9677,1,PortScan,test_attack,0.5365951940217419,0.013414879850543548,0
synthetic_A#9678,1,PortScan,test_attack,2.338640424810604,0.058466010620265095,0
synthetic_A#9679,1,PortScan,test_attack,5.041428683004834,0.12603571707512085,0
synthetic_A#9680,1,PortScan,test_attack,0.39172624496990216,0.009793156124247554,0
synthetic_A#9681,1,PortScan,test_attack,14.547525176672583,0.36368812941681455,0
synthetic_A#9682,1,PortScan,test_attack,0.6351857110770839,0.0158796427769271,0
synthetic_A#9683,1,PortScan,test_attack,5.051168400421935,0.12627921001054837,0
synthetic_A#9684,1,PortScan,test_attack,5.602214033932308,0.1400553508483077,0
synthetic_A#9685,1,PortScan,test_attack,4.441245831143592,0.11103114577858979,0
synthetic_A#9686,1,PortScan,test_attack,1.3383600794701052,0.033459001986752626,0
synthetic_A#9687,1,PortScan,test_attack,0.8709864420719936,0.02177466105179984,0
synthetic_A#9688,1,PortScan,test_attack,2.621825374480463,0.06554563436201158,0
synthetic_A#9689,1,PortScan,test_attack,9.339636231504457,0.23349090578761142,0
synthetic_A#9690,1,PortScan,test_attack,3.413692238315858,0.08534230595789645,0
synthetic_A#9691,1,PortScan,test_attack,10.672563565026746,0.2668140891256686,0
synthetic_A#9692,1,PortScan,test_attack,4.108775520128495,0.10271938800321237,0
synthetic_A#9693,1,PortScan,test_attack,3.7046315220752124,0.09261578805188031,0
synthetic_A#9694,1,PortScan,test_attack,20.567198815097605,0.5141799703774401,0
synthetic_A#9695,1,PortScan,test_attack,26.926841568203155,0.6731710392050789,1
synthetic_A#9696,1,PortScan,test_attack,2.372722423233697,0.05931806058084242,0
synthetic_A#9697,1,PortScan,test_attack,1.164174736531501,0.029104368413287524,0
synthetic_A#9698,1,PortScan,test_attack,1.390507008657125,0.034762675216428125,0
synthetic_A#9699,1,PortScan,test_attack,87.65632339080067,2.191408084770017,1
synthetic_A#9700,1,PortScan,test_attack,1.8306296634898782,0.04576574158724696,0
synthetic_A#9701,1,PortScan,test_attack,17.07006179787714,0.4267515449469285,0
synthetic_A#9702,1,PortScan,test_attack,4.976968715214088,0.12442421788035221,0
synthetic_A#9703,1,PortScan,test_attack,3.361371942721104,0.0840342985680276,0
synthetic_A#9704,1,PortScan,test_attack,6.539100359156104,0.16347750897890262,0
synthetic_A#9705,1,PortScan,test_attack,18.809583496722357,0.47023958741805894,0
synthetic_A#9706,1,PortScan,test_attack,3.2957483364747646,0.08239370841186912,0
synthetic_A#9707,1,PortScan,test_attack,1.1696568964768375,0.029241422411920938,0
synthetic_A#9708,1,PortScan,test_attack,2.187287295409577,0.05468218238523942,0
synthetic_A#9709,1,PortScan,test_attack,0.41860159057260293,0.010465039764315074,0
synthetic_A#9710,1,PortScan,test_attack,2.3536335258500314,0.05884083814625078,0
synthetic_A#9711,1,PortScan,test_attack,9.467516038705236,0.2366879009676309,0
synthetic_A#9712,1,PortScan,test_attack,4.158273453054607,0.10395683632636517,0
synthetic_A#9713,1,PortScan,test_attack,1.740391875279112,0.0435097968819778,0
synthetic_A#9714,1,PortScan,test_attack,3.1832899190879065,0.07958224797719766,0
synthetic_A#9715,1,PortScan,test_attack,0.7379522877276309,0.018448807193190774,0
synthetic_A#9716,1,PortScan,test_attack,6.495364852263992,0.1623841213065998,0
synthetic_A#9717,1,PortScan,test_attack,3.4316697104118874,0.08579174276029719,0
synthetic_A#9718,1,PortScan,test_attack,1.0502329744766126,0.026255824361915314,0
synthetic_A#9719,1,PortScan,test_attack,3.8951650837133407,0.09737912709283351,0
synthetic_A#9720,1,PortScan,test_attack,6.787131462449221,0.16967828656123052,0
synthetic_A#9721,1,PortScan,test_attack,207.8912589005137,5.1972814725128424,1
synthetic_A#9722,1,PortScan,test_attack,6.560307176670419,0.16400767941676048,0
synthetic_A#9723,1,PortScan,test_attack,1.8973269888255568,0.04743317472063892,0
synthetic_A#9724,1,PortScan,test_attack,14.351055311698703,0.3587763827924676,0
synthetic_A#9725,1,PortScan,test_attack,11.8885172451361,0.2972129311284025,0
synthetic_A#9726,1,PortScan,test_attack,4.79350704295992,0.119837676073998,0
synthetic_A#9727,1,PortScan,test_attack,3.57720096464001,0.08943002411600025,0
synthetic_A#9728,1,PortScan,test_attack,1.1781411538665802,0.029453528846664506,0
synthetic_A#9729,1,PortScan,test_attack,7.659780167726583,0.19149450419316458,0
synthetic_A#9730,1,PortScan,test_attack,1.2197725556990247,0.030494313892475616,0
synthetic_A#9731,1,PortScan,test_attack,1.0406284470744698,0.026015711176861744,0
synthetic_A#9732,1,PortScan,test_attack,1.702333621128104,0.0425583405282026,0
synthetic_A#9733,1,PortScan,test_attack,0.8201438558285827,0.020503596395714568,0
synthetic_A#9734,1,PortScan,test_attack,0.47643001341840363,0.011910750335460091,0
synthetic_A#9735,1,PortScan,test_attack,1.466455271037991,0.036661381775949776,0
synthetic_A#9736,1,PortScan,test_attack,14.879863981792298,0.37199659954480746,0
synthetic_A#9737,1,PortScan,test_attack,53.018320545319746,1.3254580136329936,1
synthetic_A#9738,1,PortScan,test_attack,2.5467625106421705,0.06366906276605426,0
synthetic_A#9739,1,PortScan,test_attack,1.5781395539993524,0.03945348884998381,0
synthetic_A#9740,1,PortScan,test_attack,1.935960705632024,0.0483990176408006,0
synthetic_A#9741,1,PortScan,test_attack,1.7056502229509212,0.04264125557377303,0
synthetic_A#9742,1,PortScan,test_attack,6.938312491690578,0.17345781229226445,0
synthetic_A#9743,1,PortScan,test_attack,1.9827231926493945,0.04956807981623486,0
synthetic_A#9744,1,PortScan,test_attack,1.4913825320199123,0.03728456330049781,0
synthetic_A#9745,1,PortScan,test_attack,0.7073119428863404,0.017682798572158508,0
synthetic_A#9746,1,PortScan,test_attack,31.536662647819014,0.7884165661954754,1
synthetic_A#9747,1,PortScan,test_attack,5.797325442292214,0.14493313605730535,0
synthetic_A#9748,1,PortScan,test_attack,0.8485920216950052,0.02121480054237513,0
synthetic_A#9749,1,PortScan,test_attack,2.2345584301891908,0.05586396075472977,0
synthetic_A#9750,1,PortScan,test_attack,5.036305384584264,0.12590763461460658,0
synthetic_A#9751,1,PortScan,test_attack,2.9785440786843536,0.07446360196710884,0
synthetic_A#9752,1,PortScan,test_attack,1.191400608889278,0.029785015222231946,0
synthetic_A#9753,1,PortScan,test_attack,7.861191871373871,0.19652979678434676,0
synthetic_A#9754,1,PortScan,test_attack,13.449409741661558,0.33623524354153894,0
synthetic_A#9755,1,PortScan,test_attack,6.011920778662077,0.1502980194665519,0
synthetic_A#9756,1,PortScan,test_attack,20.686999262726353,0.5171749815681588,0
synthetic_A#9757,1,PortScan,test_attack,6.74151922806238,0.1685379807015595,0
synthetic_A#9758,1,PortScan,test_attack,10.21093676634339,0.25527341915858476,0
synthetic_A#9759,1,PortScan,test_attack,1.6888727204114333,0.042221818010285836,0
synthetic_A#9760,1,PortScan,test_attack,2.6595924152662733,0.06648981038165683,0
synthetic_A#9761,1,PortScan,test_attack,4.208326324979664,0.10520815812449161,0
synthetic_A#9762,1,PortScan,test_attack,1.6246655077793912,0.04061663769448478,0
synthetic_A#9763,1,PortScan,test_attack,5.99497643068288,0.149874410767072,0
synthetic_A#9764,1,PortScan,test_attack,5.425668147500085,0.1356417036875021,0
synthetic_A#9765,1,PortScan,test_attack,8.175701498725347,0.20439253746813368,0
synthetic_A#9766,1,PortScan,test_attack,3.708283413235076,0.0927070853308769,0
synthetic_A#9767,1,PortScan,test_attack,14.889440454024708,0.3722360113506177,0
synthetic_A#9768,1,PortScan,test_attack,9.177731996426308,0.2294432999106577,0
synthetic_A#9769,1,PortScan,test_attack,12.124982351905723,0.3031245587976431,0
synthetic_A#9770,1,PortScan,test_attack,2.6504170955714614,0.06626042738928653,0
synthetic_A#9771,1,PortScan,test_attack,14.709881072988441,0.36774702682471105,0
synthetic_A#9772,1,PortScan,test_attack,4.680730448810646,0.11701826122026615,0
synthetic_A#9773,1,PortScan,test_attack,0.740773821751681,0.018519345543792025,0
synthetic_A#9774,1,PortScan,test_attack,0.8748979396681194,0.021872448491702983,0
synthetic_A#9775,1,PortScan,test_attack,0.856268758398969,0.021406718959974223,0
synthetic_A#9776,1,PortScan,test_attack,2.7802996510839044,0.06950749127709761,0
synthetic_A#9777,1,PortScan,test_attack,2.3880959684632668,0.05970239921158167,0
synthetic_A#9778,1,PortScan,test_attack,14.323393591900146,0.35808483979750366,0
synthetic_A#9779,1,PortScan,test_attack,2.770482754317909,0.06926206885794772,0
synthetic_A#9780,1,PortScan,test_attack,12.662874956035495,0.31657187390088737,0
synthetic_A#9781,1,PortScan,test_attack,15.415862555883944,0.3853965638970986,0
synthetic_A#9782,1,PortScan,test_attack,0.4265021207646451,0.010662553019116127,0
synthetic_A#9783,1,PortScan,test_attack,1.3667791924530026,0.034169479811325065,0
synthetic_A#9784,1,PortScan,test_attack,11.273813388447996,0.2818453347111999,0
synthetic_A#9785,1,PortScan,test_attack,2.724741777509373,0.06811854443773432,0
synthetic_A#9786,1,PortScan,test_attack,0.9265077352691864,0.02316269338172966,0
synthetic_A#9787,1,PortScan,test_attack,1.044078979682,0.02610197449205,0
synthetic_A#9788,1,PortScan,test_attack,2.6117758341520947,0.06529439585380237,0
synthetic_A#9789,1,PortScan,test_attack,2.94103848638158,0.0735259621595395,0
synthetic_A#9790,1,PortScan,test_attack,0.7675143341059174,0.019187858352647934,0
synthetic_A#9791,1,PortScan,test_attack,7.280575818524494,0.18201439546311235,0
synthetic_A#9792,1,PortScan,test_attack,1.3741750764183047,0.03435437691045762,0
synthetic_A#9793,1,PortScan,test_attack,4.631653318553361,0.11579133296383401,0
synthetic_A#9794,1,PortScan,test_attack,3.105864569392933,0.07764661423482333,0
synthetic_A#9795,1,PortScan,test_attack,1.0537530408755913,0.026343826021889782,0
synthetic_A#9796,1,PortScan,test_attack,1.7205062895896028,0.04301265723974007,0
synthetic_A#9797,1,PortScan,test_attack,2.70712931514162,0.0676782328785405,0
synthetic_A#9798,1,PortScan,test_attack,4.174146881350461,0.10435367203376153,0
synthetic_A#9799,1,PortScan,test_attack,1.0157109850790378,0.025392774626975943,0
synthetic_A#9800,1,PortScan,test_attack,1.7101809980895348,0.042754524952238374,0
synthetic_A#9801,1,PortScan,test_attack,1.2200529353891325,0.030501323384728312,0
synthetic_A#9802,1,PortScan,test_attack,1.929819025189345,0.04824547562973362,0
synthetic_A#9803,1,PortScan,test_attack,3.049694584380892,0.0762423646095223,0
synthetic_A#9804,1,PortScan,test_attack,6.823646416637215,0.17059116041593037,0
synthetic_A#9805,1,PortScan,test_attack,1.427656897615501,0.035691422440387525,0
synthetic_A#9806,1,PortScan,test_attack,5.247734122063827,0.13119335305159568,0
synthetic_A#9807,1,PortScan,test_attack,0.6286540392214894,0.015716350980537235,0
synthetic_A#9808,1,PortScan,test_attack,0.4854690201558627,0.012136725503896568,0
synthetic_A#9809,1,PortScan,test_attack,32.63558078239298,0.8158895195598245,1
synthetic_A#9810,1,PortScan,test_attack,6.446991035150006,0.16117477587875015,0
synthetic_A#9811,1,PortScan,test_attack,0.3995178343221198,0.009987945858052995,0
synthetic_A#9812,1,PortScan,test_attack,7.29174111160615,0.18229352779015376,0
synthetic_A#9813,1,PortScan,test_attack,12.313790080097341,0.30784475200243355,0
synthetic_A#9814,1,PortScan,test_attack,57.57363684504062,1.4393409211260155,1
synthetic_A#9815,1,PortScan,test_attack,3.0277843463434158,0.07569460865858539,0
synthetic_A#9816,1,PortScan,test_attack,7.572725543576169,0.18931813858940422,0
synthetic_A#9817,1,PortScan,test_attack,1.3738475952085705,0.03434618988021426,0
synthetic_A#9818,1,PortScan,test_attack,3.5655033187712046,0.08913758296928012,0
synthetic_A#9819,1,PortScan,test_attack,0.29073542656738827,0.007268385664184707,0
synthetic_A#9820,1,PortScan,test_attack,1.366624549475269,0.03416561373688172,0
synthetic_A#9821,1,PortScan,test_attack,9.65643853446338,0.2414109633615845,0
synthetic_A#9822,1,PortScan,test_attack,34.58408393579167,0.8646020983947917,1
synthetic_A#9823,1,PortScan,test_attack,0.6188451644954363,0.015471129112385906,0
synthetic_A#9824,1,PortScan,test_attack,2.7796581539909764,0.06949145384977441,0
synthetic_A#9825,1,PortScan,test_attack,3.5160626299505777,0.08790156574876444,0
synthetic_A#9826,1,PortScan,test_attack,4.1688077895494065,0.10422019473873516,0
synthetic_A#9827,1,PortScan,test_attack,4.59792168707618,0.1149480421769045,0
synthetic_A#9828,1,PortScan,test_attack,7.302830134890884,0.1825707533722721,0
synthetic_A#9829,1,PortScan,test_attack,2.9848227009615558,0.0746205675240389,0
synthetic_A#9830,1,PortScan,test_attack,2.8302323787220853,0.07075580946805213,0
synthetic_A#9831,1,PortScan,test_attack,2.9993838541251425,0.07498459635312857,0
synthetic_A#9832,1,PortScan,test_attack,15.56444228491904,0.389111057122976,0
synthetic_A#9833,1,PortScan,test_attack,11.459874542822202,0.28649686357055504,0
synthetic_A#9834,1,PortScan,test_attack,2.7533480847587053,0.06883370211896764,0
synthetic_A#9835,1,PortScan,test_attack,13.948267234597601,0.34870668086494006,0
synthetic_A#9836,1,PortScan,test_attack,1.9002126890644613,0.04750531722661153,0
synthetic_A#9837,1,PortScan,test_attack,3.9436161933879372,0.09859040483469843,0
synthetic_A#9838,1,PortScan,test_attack,36.49989817646049,0.9124974544115123,1
synthetic_A#9839,1,PortScan,test_attack,3.4038279114560277,0.08509569778640069,0
synthetic_A#9840,1,PortScan,test_attack,0.8044233544252812,0.020110583860632032,0
synthetic_A#9841,1,PortScan,test_attack,2.1196719945409184,0.05299179986352296,0
synthetic_A#9842,1,PortScan,test_attack,3.005061678491857,0.07512654196229643,0
synthetic_A#9843,1,PortScan,test_attack,6.378780070796995,0.15946950176992486,0
synthetic_A#9844,1,PortScan,test_attack,1.317083854601253,0.03292709636503133,0
synthetic_A#9845,1,PortScan,test_attack,5.2698513502550846,0.13174628375637712,0
synthetic_A#9846,1,PortScan,test_attack,4.394000135843626,0.10985000339609066,0
synthetic_A#9847,1,PortScan,test_attack,0.8723939131501804,0.02180984782875451,0
synthetic_A#9848,1,PortScan,test_attack,1.5404018568084665,0.03851004642021166,0
synthetic_A#9849,1,PortScan,test_attack,0.24116840054356992,0.006029210013589248,0
synthetic_A#9850,1,PortScan,test_attack,0.6937272941189558,0.017343182352973895,0
synthetic_A#9851,1,PortScan,test_attack,4.0503621505735445,0.10125905376433861,0
synthetic_A#9852,1,PortScan,test_attack,1.8902137343057817,0.047255343357644544,0
synthetic_A#9853,1,PortScan,test_attack,72.59953898400782,1.8149884746001956,1
synthetic_A#9854,1,PortScan,test_attack,1.8155382940053855,0.04538845735013464,0
synthetic_A#9855,1,PortScan,test_attack,3.2132672432969667,0.08033168108242417,0
synthetic_A#9856,1,PortScan,test_attack,0.48873749998170524,0.012218437499542632,0
synthetic_A#9857,1,PortScan,test_attack,0.6462719543656188,0.01615679885914047,0
synthetic_A#9858,1,PortScan,test_attack,1.4145715506471142,0.03536428876617785,0
synthetic_A#9859,1,PortScan,test_attack,1.8928209825572868,0.04732052456393217,0
synthetic_A#9860,1,PortScan,test_attack,0.947434418350373,0.023685860458759325,0
synthetic_A#9861,1,PortScan,test_attack,3.068204498399014,0.07670511245997536,0
synthetic_A#9862,1,PortScan,test_attack,3.6209140764327135,0.09052285191081784,0
synthetic_A#9863,1,PortScan,test_attack,1.1074096170946874,0.027685240427367187,0
synthetic_A#9864,1,PortScan,test_attack,1.476988885347336,0.036924722133683405,0
synthetic_A#9865,1,PortScan,test_attack,7.530628838693842,0.18826572096734603,0
synthetic_A#9866,1,PortScan,test_attack,4.435461907115731,0.11088654767789327,0
synthetic_A#9867,1,PortScan,test_attack,16.728129287486837,0.4182032321871709,0
synthetic_A#9868,1,PortScan,test_attack,2.4291368725537863,0.060728421813844656,0
synthetic_A#9869,1,PortScan,test_attack,5.163325621457902,0.12908314053644757,0
synthetic_A#9870,1,PortScan,test_attack,1.64704018101768,0.041176004525442,0
synthetic_A#9871,1,PortScan,test_attack,0.5490780934237609,0.013726952335594022,0
synthetic_A#9872,1,PortScan,test_attack,4.28054528493299,0.10701363212332475,0
synthetic_A#9873,1,PortScan,test_attack,2.769436396590976,0.0692359099147744,0
synthetic_A#9874,1,PortScan,test_attack,0.5915547951330662,0.014788869878326654,0
synthetic_A#9875,1,PortScan,test_attack,1.6024441787280228,0.04006110446820057,0
synthetic_A#9876,1,PortScan,test_attack,0.9310995963694264,0.02327748990923566,0
synthetic_A#9877,1,PortScan,test_attack,1.9947736335388053,0.04986934083847013,0
synthetic_A#9878,1,PortScan,test_attack,1.5997956262358566,0.03999489065589641,0
synthetic_A#9879,1,PortScan,test_attack,2.593395022923446,0.06483487557308615,0
synthetic_A#9880,1,PortScan,test_attack,10.238783048499489,0.2559695762124872,0
synthetic_A#9881,1,PortScan,test_attack,5.061242606181835,0.12653106515454587,0
synthetic_A#9882,1,PortScan,test_attack,5.152854858626845,0.12882137146567113,0
synthetic_A#9883,1,PortScan,test_attack,1.0053431428706823,0.025133578571767057,0
synthetic_A#9884,1,PortScan,test_attack,0.6748583558967076,0.01687145889741769,0
synthetic_A#9885,1,PortScan,test_attack,1.2014444704191978,0.030036111760479944,0
synthetic_A#9886,1,PortScan,test_attack,2.029755981181598,0.05074389952953995,0
synthetic_A#9887,1,PortScan,test_attack,2.573689891064583,0.06434224727661457,0
synthetic_A#9888,1,PortScan,test_attack,1.8897697264078044,0.04724424316019511,0
synthetic_A#9889,1,PortScan,test_attack,2.7615054154825236,0.06903763538706309,0
synthetic_A#9890,1,PortScan,test_attack,4.4029956328848865,0.11007489082212216,0
synthetic_A#9891,1,PortScan,test_attack,1.4730520795221926,0.03682630198805482,0
synthetic_A#9892,1,PortScan,test_attack,6.1583407821404,0.15395851955351,0
synthetic_A#9893,1,PortScan,test_attack,9.467116838867955,0.23667792097169887,0
synthetic_A#9894,1,PortScan,test_attack,5.217457930096869,0.13043644825242173,0
synthetic_A#9895,1,PortScan,test_attack,0.7156092748069152,0.017890231870172878,0
synthetic_A#9896,1,PortScan,test_attack,13.06858884267299,0.32671472106682475,0
synthetic_A#9897,1,PortScan,test_attack,1.2629599322909488,0.03157399830727372,0
synthetic_A#9898,1,PortScan,test_attack,4.7585832766251235,0.11896458191562809,0
synthetic_A#9899,1,PortScan,test_attack,0.5557546679209442,0.013893866698023605,0
synthetic_A#9900,1,PortScan,test_attack,4.425777496652255,0.11064443741630639,0
synthetic_A#9901,1,PortScan,test_attack,6.471132442907378,0.16177831107268445,0
synthetic_A#9902,1,PortScan,test_attack,2.1443222066814296,0.05360805516703574,0
synthetic_A#9903,1,PortScan,test_attack,0.9256691408061148,0.023141728520152872,0
synthetic_A#9904,1,PortScan,test_attack,3.4784939554907335,0.08696234888726834,0
synthetic_A#9905,1,PortScan,test_attack,6.395418889695795,0.15988547224239485,0
synthetic_A#9906,1,PortScan,test_attack,1.7567776465474234,0.04391944116368558,0
synthetic_A#9907,1,PortScan,test_attack,1.155612706030296,0.0288903176507574,0
synthetic_A#9908,1,PortScan,test_attack,3.100709746910515,0.07751774367276287,0
synthetic_A#9909,1,PortScan,test_attack,2.3537445425815706,0.058843613564539266,0
synthetic_A#9910,1,PortScan,test_attack,2.276461663266818,0.05691154158167046,0
synthetic_A#9911,1,PortScan,test_attack,6.1025903897909215,0.15256475974477304,0
synthetic_A#9912,1,PortScan,test_attack,20.973604809627584,0.5243401202406897,0
synthetic_A#9913,1,PortScan,test_attack,0.34116042346904407,0.008529010586726102,0
synthetic_A#9914,1,PortScan,test_attack,1.6395602239927918,0.04098900559981979,0
synthetic_A#9915,1,PortScan,test_attack,32.53088959650383,0.8132722399125958,1
synthetic_A#9916,1,PortScan,test_attack,0.9067501639279896,0.02266875409819974,0
synthetic_A#9917,1,PortScan,test_attack,0.6990284364898931,0.017475710912247328,0
synthetic_A#9918,1,PortScan,test_attack,29.74627641573133,0.7436569103932833,1
synthetic_A#9919,1,PortScan,test_attack,1.8480080179212943,0.04620020044803236,0
synthetic_A#9920,1,PortScan,test_attack,0.5893556076934026,0.014733890192335064,0
synthetic_A#9921,1,PortScan,test_attack,1.5474789936849884,0.03868697484212471,0
synthetic_A#9922,1,PortScan,test_attack,0.7679938888360067,0.01919984722090017,0
synthetic_A#9923,1,PortScan,test_attack,1.9253973063161753,0.04813493265790438,0
synthetic_A#9924,1,PortScan,test_attack,5.241956259116379,0.13104890647790948,0
synthetic_A#9925,1,PortScan,test_attack,6.185113753485158,0.15462784383712896,0
synthetic_A#9926,1,PortScan,test_attack,16.477072750017992,0.4119268187504498,0
synthetic_A#9927,1,PortScan,test_attack,9.019329837690854,0.22548324594227137,0
synthetic_A#9928,1,PortScan,test_attack,0.6258139577281705,0.01564534894320426,0
synthetic_A#9929,1,PortScan,test_attack,4.246971005552722,0.10617427513881805,0
synthetic_A#9930,1,PortScan,test_attack,0.594946054495983,0.014873651362399576,0
synthetic_A#9931,1,PortScan,test_attack,0.8040149875510675,0.020100374688776686,0
synthetic_A#9932,1,PortScan,test_attack,0.7860435408916842,0.019651088522292103,0
synthetic_A#9933,1,PortScan,test_attack,0.9973023192657189,0.024932557981642973,0
synthetic_A#9934,1,PortScan,test_attack,2.351375007090805,0.05878437517727012,0
synthetic_A#9935,1,PortScan,test_attack,0.6791741083497191,0.016979352708742977,0
synthetic_A#9936,1,PortScan,test_attack,10.663170117325809,0.2665792529331452,0
synthetic_A#9937,1,PortScan,test_attack,1.5022695779593707,0.037556739448984265,0
synthetic_A#9938,1,PortScan,test_attack,0.6656802499639641,0.016642006249099103,0
synthetic_A#9939,1,PortScan,test_attack,19.282728349461475,0.4820682087365369,0
synthetic_A#9940,1,PortScan,test_attack,10.583517575458737,0.2645879393864684,0
synthetic_A#9941,1,PortScan,test_attack,42.4997787553792,1.06249446888448,1
synthetic_A#9942,1,PortScan,test_attack,4.034725805104244,0.10086814512760608,0
synthetic_A#9943,1,PortScan,test_attack,2.3223839651528198,0.05805959912882049,0
synthetic_A#9944,1,PortScan,test_attack,0.7844258577551997,0.01961064644387999,0
synthetic_A#9945,1,PortScan,test_attack,5.899931188392215,0.1474982797098054,0
synthetic_A#9946,1,PortScan,test_attack,17.315023910974514,0.43287559777436285,0
synthetic_A#9947,1,PortScan,test_attack,0.7219471653330312,0.01804867913332578,0
synthetic_A#9948,1,PortScan,test_attack,18.17376038205697,0.45434400955142423,0
synthetic_A#9949,1,PortScan,test_attack,1.4546531793847794,0.036366329484619486,0
synthetic_A#9950,1,PortScan,test_attack,3.919963761149946,0.09799909402874865,0
synthetic_A#9951,1,PortScan,test_attack,8.786830014396983,0.2196707503599246,0
synthetic_A#9952,1,PortScan,test_attack,17.881183763746417,0.44702959409366044,0
synthetic_A#9953,1,PortScan,test_attack,2.031974767294521,0.05079936918236303,0
synthetic_A#9954,1,PortScan,test_attack,3.436992772084859,0.08592481930212148,0
synthetic_A#9955,1,PortScan,test_attack,0.9818322559239977,0.024545806398099942,0
synthetic_A#9956,1,PortScan,test_attack,4.231251182628221,0.10578127956570553,0
synthetic_A#9957,1,PortScan,test_attack,0.839388738899898,0.02098471847249745,0
synthetic_A#9958,1,PortScan,test_attack,0.865670414007685,0.021641760350192125,0
synthetic_A#9959,1,PortScan,test_attack,26.40779009638539,0.6601947524096348,1
synthetic_A#9960,1,PortScan,test_attack,0.8466898019382578,0.021167245048456445,0
synthetic_A#9961,1,PortScan,test_attack,0.3881441956091202,0.009703604890228005,0
synthetic_A#9962,1,PortScan,test_attack,1.7483316461269323,0.043708291153173304,0
synthetic_A#9963,1,PortScan,test_attack,49.783301957564476,1.2445825489391118,1
synthetic_A#9964,1,PortScan,test_attack,12.360354427710732,0.3090088606927683,0
synthetic_A#9965,1,PortScan,test_attack,3.4890057032188704,0.08722514258047176,0
synthetic_A#9966,1,PortScan,test_attack,2.3797092316980155,0.05949273079245039,0
synthetic_A#9967,1,PortScan,test_attack,1.5686758286575753,0.03921689571643938,0
synthetic_A#9968,1,PortScan,test_attack,2.0276764143888926,0.050691910359722314,0
synthetic_A#9969,1,PortScan,test_attack,15.931356278394674,0.3982839069598668,0
synthetic_A#9970,1,PortScan,test_attack,2.806811128627542,0.07017027821568855,0
synthetic_A#9971,1,PortScan,test_attack,0.5245130860836427,0.013112827152091066,0
synthetic_A#9972,1,PortScan,test_attack,17.40039213078481,0.43500980326962024,0
synthetic_A#9973,1,PortScan,test_attack,3.9498274394904995,0.0987456859872625,0
synthetic_A#9974,1,PortScan,test_attack,3.131400912748611,0.07828502281871527,0
synthetic_A#9975,1,PortScan,test_attack,1.561914325272996,0.039047858131824896,0
synthetic_A#9976,1,PortScan,test_attack,1.7308133361277696,0.043270333403194236,0
synthetic_A#9977,1,PortScan,test_attack,2.640974183430191,0.06602435458575477,0
synthetic_A#9978,1,PortScan,test_attack,5.110357757627041,0.12775894394067602,0
synthetic_A#9979,1,PortScan,test_attack,15.645176730880848,0.3911294182720212,0
synthetic_A#9980,1,PortScan,test_attack,2.443688677731334,0.06109221694328335,0
synthetic_A#9981,1,PortScan,test_attack,481.7296573174028,12.043241432935071,1
synthetic_A#9982,1,PortScan,test_attack,1.6336878996533435,0.04084219749133359,0
synthetic_A#9983,1,PortScan,test_attack,4.897296854795604,0.1224324213698901,0
synthetic_A#9984,1,PortScan,test_attack,1.4806654572671993,0.03701663643167998,0
synthetic_A#9985,1,PortScan,test_attack,23.859480105644476,0.5964870026411119,1
synthetic_A#9986,1,PortScan,test_attack,77.13953776882286,1.9284884442205716,1
synthetic_A#9987,1,PortScan,test_attack,19.335472685220495,0.48338681713051235,0
synthetic_A#9988,1,PortScan,test_attack,2.5263452772439186,0.06315863193109797,0
synthetic_A#9989,1,PortScan,test_attack,1.884560690214066,0.04711401725535165,0
synthetic_A#9990,1,PortScan,test_attack,0.7161091784205348,0.01790272946051337,0
synthetic_A#9991,1,PortScan,test_attack,1.7555250280246053,0.043888125700615135,0
synthetic_A#9992,1,PortScan,test_attack,4.399923614581025,0.10999809036452564,0
synthetic_A#9993,1,PortScan,test_attack,3.812721405388035,0.09531803513470087,0
synthetic_A#9994,1,PortScan,test_attack,0.8817570727338159,0.022043926818345397,0
synthetic_A#9995,1,PortScan,test_attack,5.100987575127087,0.12752468937817718,0
synthetic_A#9996,1,PortScan,test_attack,2.1008705898331748,0.05252176474582937,0
synthetic_A#9997,1,PortScan,test_attack,2.172287415555532,0.054307185388888304,0
synthetic_A#9998,1,PortScan,test_attack,2.9475204761639513,0.07368801190409878,0
synthetic_A#9999,1,PortScan,test_attack,2.703795289056054,0.06759488222640135,0
synthetic_A#10000,1,PortScan,test_attack,19.751897602269775,0.49379744005674436,0
synthetic_A#10001,1,PortScan,test_attack,0.9592735950469666,0.023981839876174166,0
synthetic_A#10002,1,PortScan,test_attack,1.5703843586303776,0.03925960896575944,0
synthetic_A#10003,1,PortScan,test_attack,11.934154701843996,0.2983538675460999,0
synthetic_A#10004,1,PortScan,test_attack,0.873130917781458,0.021828272944536452,0
synthetic_A#10005,1,PortScan,test_attack,23.480049234530174,0.5870012308632544,1
synthetic_A#10006,1,PortScan,test_attack,1.1273289503720538,0.028183223759301344,0
synthetic_A#10007,1,PortScan,test_attack,5.8952165652635795,0.14738041413158948,0
synthetic_A#10008,1,PortScan,test_attack,6.5673809074081175,0.16418452268520295,0
synthetic_A#10009,1,PortScan,test_attack,1.7814387995143723,0.04453596998785931,0
synthetic_A#10010,1,PortScan,test_attack,22.558079781538726,0.5639519945384681,1
synthetic_A#10011,1,PortScan,test_attack,6.238499257330753,0.15596248143326882,0
synthetic_A#10012,1,PortScan,test_attack,9.985363247049598,0.24963408117623995,0
synthetic_A#10013,1,PortScan,test_attack,2.037843287835772,0.050946082195894304,0
synthetic_A#10014,1,PortScan,test_attack,0.3831052560604645,0.009577631401511614,0
synthetic_A#10015,1,PortScan,test_attack,8.344068654578107,0.20860171636445268,0
synthetic_A#10016,1,PortScan,test_attack,2.510976193093371,0.06277440482733428,0
synthetic_A#10017,1,PortScan,test_attack,0.9909847719497866,0.024774619298744666,0
synthetic_A#10018,1,PortScan,test_attack,4.007376795228825,0.10018441988072062,0
synthetic_A#10019,1,PortScan,test_attack,5.164543792969999,0.12911359482424997,0
synthetic_A#10020,1,PortScan,test_attack,1.9370020212608647,0.048425050531521616,0
synthetic_A#10021,1,PortScan,test_attack,5.093422829993794,0.12733557074984486,0
synthetic_A#10022,1,PortScan,test_attack,8.69533325287503,0.21738333132187573,0
synthetic_A#10023,1,PortScan,test_attack,3.4551185534369067,0.08637796383592267,0
synthetic_A#10024,1,PortScan,test_attack,2.5900783579383453,0.06475195894845863,0
synthetic_A#10025,1,PortScan,test_attack,4.83238444772378,0.1208096111930945,0
synthetic_A#10026,1,PortScan,test_attack,0.90780561221647,0.02269514030541175,0
synthetic_A#10027,1,PortScan,test_attack,0.6224125849690479,0.015560314624226199,0
synthetic_A#10028,1,PortScan,test_attack,14.95325956869717,0.37383148921742926,0
synthetic_A#10029,1,PortScan,test_attack,12.622935771042698,0.31557339427606745,0
synthetic_A#10030,1,PortScan,test_attack,3.1807696925451063,0.07951924231362766,0
synthetic_A#10031,1,PortScan,test_attack,3.671082189952684,0.0917770547488171,0
synthetic_A#10032,1,PortScan,test_attack,14.303433305211735,0.35758583263029337,0
synthetic_A#10033,1,PortScan,test_attack,1.1468324089598034,0.028670810223995084,0
synthetic_A#10034,1,PortScan,test_attack,3.69473154095626,0.09236828852390651,0
synthetic_A#10035,1,PortScan,test_attack,1.4502204441696351,0.03625551110424088,0
synthetic_A#10036,1,PortScan,test_attack,16.564311574643163,0.41410778936607906,0
synthetic_A#10037,1,PortScan,test_attack,1.8464730578093227,0.04616182644523307,0
synthetic_A#10038,1,PortScan,test_attack,3.5845562814566865,0.08961390703641717,0
synthetic_A#10039,1,PortScan,test_attack,6.652302051635104,0.1663075512908776,0
synthetic_A#10040,1,PortScan,test_attack,0.9120197012721327,0.02280049253180332,0
synthetic_A#10041,1,PortScan,test_attack,1.4859113008023854,0.03714778252005964,0
synthetic_A#10042,1,PortScan,test_attack,7.152248999144293,0.17880622497860732,0
synthetic_A#10043,1,PortScan,test_attack,0.5683101099027881,0.014207752747569701,0
synthetic_A#10044,1,PortScan,test_attack,0.8176374109249558,0.020440935273123895,0
synthetic_A#10045,1,PortScan,test_attack,419.6402539197963,10.491006347994908,1
synthetic_A#10046,1,PortScan,test_attack,2.587568258984582,0.06468920647461454,0
synthetic_A#10047,1,PortScan,test_attack,1.4255333318111343,0.03563833329527836,0
synthetic_A#10048,1,PortScan,test_attack,1.3945889812232548,0.03486472453058137,0
synthetic_A#10049,1,PortScan,test_attack,0.7010751995876797,0.017526879989691994,0
synthetic_A#10050,1,PortScan,test_attack,1.7422568693135858,0.04355642173283965,0
synthetic_A#10051,1,PortScan,test_attack,3.9055725136403647,0.09763931284100912,0
synthetic_A#10052,1,PortScan,test_attack,1.3538018380219614,0.03384504595054903,0
synthetic_A#10053,1,PortScan,test_attack,1.4638346504990936,0.036595866262477336,0
synthetic_A#10054,1,PortScan,test_attack,4.3276442786838,0.108191106967095,0
synthetic_A#10055,1,PortScan,test_attack,11.049094758891563,0.27622736897228906,0
synthetic_A#10056,1,PortScan,test_attack,1.0288282340290458,0.025720705850726146,0
synthetic_A#10057,1,PortScan,test_attack,2.2594175060974364,0.05648543765243591,0
synthetic_A#10058,1,PortScan,test_attack,4.604427751293173,0.11511069378232933,0
synthetic_A#10059,1,PortScan,test_attack,2.70805624950913,0.06770140623772825,0
synthetic_A#10060,1,PortScan,test_attack,11.996703009801422,0.29991757524503554,0
synthetic_A#10061,1,PortScan,test_attack,5.513258421621751,0.1378314605405438,0
synthetic_A#10062,1,PortScan,test_attack,2.453917733066541,0.061347943326663525,0
synthetic_A#10063,1,PortScan,test_attack,40.9668680414817,1.0241717010370426,1
synthetic_A#10064,1,PortScan,test_attack,6.248753040052145,0.15621882600130363,0
synthetic_A#10065,1,PortScan,test_attack,17.905417198925583,0.4476354299731396,0
synthetic_A#10066,1,PortScan,test_attack,0.804826836557741,0.020120670913943525,0
synthetic_A#10067,1,PortScan,test_attack,6.359978584424237,0.15899946461060593,0
synthetic_A#10068,1,PortScan,test_attack,2.2959902208934606,0.05739975552233652,0
synthetic_A#10069,1,PortScan,test_attack,1.2088236353032635,0.03022059088258159,0
synthetic_A#10070,1,PortScan,test_attack,5.6206432259666865,0.14051608064916715,0
synthetic_A#10071,1,PortScan,test_attack,0.5695914321310471,0.014239785803276178,0
synthetic_A#10072,1,PortScan,test_attack,1.7693385603519136,0.04423346400879784,0
synthetic_A#10073,1,PortScan,test_attack,0.7111410344810151,0.017778525862025378,0
synthetic_A#10074,1,PortScan,test_attack,1.0561064369945348,0.026402660924863368,0
synthetic_A#10075,1,PortScan,test_attack,42.81474858117269,1.0703687145293173,1
synthetic_A#10076,1,PortScan,test_attack,1.2675596569943441,0.031688991424858606,0
synthetic_A#10077,1,PortScan,test_attack,9.731239852137353,0.24328099630343383,0
synthetic_A#10078,1,PortScan,test_attack,3.353079020092833,0.08382697550232082,0
synthetic_A#10079,1,PortScan,test_attack,1.8105443196953344,0.04526360799238336,0
synthetic_A#10080,1,PortScan,test_attack,4.386022306494189,0.10965055766235472,0
synthetic_A#10081,1,PortScan,test_attack,2.2003641409473174,0.055009103523682934,0
synthetic_A#10082,1,PortScan,test_attack,23.80930018986689,0.5952325047466722,1
synthetic_A#10083,1,PortScan,test_attack,8.767026154698048,0.2191756538674512,0
synthetic_A#10084,1,PortScan,test_attack,5.601981623267845,0.1400495405816961,0
synthetic_A#10085,1,PortScan,test_attack,31.257310032738747,0.7814327508184686,1
synthetic_A#10086,1,PortScan,test_attack,4.328392082620226,0.10820980206550565,0
synthetic_A#10087,1,PortScan,test_attack,1.5747843742822085,0.03936960935705521,0
synthetic_A#10088,1,PortScan,test_attack,1.081679811807888,0.027041995295197203,0
synthetic_A#10089,1,PortScan,test_attack,1.284773739163572,0.032119343479089305,0
synthetic_A#10090,1,PortScan,test_attack,10.586549871726337,0.2646637467931584,0
synthetic_A#10091,1,PortScan,test_attack,2.744337413300296,0.0686084353325074,0
synthetic_A#10092,1,PortScan,test_attack,0.29804525742795507,0.007451131435698877,0
synthetic_A#10093,1,PortScan,test_attack,6.150716407438226,0.15376791018595565,0
synthetic_A#10094,1,PortScan,test_attack,20.44315636320168,0.511078909080042,0
synthetic_A#10095,1,PortScan,test_attack,2.903820725035124,0.0725955181258781,0
synthetic_A#10096,1,PortScan,test_attack,0.4475506102244764,0.01118876525561191,0
synthetic_A#10097,1,PortScan,test_attack,1.2803435705388035,0.03200858926347009,0
synthetic_A#10098,1,PortScan,test_attack,2.8459289076377234,0.07114822269094309,0
synthetic_A#10099,1,PortScan,test_attack,3.386864915011569,0.08467162287528922,0
synthetic_A#10100,1,PortScan,test_attack,3.2453525357307864,0.08113381339326967,0
synthetic_A#10101,1,PortScan,test_attack,0.8288525237166914,0.020721313092917283,0
synthetic_A#10102,1,PortScan,test_attack,3.705088683930942,0.09262721709827355,0
synthetic_A#10103,1,PortScan,test_attack,4.552413743658146,0.11381034359145366,0
synthetic_A#10104,1,PortScan,test_attack,18.446853207999336,0.4611713301999834,0
synthetic_A#10105,1,PortScan,test_attack,4.394601905803893,0.10986504764509733,0
synthetic_A#10106,1,PortScan,test_attack,0.7718039164203246,0.019295097910508117,0
synthetic_A#10107,1,PortScan,test_attack,1.121962761437933,0.028049069035948327,0
synthetic_A#10108,1,PortScan,test_attack,3.479337075303769,0.08698342688259422,0
synthetic_A#10109,1,PortScan,test_attack,2.788423319497423,0.06971058298743557,0
synthetic_A#10110,1,PortScan,test_attack,2.8018951618925865,0.07004737904731466,0
synthetic_A#10111,1,PortScan,test_attack,3.7726241645551326,0.09431560411387832,0
synthetic_A#10112,1,PortScan,test_attack,0.4855026323022192,0.01213756580755548,0
synthetic_A#10113,1,PortScan,test_attack,1.3497043954008368,0.03374260988502092,0
synthetic_A#10114,1,PortScan,test_attack,17.370123583255925,0.43425308958139813,0
synthetic_A#10115,1,PortScan,test_attack,6.49659748388492,0.162414937097123,0
synthetic_A#10116,1,PortScan,test_attack,1.363136802582555,0.03407842006456387,0
synthetic_A#10117,1,PortScan,test_attack,5.310982627439175,0.1327745656859794,0
synthetic_A#10118,1,PortScan,test_attack,4.6535178161402335,0.11633794540350584,0
synthetic_A#10119,1,PortScan,test_attack,32.70213436713264,0.8175533591783161,1
synthetic_A#10120,1,PortScan,test_attack,1.4377653988618906,0.03594413497154726,0
synthetic_A#10121,1,PortScan,test_attack,1.8381476009941822,0.045953690024854554,0
synthetic_A#10122,1,PortScan,test_attack,1.331106972503371,0.03327767431258428,0
synthetic_A#10123,1,PortScan,test_attack,1.868071116229766,0.04670177790574415,0
synthetic_A#10124,1,PortScan,test_attack,0.4086360009712974,0.010215900024282434,0
synthetic_A#10125,1,PortScan,test_attack,10.747562949106703,0.2686890737276676,0
synthetic_A#10126,1,PortScan,test_attack,17.135770365364557,0.42839425913411394,0
synthetic_A#10127,1,PortScan,test_attack,67.35822573638958,1.6839556434097396,1
synthetic_A#10128,1,PortScan,test_attack,2.810163334062259,0.07025408335155647,0
synthetic_A#10129,1,PortScan,test_attack,1.4563505084183723,0.03640876271045931,0
synthetic_A#10130,1,PortScan,test_attack,5.814205052496043,0.14535512631240108,0
synthetic_A#10131,1,PortScan,test_attack,4.030269101036282,0.10075672752590706,0
synthetic_A#10132,1,PortScan,test_attack,1.099504152066264,0.0274876038016566,0
synthetic_A#10133,1,PortScan,test_attack,1.6369941513754833,0.04092485378438708,0
synthetic_A#10134,1,PortScan,test_attack,1.7349509464273893,0.043373773660684733,0
synthetic_A#10135,1,PortScan,test_attack,12.73987571923507,0.31849689298087674,0
synthetic_A#10136,1,PortScan,test_attack,0.8043657570912031,0.020109143927280075,0
synthetic_A#10137,1,PortScan,test_attack,2.684846043774942,0.06712115109437355,0
synthetic_A#10138,1,PortScan,test_attack,2.073625566712987,0.05184063916782468,0
synthetic_A#10139,1,PortScan,test_attack,6.4217961303103905,0.16054490325775977,0
synthetic_A#10140,1,PortScan,test_attack,3.650914797702773,0.09127286994256932,0
synthetic_A#10141,1,PortScan,test_attack,0.4466771695438977,0.011166929238597443,0
synthetic_A#10142,1,PortScan,test_attack,4.068719869881435,0.10171799674703588,0
synthetic_A#10143,1,PortScan,test_attack,0.5238632431409533,0.013096581078523833,0
synthetic_A#10144,1,PortScan,test_attack,0.6600913421034328,0.01650228355258582,0
synthetic_A#10145,1,PortScan,test_attack,4.292483936058505,0.10731209840146264,0
synthetic_A#10146,1,PortScan,test_attack,63.30191667966046,1.5825479169915115,1
synthetic_A#10147,1,PortScan,test_attack,4.081387192256842,0.10203467980642104,0
synthetic_A#10148,1,PortScan,test_attack,5.588612636865108,0.1397153159216277,0
synthetic_A#10149,1,PortScan,test_attack,1.6113827877876878,0.0402845696946922,0
synthetic_A#10150,1,PortScan,test_attack,1.9860845759130243,0.04965211439782561,0
synthetic_A#10151,1,PortScan,test_attack,4.995952600240039,0.12489881500600097,0
synthetic_A#10152,1,PortScan,test_attack,5.648585568586089,0.14121463921465222,0
synthetic_A#10153,1,PortScan,test_attack,2.9732989879579526,0.07433247469894881,0
synthetic_A#10154,1,PortScan,test_attack,0.9096367147627304,0.02274091786906826,0
synthetic_A#10155,1,PortScan,test_attack,3.4557722808130524,0.08639430702032631,0
synthetic_A#10156,1,PortScan,test_attack,13.95182631175894,0.3487956577939735,0
synthetic_A#10157,1,PortScan,test_attack,1.4001366310901948,0.03500341577725487,0
synthetic_A#10158,1,PortScan,test_attack,12.349319619091535,0.30873299047728836,0
synthetic_A#10159,1,PortScan,test_attack,6.20810521993849,0.15520263049846225,0
synthetic_A#10160,1,PortScan,test_attack,1.5511301953884011,0.038778254884710026,0
synthetic_A#10161,1,PortScan,test_attack,0.6771249192431297,0.016928122981078243,0
synthetic_A#10162,1,PortScan,test_attack,6.179174170798554,0.15447935426996384,0
synthetic_A#10163,1,PortScan,test_attack,3.896896911677243,0.09742242279193107,0
synthetic_A#10164,1,PortScan,test_attack,12.423141014804543,0.31057852537011355,0
synthetic_A#10165,1,PortScan,test_attack,2.4557934967070434,0.06139483741767608,0
synthetic_A#10166,1,PortScan,test_attack,5.436279605919067,0.13590699014797666,0
synthetic_A#10167,1,PortScan,test_attack,2.1744665292512813,0.05436166323128203,0
synthetic_A#10168,1,PortScan,test_attack,1.8167096320680687,0.04541774080170172,0
synthetic_A#10169,1,PortScan,test_attack,1.924421607573021,0.04811054018932552,0
synthetic_A#10170,1,PortScan,test_attack,3.3578131063412453,0.08394532765853113,0
synthetic_A#10171,1,PortScan,test_attack,4.5097151064618775,0.11274287766154693,0
synthetic_A#10172,1,PortScan,test_attack,25.9454327059128,0.64863581764782,1
synthetic_A#10173,1,PortScan,test_attack,1.15050511097001,0.02876262777425025,0
synthetic_A#10174,1,PortScan,test_attack,2.693437143646121,0.06733592859115303,0
synthetic_A#10175,1,PortScan,test_attack,2.0549712467218066,0.05137428116804517,0
synthetic_A#10176,1,PortScan,test_attack,1.941737805403018,0.048543445135075455,0
synthetic_A#10177,1,PortScan,test_attack,3.4682899263558804,0.08670724815889701,0
synthetic_A#10178,1,PortScan,test_attack,1.2401061507706328,0.03100265376926582,0
synthetic_A#10179,1,PortScan,test_attack,9.229896165974235,0.23074740414935588,0
synthetic_A#10180,1,PortScan,test_attack,11.623556595751195,0.29058891489377986,0
synthetic_A#10181,1,PortScan,test_attack,1.819502534202277,0.04548756335505692,0
synthetic_A#10182,1,PortScan,test_attack,20.89320576105657,0.5223301440264143,0
synthetic_A#10183,1,PortScan,test_attack,0.9938169266991463,0.024845423167478658,0
synthetic_A#10184,1,PortScan,test_attack,2.0071036509926845,0.050177591274817114,0
synthetic_A#10185,1,PortScan,test_attack,2.263322707343376,0.0565830676835844,0
synthetic_A#10186,1,PortScan,test_attack,1.0012122805615011,0.02503030701403753,0
synthetic_A#10187,1,PortScan,test_attack,1.737553906858913,0.043438847671472824,0
synthetic_A#10188,1,PortScan,test_attack,5.391312807873263,0.13478282019683158,0
synthetic_A#10189,1,PortScan,test_attack,2.0726124515828785,0.051815311289571966,0
synthetic_A#10190,1,PortScan,test_attack,0.503389271845851,0.012584731796146276,0
synthetic_A#10191,1,PortScan,test_attack,16.418701751196195,0.4104675437799049,0
synthetic_A#10192,1,PortScan,test_attack,5.957755116179229,0.14894387790448071,0
synthetic_A#10193,1,PortScan,test_attack,1.6070980081967343,0.04017745020491836,0
synthetic_A#10194,1,PortScan,test_attack,0.5424123982131345,0.013560309955328361,0
synthetic_A#10195,1,PortScan,test_attack,1.4035885608378957,0.03508971402094739,0
synthetic_A#10196,1,PortScan,test_attack,0.8754620944023647,0.021886552360059118,0
synthetic_A#10197,1,PortScan,test_attack,23.414126981307128,0.5853531745326782,1
synthetic_A#10198,1,PortScan,test_attack,19.001932943168732,0.47504832357921833,0
synthetic_A#10199,1,PortScan,test_attack,18.974894527949008,0.4743723631987252,0
synthetic_A#10200,1,PortScan,test_attack,0.6392325059256985,0.01598081264814246,0
synthetic_A#10201,1,PortScan,test_attack,76.16839773395799,1.9042099433489497,1
synthetic_A#10202,1,PortScan,test_attack,2.2905956124013116,0.05726489031003279,0
synthetic_A#10203,1,PortScan,test_attack,0.6969801819109633,0.017424504547774083,0
synthetic_A#10204,1,PortScan,test_attack,1.239486553857112,0.0309871638464278,0
synthetic_A#10205,1,PortScan,test_attack,6.9231515768048695,0.17307878942012173,0
synthetic_A#10206,1,PortScan,test_attack,1.1602931271402543,0.029007328178506358,0
synthetic_A#10207,1,PortScan,test_attack,0.2517789768910058,0.006294474422275145,0
synthetic_A#10208,1,PortScan,test_attack,4.68818253997552,0.11720456349938799,0
synthetic_A#10209,1,PortScan,test_attack,1.6408393061594024,0.04102098265398506,0
synthetic_A#10210,1,PortScan,test_attack,4.266792626950629,0.10666981567376572,0
synthetic_A#10211,1,PortScan,test_attack,0.42680106871841755,0.010670026717960438,0
synthetic_A#10212,1,PortScan,test_attack,6.99658066936386,0.1749145167340965,0
synthetic_A#10213,1,PortScan,test_attack,9.04578038995292,0.226144509748823,0
synthetic_A#10214,1,PortScan,test_attack,6.914452540244674,0.17286131350611683,0
synthetic_A#10215,1,PortScan,test_attack,1.01838050031055,0.025459512507763748,0
synthetic_A#10216,1,PortScan,test_attack,9.512581916870893,0.2378145479217723,0
synthetic_A#10217,1,PortScan,test_attack,2.6809599351422464,0.06702399837855616,0
synthetic_A#10218,1,PortScan,test_attack,3.8553607941560006,0.09638401985390002,0
synthetic_A#10219,1,PortScan,test_attack,1.3280627223380042,0.03320156805845011,0
synthetic_A#10220,1,PortScan,test_attack,12.015526141648976,0.3003881535412244,0
synthetic_A#10221,1,PortScan,test_attack,10.805531261378434,0.27013828153446084,0
synthetic_A#10222,1,PortScan,test_attack,2.382774954720945,0.05956937386802362,0
synthetic_A#10223,1,PortScan,test_attack,2.530454859884144,0.0632613714971036,0
synthetic_A#10224,1,PortScan,test_attack,3.964644936948164,0.0991161234237041,0
synthetic_A#10225,1,PortScan,test_attack,14.607481520959654,0.36518703802399133,0
synthetic_A#10226,1,PortScan,test_attack,15.10444172975252,0.377611043243813,0
synthetic_A#10227,1,PortScan,test_attack,2.0859244389131937,0.05214811097282984,0
synthetic_A#10228,1,PortScan,test_attack,68.98617703171145,1.7246544257927863,1
synthetic_A#10229,1,PortScan,test_attack,1.6850880316566923,0.04212720079141731,0
synthetic_A#10230,1,PortScan,test_attack,1.4572152861614125,0.03643038215403531,0
synthetic_A#10231,1,PortScan,test_attack,2.2937153608218983,0.057342884020547456,0
synthetic_A#10232,1,PortScan,test_attack,6.927206065629816,0.1731801516407454,0
synthetic_A#10233,1,PortScan,test_attack,2.199090696403263,0.054977267410081576,0
synthetic_A#10234,1,PortScan,test_attack,1.1523212428742988,0.02880803107185747,0
synthetic_A#10235,1,PortScan,test_attack,9.899814752371519,0.24749536880928796,0
synthetic_A#10236,1,PortScan,test_attack,0.7523637805736217,0.018809094514340544,0
synthetic_A#10237,1,PortScan,test_attack,2.9703970488123774,0.07425992622030944,0
synthetic_A#10238,1,PortScan,test_attack,1.907713475033176,0.0476928368758294,0
synthetic_A#10239,1,PortScan,test_attack,11.45941839415981,0.28648545985399526,0
synthetic_A#10240,1,PortScan,test_attack,0.5513387150209139,0.013783467875522848,0
synthetic_A#10241,1,PortScan,test_attack,4.270001460670805,0.10675003651677013,0
synthetic_A#10242,1,PortScan,test_attack,5.866701078741286,0.14666752696853216,0
synthetic_A#10243,1,PortScan,test_attack,36.71510265705113,0.9178775664262784,1
synthetic_A#10244,1,PortScan,test_attack,4.384308679602139,0.10960771699005348,0
synthetic_A#10245,1,PortScan,test_attack,5.328917391887939,0.13322293479719846,0
synthetic_A#10246,1,PortScan,test_attack,3.0095389977953344,0.07523847494488337,0
synthetic_A#10247,1,PortScan,test_attack,39.815677943474824,0.9953919485868706,1
synthetic_A#10248,1,PortScan,test_attack,37.19711276987457,0.9299278192468643,1
synthetic_A#10249,1,PortScan,test_attack,1.5547492530036244,0.03886873132509061,0
synthetic_A#10250,1,PortScan,test_attack,0.7731698865678691,0.019329247164196726,0
synthetic_A#10251,1,PortScan,test_attack,18.765371443173493,0.4691342860793373,0
synthetic_A#10252,1,PortScan,test_attack,0.41438570804609764,0.01035964270115244,0
synthetic_A#10253,1,PortScan,test_attack,3.962158388318279,0.09905395970795697,0
synthetic_A#10254,1,PortScan,test_attack,3.8973243888179927,0.09743310972044981,0
synthetic_A#10255,1,PortScan,test_attack,2.5242065433939227,0.06310516358484806,0
synthetic_A#10256,1,PortScan,test_attack,2.967373193911707,0.07418432984779268,0
synthetic_A#10257,1,PortScan,test_attack,11.125768769058125,0.2781442192264531,0
synthetic_A#10258,1,PortScan,test_attack,0.8814700280232793,0.022036750700581982,0
synthetic_A#10259,1,PortScan,test_attack,4.681013823133792,0.1170253455783448,0
synthetic_A#10260,1,PortScan,test_attack,6.506317043221056,0.1626579260805264,0
synthetic_A#10261,1,PortScan,test_attack,16.246263112177004,0.4061565778044251,0
synthetic_A#10262,1,PortScan,test_attack,21.835561241447934,0.5458890310361983,0
synthetic_A#10263,1,PortScan,test_attack,1.2177706929052075,0.030444267322630187,0
synthetic_A#10264,1,PortScan,test_attack,1.1861995825624967,0.029654989564062418,0
synthetic_A#10265,1,PortScan,test_attack,1.0569015077359385,0.026422537693398463,0
synthetic_A#10266,1,PortScan,test_attack,1.0220274842170909,0.025550687105427274,0
synthetic_A#10267,1,PortScan,test_attack,4.829338429389974,0.12073346073474936,0
synthetic_A#10268,1,PortScan,test_attack,7.28295521750808,0.182073880437702,0
synthetic_A#10269,1,PortScan,test_attack,1.5752332850666722,0.03938083212666681,0
synthetic_A#10270,1,PortScan,test_attack,6.648344364034408,0.1662086091008602,0
synthetic_A#10271,1,PortScan,test_attack,1.1268542262709111,0.028171355656772777,0
synthetic_A#10272,1,PortScan,test_attack,1.9108326020573154,0.04777081505143289,0
synthetic_A#10273,1,PortScan,test_attack,12.635305760414937,0.3158826440103734,0
synthetic_A#10274,1,PortScan,test_attack,27.882447029926716,0.697061175748168,1
synthetic_A#10275,1,PortScan,test_attack,524.8402462995574,13.121006157488935,1
synthetic_A#10276,1,PortScan,test_attack,5.154077088829511,0.12885192722073777,0
synthetic_A#10277,1,PortScan,test_attack,4.509503236070051,0.11273758090175127,0
synthetic_A#10278,1,PortScan,test_attack,6.8416410390469515,0.1710410259761738,0
synthetic_A#10279,1,PortScan,test_attack,0.7632172473802653,0.019080431184506634,0
synthetic_A#10280,1,PortScan,test_attack,0.6491630705812994,0.016229076764532484,0
synthetic_A#10281,1,PortScan,test_attack,4.732678527464663,0.11831696318661658,0
synthetic_A#10282,1,PortScan,test_attack,5.645711091713294,0.14114277729283237,0
synthetic_A#10283,1,PortScan,test_attack,1.203143423242709,0.030078585581067723,0
synthetic_A#10284,1,PortScan,test_attack,1.8100944786891846,0.045252361967229614,0
synthetic_A#10285,1,PortScan,test_attack,1.2746904075301142,0.03186726018825285,0
synthetic_A#10286,1,PortScan,test_attack,3.376416664353264,0.0844104166088316,0
synthetic_A#10287,1,PortScan,test_attack,0.6834206623071446,0.017085516557678614,0
synthetic_A#10288,1,PortScan,test_attack,12.818993356423823,0.32047483391059556,0
synthetic_A#10289,1,PortScan,test_attack,0.5736441293983534,0.014341103234958835,0
synthetic_A#10290,1,PortScan,test_attack,10.363003537288181,0.2590750884322045,0
synthetic_A#10291,1,PortScan,test_attack,1.749932468746421,0.043748311718660525,0
synthetic_A#10292,1,PortScan,test_attack,30.13133641098296,0.753283410274574,1
synthetic_A#10293,1,PortScan,test_attack,47.30417512274645,1.1826043780686613,1
synthetic_A#10294,1,PortScan,test_attack,1.8776631744758858,0.04694157936189715,0
synthetic_A#10295,1,PortScan,test_attack,1.1444759593344185,0.028611898983360463,0
synthetic_A#10296,1,PortScan,test_attack,0.9126406039016922,0.022816015097542306,0
synthetic_A#10297,1,PortScan,test_attack,0.9735732332262936,0.02433933083065734,0
synthetic_A#10298,1,PortScan,test_attack,9.610168911789906,0.24025422279474765,0
synthetic_A#10299,1,PortScan,test_attack,0.3682259649554851,0.009205649123887128,0
synthetic_A#10300,1,PortScan,test_attack,1.2142597747067172,0.03035649436766793,0
synthetic_A#10301,1,PortScan,test_attack,1.2513975850649126,0.031284939626622814,0
synthetic_A#10302,1,PortScan,test_attack,23.17209060276481,0.5793022650691203,1
synthetic_A#10303,1,PortScan,test_attack,117.42853283263997,2.9357133208159993,1
synthetic_A#10304,1,PortScan,test_attack,3.559302607384091,0.08898256518460228,0
synthetic_A#10305,1,PortScan,test_attack,0.9323250617265801,0.023308126543164505,0
synthetic_A#10306,1,PortScan,test_attack,6.776125119782041,0.169403127994551,0
synthetic_A#10307,1,PortScan,test_attack,0.4090934525951141,0.010227336314877853,0
synthetic_A#10308,1,PortScan,test_attack,8.992866785559325,0.22482166963898315,0
synthetic_A#10309,1,PortScan,test_attack,6.516796989339623,0.16291992473349057,0
synthetic_A#10310,1,PortScan,test_attack,4.774663576661211,0.11936658941653026,0
synthetic_A#10311,1,PortScan,test_attack,0.3299229634086519,0.008248074085216297,0
synthetic_A#10312,1,PortScan,test_attack,0.6103146285245388,0.01525786571311347,0
synthetic_A#10313,1,PortScan,test_attack,0.6147323682926857,0.015368309207317143,0
synthetic_A#10314,1,PortScan,test_attack,1.8107011424987514,0.04526752856246878,0
synthetic_A#10315,1,PortScan,test_attack,6.90762699315154,0.1726906748287885,0
synthetic_A#10316,1,PortScan,test_attack,2.14737309211659,0.053684327302914746,0
synthetic_A#10317,1,PortScan,test_attack,80.69922199245505,2.0174805498113764,1
synthetic_A#10318,1,PortScan,test_attack,52.402987408057655,1.3100746852014413,1
synthetic_A#10319,1,PortScan,test_attack,4.92860917207566,0.12321522930189151,0
synthetic_A#10320,1,PortScan,test_attack,0.5084358183512977,0.012710895458782442,0
synthetic_A#10321,1,PortScan,test_attack,5.135116138964577,0.12837790347411443,0
synthetic_A#10322,1,PortScan,test_attack,0.9071140170457548,0.02267785042614387,0
synthetic_A#10323,1,PortScan,test_attack,3.707271951891718,0.09268179879729295,0
synthetic_A#10324,1,PortScan,test_attack,1.4854341057398754,0.037135852643496885,0
synthetic_A#10325,1,PortScan,test_attack,1.5568347585154028,0.03892086896288507,0
synthetic_A#10326,1,PortScan,test_attack,20.780282826194874,0.5195070706548719,0
synthetic_A#10327,1,PortScan,test_attack,2.726666930985025,0.06816667327462562,0
synthetic_A#10328,1,PortScan,test_attack,7.4247083010234265,0.18561770752558565,0
synthetic_A#10329,1,PortScan,test_attack,1.120171516295029,0.028004287907375726,0
synthetic_A#10330,1,PortScan,test_attack,0.3919696386136219,0.009799240965340548,0
synthetic_A#10331,1,PortScan,test_attack,15.795403264526822,0.39488508161317054,0
synthetic_A#10332,1,PortScan,test_attack,1.322738718032737,0.03306846795081843,0
synthetic_A#10333,1,PortScan,test_attack,2.54814858447509,0.06370371461187725,0
synthetic_A#10334,1,PortScan,test_attack,0.3681890578215841,0.009204726445539603,0
synthetic_A#10335,1,PortScan,test_attack,4.696550552558781,0.11741376381396953,0
synthetic_A#10336,1,PortScan,test_attack,0.3651213635677611,0.009128034089194027,0
synthetic_A#10337,1,PortScan,test_attack,1.0856895266700584,0.02714223816675146,0
synthetic_A#10338,1,PortScan,test_attack,1.0222187270119318,0.025555468175298295,0
synthetic_A#10339,1,PortScan,test_attack,0.8709142321573884,0.02177285580393471,0
synthetic_A#10340,1,PortScan,test_attack,5.07716950699405,0.12692923767485126,0
synthetic_A#10341,1,PortScan,test_attack,3.280139387105854,0.08200348467764636,0
synthetic_A#10342,1,PortScan,test_attack,6.393092192314482,0.15982730480786206,0
synthetic_A#10343,1,PortScan,test_attack,9.661840174031486,0.24154600435078716,0
synthetic_A#10344,1,PortScan,test_attack,3.271576525807917,0.08178941314519791,0
synthetic_A#10345,1,PortScan,test_attack,1.8377865163603888,0.04594466290900972,0
synthetic_A#10346,1,PortScan,test_attack,5.795214929786953,0.14488037324467382,0
synthetic_A#10347,1,PortScan,test_attack,35.358229801967454,0.8839557450491864,1
synthetic_A#10348,1,PortScan,test_attack,5.675474094566974,0.14188685236417437,0
synthetic_A#10349,1,PortScan,test_attack,2.2172914671917487,0.05543228667979372,0
synthetic_A#10350,1,PortScan,test_attack,0.848419668470592,0.0212104917117648,0
synthetic_A#10351,1,PortScan,test_attack,4.202489833351596,0.1050622458337899,0
synthetic_A#10352,1,PortScan,test_attack,3.3393280111632766,0.08348320027908192,0
synthetic_A#10353,1,PortScan,test_attack,1.446822262982747,0.03617055657456868,0
synthetic_A#10354,1,PortScan,test_attack,14.485638680707684,0.3621409670176921,0
synthetic_A#10355,1,PortScan,test_attack,8.368593073798753,0.2092148268449688,0
synthetic_A#10356,1,PortScan,test_attack,3.137550736400722,0.07843876841001804,0
synthetic_A#10357,1,PortScan,test_attack,3.0886414272686706,0.07721603568171677,0
synthetic_A#10358,1,PortScan,test_attack,1.1658502293497444,0.02914625573374361,0
synthetic_A#10359,1,PortScan,test_attack,1.3596163304721525,0.033990408261803814,0
synthetic_A#10360,1,PortScan,test_attack,29.785629460087794,0.7446407365021949,1
synthetic_A#10361,1,PortScan,test_attack,7.053500973539246,0.17633752433848116,0
synthetic_A#10362,1,PortScan,test_attack,0.6715089056406942,0.016787722641017355,0
synthetic_A#10363,1,PortScan,test_attack,1.332336000489073,0.033308400012226826,0
synthetic_A#10364,1,PortScan,test_attack,7.105598095578101,0.17763995238945252,0
synthetic_A#10365,1,PortScan,test_attack,2.7148720090430962,0.0678718002260774,0
synthetic_A#10366,1,PortScan,test_attack,0.45951949708749,0.01148798742718725,0
synthetic_A#10367,1,PortScan,test_attack,41.81871295728132,1.045467823932033,1
synthetic_A#10368,1,PortScan,test_attack,4.435961215292395,0.11089903038230989,0
synthetic_A#10369,1,PortScan,test_attack,1.244616770528643,0.031115419263216076,0
synthetic_A#10370,1,PortScan,test_attack,2.8546731805410595,0.07136682951352649,0
synthetic_A#10371,1,PortScan,test_attack,1.4069223235711612,0.03517305808927903,0
synthetic_A#10372,1,PortScan,test_attack,16.487622810731338,0.41219057026828343,0
synthetic_A#10373,1,PortScan,test_attack,6.0022691944774955,0.15005672986193738,0
synthetic_A#10374,1,PortScan,test_attack,3.4295637026786894,0.08573909256696724,0
synthetic_A#10375,1,PortScan,test_attack,2.893274438011219,0.07233186095028048,0
synthetic_A#10376,1,PortScan,test_attack,5.064199185817065,0.12660497964542664,0
synthetic_A#10377,1,PortScan,test_attack,1.6972503970877029,0.04243125992719257,0
synthetic_A#10378,1,PortScan,test_attack,18.10117854640478,0.4525294636601195,0
synthetic_A#10379,1,PortScan,test_attack,2.335087035513663,0.05837717588784157,0
synthetic_A#10380,1,PortScan,test_attack,2.470185722195859,0.061754643054896474,0
synthetic_A#10381,1,PortScan,test_attack,1.7171913976791977,0.042929784941979944,0
synthetic_A#10382,1,PortScan,test_attack,87.62738152114369,2.1906845380285924,1
synthetic_A#10383,1,PortScan,test_attack,0.7646135311807502,0.019115338279518754,0
synthetic_A#10384,1,PortScan,test_attack,6.222438461125105,0.15556096152812762,0
synthetic_A#10385,1,PortScan,test_attack,11.605264065420922,0.29013160163552304,0
synthetic_A#10386,1,PortScan,test_attack,3.513667239847863,0.08784168099619657,0
synthetic_A#10387,1,PortScan,test_attack,3.0709441539971887,0.07677360384992972,0
synthetic_A#10388,1,PortScan,test_attack,3.925780055665261,0.09814450139163153,0
synthetic_A#10389,1,PortScan,test_attack,1.185345372242605,0.029633634306065127,0
synthetic_A#10390,1,PortScan,test_attack,11.671105209577167,0.29177763023942915,0
synthetic_A#10391,1,PortScan,test_attack,12.643988668586715,0.31609971671466786,0
synthetic_A#10392,1,PortScan,test_attack,19.623804837466672,0.4905951209366668,0
synthetic_A#10393,1,PortScan,test_attack,4.998771264562125,0.12496928161405312,0
synthetic_A#10394,1,PortScan,test_attack,13.387218687333215,0.3346804671833304,0
synthetic_A#10395,1,PortScan,test_attack,1.9398340925442763,0.04849585231360691,0
synthetic_A#10396,1,PortScan,test_attack,2.3136598928581638,0.05784149732145409,0
synthetic_A#10397,1,PortScan,test_attack,0.8909842691481584,0.02227460672870396,0
synthetic_A#10398,1,PortScan,test_attack,3.925285420152106,0.09813213550380265,0
synthetic_A#10399,1,PortScan,test_attack,7.538154586471095,0.18845386466177738,0
synthetic_A#10400,1,PortScan,test_attack,1.1693828402336544,0.02923457100584136,0
synthetic_A#10401,1,PortScan,test_attack,1.855628087735213,0.046390702193380325,0
synthetic_A#10402,1,PortScan,test_attack,1.920042161142978,0.04800105402857445,0
synthetic_A#10403,1,PortScan,test_attack,7.89930228226677,0.19748255705666923,0
synthetic_A#10404,1,PortScan,test_attack,2.777503085044573,0.06943757712611433,0
synthetic_A#10405,1,PortScan,test_attack,0.7841220445810979,0.019603051114527446,0
synthetic_A#10406,1,PortScan,test_attack,1.4012643606231903,0.03503160901557976,0
synthetic_A#10407,1,PortScan,test_attack,3.2866814946371896,0.08216703736592974,0
synthetic_A#10408,1,PortScan,test_attack,5.023065521573743,0.12557663803934357,0
synthetic_A#10409,1,PortScan,test_attack,0.729549352025759,0.018238733800643975,0
synthetic_A#10410,1,PortScan,test_attack,2.23301080932432,0.055825270233108,0
synthetic_A#10411,1,PortScan,test_attack,1.1647385738681986,0.029118464346704964,0
synthetic_A#10412,1,PortScan,test_attack,3.031930053477519,0.07579825133693797,0
synthetic_A#10413,1,PortScan,test_attack,9.272795051144174,0.23181987627860434,0
synthetic_A#10414,1,PortScan,test_attack,2.5455196433614153,0.06363799108403538,0
synthetic_A#10415,1,PortScan,test_attack,0.6045520810503899,0.015113802026259749,0
synthetic_A#10416,1,PortScan,test_attack,4.651481150468398,0.11628702876170996,0
synthetic_A#10417,1,PortScan,test_attack,27.633009763048413,0.6908252440762104,1
synthetic_A#10418,1,PortScan,test_attack,7.018615668448426,0.17546539171121064,0
synthetic_A#10419,1,PortScan,test_attack,10.14824614803781,0.25370615370094524,0
synthetic_A#10420,1,PortScan,test_attack,8.575561062553787,0.21438902656384468,0
synthetic_A#10421,1,PortScan,test_attack,0.6104665002647778,0.015261662506619445,0
synthetic_A#10422,1,PortScan,test_attack,1.3136318276291004,0.03284079569072751,0
synthetic_A#10423,1,PortScan,test_attack,2.4383259878131893,0.060958149695329734,0
synthetic_A#10424,1,PortScan,test_attack,0.508087094260466,0.012702177356511652,0
synthetic_A#10425,1,PortScan,test_attack,0.3025636377181348,0.007564090942953371,0
synthetic_A#10426,1,PortScan,test_attack,2.494349170000945,0.06235872925002363,0
synthetic_A#10427,1,PortScan,test_attack,9.57756201957854,0.2394390504894635,0
synthetic_A#10428,1,PortScan,test_attack,3.542610187776136,0.08856525469440339,0
synthetic_A#10429,1,PortScan,test_attack,2.125078550323625,0.05312696375809063,0
synthetic_A#10430,1,PortScan,test_attack,1.9088925190233874,0.047722312975584685,0
synthetic_A#10431,1,PortScan,test_attack,4.674135893429297,0.11685339733573244,0
synthetic_A#10432,1,PortScan,test_attack,1.6133062843921384,0.04033265710980346,0
synthetic_A#10433,1,PortScan,test_attack,1.7366921432878462,0.04341730358219616,0
synthetic_A#10434,1,PortScan,test_attack,2.9368290274649893,0.07342072568662474,0
synthetic_A#10435,1,PortScan,test_attack,2.138703678609291,0.05346759196523228,0
synthetic_A#10436,1,PortScan,test_attack,2.3729607467309797,0.05932401866827449,0
synthetic_A#10437,1,PortScan,test_attack,1.7264730276479063,0.043161825691197656,0
synthetic_A#10438,1,PortScan,test_attack,1.9189681829860183,0.04797420457465046,0
synthetic_A#10439,1,PortScan,test_attack,9.543863230063144,0.23859658075157858,0
synthetic_A#10440,1,PortScan,test_attack,1.2972757789422562,0.032431894473556405,0
synthetic_A#10441,1,PortScan,test_attack,1.5267035321554108,0.038167588303885266,0
synthetic_A#10442,1,PortScan,test_attack,1.723269671724615,0.04308174179311537,0
synthetic_A#10443,1,PortScan,test_attack,3.2818171609853275,0.08204542902463319,0
synthetic_A#10444,1,PortScan,test_attack,7.9294665643765265,0.19823666410941315,0
synthetic_A#10445,1,PortScan,test_attack,1.4103796636228914,0.03525949159057228,0
synthetic_A#10446,1,PortScan,test_attack,0.7455046871649051,0.01863761717912263,0
synthetic_A#10447,1,PortScan,test_attack,1.5303254614510085,0.03825813653627521,0
synthetic_A#10448,1,PortScan,test_attack,2.3043520163662476,0.05760880040915619,0
synthetic_A#10449,1,PortScan,test_attack,0.27480434797308123,0.006870108699327031,0
synthetic_A#10450,1,PortScan,test_attack,4.957644405873658,0.12394111014684146,0
synthetic_A#10451,1,PortScan,test_attack,3.097863079098855,0.07744657697747137,0
synthetic_A#10452,1,PortScan,test_attack,2.3172854863900554,0.05793213715975139,0
synthetic_A#10453,1,PortScan,test_attack,9.669918896401118,0.24174797241002793,0
synthetic_A#10454,1,PortScan,test_attack,14.590294425569303,0.3647573606392326,0
synthetic_A#10455,1,PortScan,test_attack,3.4964314176922526,0.08741078544230632,0
synthetic_A#10456,1,PortScan,test_attack,0.9276954881005791,0.02319238720251448,0
synthetic_A#10457,1,PortScan,test_attack,1.3097093825251065,0.032742734563127665,0
synthetic_A#10458,1,PortScan,test_attack,0.6669390974405078,0.016673477436012697,0
synthetic_A#10459,1,PortScan,test_attack,3.1836254238433987,0.07959063559608497,0
synthetic_A#10460,1,PortScan,test_attack,0.9838228781465124,0.02459557195366281,0
synthetic_A#10461,1,PortScan,test_attack,0.516212990779296,0.0129053247694824,0
synthetic_A#10462,1,PortScan,test_attack,5.260264786436801,0.13150661966092003,0
synthetic_A#10463,1,PortScan,test_attack,17.67307868557687,0.4418269671394217,0
synthetic_A#10464,1,PortScan,test_attack,2.0409124578271296,0.05102281144567824,0
synthetic_A#10465,1,PortScan,test_attack,5.0370160815211324,0.12592540203802832,0
synthetic_A#10466,1,PortScan,test_attack,6.442965155178584,0.1610741288794646,0
synthetic_A#10467,1,PortScan,test_attack,1.1972817340921422,0.029932043352303556,0
synthetic_A#10468,1,PortScan,test_attack,3.2198649267936243,0.0804966231698406,0
synthetic_A#10469,1,PortScan,test_attack,0.9417171246693564,0.023542928116733912,0
synthetic_A#10470,1,PortScan,test_attack,2.3778612161273203,0.059446530403183005,0
synthetic_A#10471,1,PortScan,test_attack,3.6205520009047074,0.09051380002261769,0
synthetic_A#10472,1,PortScan,test_attack,33.41521453697229,0.8353803634243073,1
synthetic_A#10473,1,PortScan,test_attack,12.669526993648791,0.3167381748412198,0
synthetic_A#10474,1,PortScan,test_attack,1.5876702788154338,0.03969175697038584,0
synthetic_A#10475,1,PortScan,test_attack,3.6908975604330436,0.09227243901082609,0
synthetic_A#10476,1,PortScan,test_attack,0.5680511981037277,0.014201279952593193,0
synthetic_A#10477,1,PortScan,test_attack,1.0509480662534714,0.026273701656336784,0
synthetic_A#10478,1,PortScan,test_attack,0.34310705618317083,0.00857767640457927,0
synthetic_A#10479,1,PortScan,test_attack,1.7479476471703976,0.04369869117925994,0
synthetic_A#10480,1,PortScan,test_attack,9.580368200762184,0.2395092050190546,0
synthetic_A#10481,1,PortScan,test_attack,6.2838535939702655,0.15709633984925664,0
synthetic_A#10482,1,PortScan,test_attack,4.287290703628928,0.1071822675907232,0
synthetic_A#10483,1,PortScan,test_attack,2.39868516616095,0.059967129154023746,0
synthetic_A#10484,1,PortScan,test_attack,8.634064264149643,0.2158516066037411,0
synthetic_A#10485,1,PortScan,test_attack,0.46524456198294006,0.011631114049573501,0
synthetic_A#10486,1,PortScan,test_attack,8.136056023240421,0.20340140058101053,0
synthetic_A#10487,1,PortScan,test_attack,6.982131727889853,0.17455329319724633,0
synthetic_A#10488,1,PortScan,test_attack,18.843055851908012,0.4710763962977003,0
synthetic_A#10489,1,PortScan,test_attack,1.3254314679087797,0.033135786697719494,0
synthetic_A#10490,1,PortScan,test_attack,1.3974522053229315,0.03493630513307329,0
synthetic_A#10491,1,PortScan,test_attack,1.204371920420792,0.030109298010519803,0
synthetic_A#10492,1,PortScan,test_attack,53.47440290564016,1.336860072641004,1
synthetic_A#10493,1,PortScan,test_attack,9.263983643555635,0.2315995910888909,0
synthetic_A#10494,1,PortScan,test_attack,5.200761496917376,0.13001903742293439,0
synthetic_A#10495,1,PortScan,test_attack,4.0523781562020345,0.10130945390505086,0
synthetic_A#10496,1,PortScan,test_attack,9.063872273803414,0.22659680684508535,0
synthetic_A#10497,1,PortScan,test_attack,0.7476384173148811,0.01869096043287203,0
synthetic_A#10498,1,PortScan,test_attack,0.20704690625553288,0.005176172656388322,0
synthetic_A#10499,1,PortScan,test_attack,4.166051195978521,0.10415127989946302,0
synthetic_A#10500,1,PortScan,test_attack,1.2916914691313304,0.032292286728283257,0
synthetic_A#10501,1,PortScan,test_attack,15.957890683379045,0.39894726708447614,0
synthetic_A#10502,1,PortScan,test_attack,1.1592891534586822,0.028982228836467054,0
synthetic_A#10503,1,PortScan,test_attack,2.873936480438744,0.0718484120109686,0
synthetic_A#10504,1,PortScan,test_attack,1.9393592729315603,0.04848398182328901,0
synthetic_A#10505,1,PortScan,test_attack,5.885283774451214,0.14713209436128033,0
synthetic_A#10506,1,PortScan,test_attack,1.3988735166661859,0.03497183791665465,0
synthetic_A#10507,1,PortScan,test_attack,6.29270354620156,0.157317588655039,0
synthetic_A#10508,1,PortScan,test_attack,4.217720608115401,0.10544301520288502,0
synthetic_A#10509,1,PortScan,test_attack,1.6506440683485113,0.04126610170871278,0
synthetic_A#10510,1,PortScan,test_attack,10.22525831596801,0.2556314578992002,0
synthetic_A#10511,1,PortScan,test_attack,0.7162563769250241,0.017906409423125602,0
synthetic_A#10512,1,PortScan,test_attack,1.241062062211502,0.03102655155528755,0
synthetic_A#10513,1,PortScan,test_attack,3.0267781770222095,0.07566945442555524,0
synthetic_A#10514,1,PortScan,test_attack,4.816213203402163,0.12040533008505408,0
synthetic_A#10515,1,PortScan,test_attack,2.7375920611530224,0.06843980152882556,0
synthetic_A#10516,1,PortScan,test_attack,1.505907444069382,0.03764768610173455,0
synthetic_A#10517,1,PortScan,test_attack,6.667905867392609,0.1666976466848152,0
synthetic_A#10518,1,PortScan,test_attack,0.6999293609814711,0.017498234024536777,0
synthetic_A#10519,1,PortScan,test_attack,2.574797525750923,0.06436993814377308,0
synthetic_A#10520,1,PortScan,test_attack,6.708552048799894,0.16771380121999735,0
synthetic_A#10521,1,PortScan,test_attack,6.126669402694635,0.15316673506736586,0
synthetic_A#10522,1,PortScan,test_attack,3.6651312511263905,0.09162828127815976,0
synthetic_A#10523,1,PortScan,test_attack,1.3885022674829441,0.034712556687073605,0
synthetic_A#10524,1,PortScan,test_attack,4.096603208808021,0.10241508022020052,0
synthetic_A#10525,1,PortScan,test_attack,2.086688905270673,0.05216722263176683,0
synthetic_A#10526,1,PortScan,test_attack,6.270767811162321,0.15676919527905803,0
synthetic_A#10527,1,PortScan,test_attack,13.387553101380444,0.3346888275345111,0
synthetic_A#10528,1,PortScan,test_attack,2.7134625012823754,0.06783656253205939,0
synthetic_A#10529,1,PortScan,test_attack,1.025514843803865,0.025637871095096625,0
synthetic_A#10530,1,PortScan,test_attack,3.1848791830932166,0.07962197957733042,0
synthetic_A#10531,1,PortScan,test_attack,0.7028860639613472,0.01757215159903368,0
synthetic_A#10532,1,PortScan,test_attack,11.29237879122175,0.2823094697805438,0
synthetic_A#10533,1,PortScan,test_attack,3.914599654613575,0.09786499136533937,0
synthetic_A#10534,1,PortScan,test_attack,7.616933257563339,0.19042333143908347,0
synthetic_A#10535,1,PortScan,test_attack,0.6312223437927713,0.015780558594819284,0
synthetic_A#10536,1,PortScan,test_attack,31.85716536230131,0.7964291340575327,1
synthetic_A#10537,1,PortScan,test_attack,2.9984994051647202,0.074962485129118,0
synthetic_A#10538,1,PortScan,test_attack,42.52448967488662,1.0631122418721655,1
synthetic_A#10539,1,PortScan,test_attack,0.7032187888221857,0.01758046972055464,0
synthetic_A#10540,1,PortScan,test_attack,2.5930684507879556,0.06482671126969888,0
synthetic_A#10541,1,PortScan,test_attack,2.5633344678780348,0.06408336169695086,0
synthetic_A#10542,1,PortScan,test_attack,4.6924841002136795,0.11731210250534199,0
synthetic_A#10543,1,PortScan,test_attack,13.204288959761833,0.3301072239940458,0
synthetic_A#10544,1,PortScan,test_attack,0.5745839888707435,0.014364599721768586,0
synthetic_A#10545,1,PortScan,test_attack,2.1507378286924066,0.05376844571731017,0
synthetic_A#10546,1,PortScan,test_attack,1.9056981631787049,0.04764245407946762,0
synthetic_A#10547,1,PortScan,test_attack,1.8309849301837882,0.04577462325459471,0
synthetic_A#10548,1,PortScan,test_attack,25.261602053378695,0.6315400513344673,1
synthetic_A#10549,1,PortScan,test_attack,3.6464275858501365,0.09116068964625341,0
synthetic_A#10550,1,PortScan,test_attack,3.1704257919596834,0.07926064479899209,0
synthetic_A#10551,1,PortScan,test_attack,1.3219970354623918,0.03304992588655979,0
synthetic_A#10552,1,PortScan,test_attack,13.550210831846208,0.3387552707961552,0
synthetic_A#10553,1,PortScan,test_attack,0.9769769640180703,0.024424424100451758,0
synthetic_A#10554,1,PortScan,test_attack,8.51562983606565,0.21289074590164123,0
synthetic_A#10555,1,PortScan,test_attack,1.905930129001831,0.047648253225045775,0
synthetic_A#10556,1,PortScan,test_attack,6.7384562277944,0.16846140569485998,0
synthetic_A#10557,1,PortScan,test_attack,1.5321411878810958,0.0383035296970274,0
synthetic_A#10558,1,PortScan,test_attack,0.8079822999340989,0.02019955749835247,0
synthetic_A#10559,1,PortScan,test_attack,0.6249831654830352,0.015624579137075881,0
synthetic_A#10560,1,PortScan,test_attack,7.229761386540903,0.18074403466352257,0
synthetic_A#10561,1,PortScan,test_attack,3.168924866542996,0.0792231216635749,0
synthetic_A#10562,1,PortScan,test_attack,23.83972696670197,0.5959931741675493,1
synthetic_A#10563,1,PortScan,test_attack,2.6983042470649026,0.06745760617662257,0
synthetic_A#10564,1,PortScan,test_attack,1.4709623649347177,0.03677405912336794,0
synthetic_A#10565,1,PortScan,test_attack,0.5080646550865574,0.012701616377163934,0
synthetic_A#10566,1,PortScan,test_attack,5.241939773635062,0.13104849434087656,0
synthetic_A#10567,1,PortScan,test_attack,2.9992711714037217,0.07498177928509304,0
synthetic_A#10568,1,PortScan,test_attack,5.136814913458839,0.12842037283647095,0
synthetic_A#10569,1,PortScan,test_attack,15.748719126197269,0.3937179781549317,0
synthetic_A#10570,1,PortScan,test_attack,6.919791009906179,0.17299477524765447,0
synthetic_A#10571,1,PortScan,test_attack,2.940825429489253,0.07352063573723132,0
synthetic_A#10572,1,PortScan,test_attack,0.5583947994176972,0.01395986998544243,0
synthetic_A#10573,1,PortScan,test_attack,9.901014087002393,0.24752535217505983,0
synthetic_A#10574,1,PortScan,test_attack,3.2038221598847576,0.08009555399711894,0
synthetic_A#10575,1,PortScan,test_attack,1.7397944555099214,0.04349486138774804,0
synthetic_A#10576,1,PortScan,test_attack,16.964389331275978,0.42410973328189944,0
synthetic_A#10577,1,PortScan,test_attack,3.4475704212136593,0.08618926053034148,0
synthetic_A#10578,1,PortScan,test_attack,0.38046714017030536,0.009511678504257635,0
synthetic_A#10579,1,PortScan,test_attack,1.3619052990649991,0.03404763247662498,0
synthetic_A#10580,1,PortScan,test_attack,2.6352583445468225,0.06588145861367056,0
synthetic_A#10581,1,PortScan,test_attack,2.9835474009631224,0.07458868502407806,0
synthetic_A#10582,1,PortScan,test_attack,2.4734212308474466,0.06183553077118616,0
synthetic_A#10583,1,PortScan,test_attack,1.2542653126319103,0.03135663281579776,0
synthetic_A#10584,1,PortScan,test_attack,1.1109546851065881,0.027773867127664702,0
synthetic_A#10585,1,PortScan,test_attack,8.634222000383856,0.2158555500095964,0
synthetic_A#10586,1,PortScan,test_attack,5.942995866661338,0.14857489666653345,0
synthetic_A#10587,1,PortScan,test_attack,4.103697353515899,0.10259243383789747,0
synthetic_A#10588,1,PortScan,test_attack,3.3629622039686065,0.08407405509921516,0
synthetic_A#10589,1,PortScan,test_attack,4.306532343265713,0.10766330858164283,0
synthetic_A#10590,1,PortScan,test_attack,14.087375784909721,0.35218439462274304,0
synthetic_A#10591,1,PortScan,test_attack,17.215653911908742,0.43039134779771854,0
synthetic_A#10592,1,PortScan,test_attack,4.175262411734249,0.10438156029335624,0
synthetic_A#10593,1,PortScan,test_attack,15.48800039655999,0.3872000099139997,0
synthetic_A#10594,1,PortScan,test_attack,12.083809216394553,0.3020952304098638,0
synthetic_A#10595,1,PortScan,test_attack,3.8521050205302796,0.096302625513257,0
synthetic_A#10596,1,PortScan,test_attack,23.615462502742268,0.5903865625685567,1
synthetic_A#10597,1,PortScan,test_attack,3.126882948451596,0.0781720737112899,0
synthetic_A#10598,1,PortScan,test_attack,2.6826192350667712,0.06706548087666928,0
synthetic_A#10599,1,PortScan,test_attack,2.8159472123018277,0.07039868030754569,0
synthetic_A#10600,1,PortScan,test_attack,1.0678223676699548,0.026695559191748867,0
synthetic_A#10601,1,PortScan,test_attack,0.9206202293730295,0.023015505734325738,0
synthetic_A#10602,1,PortScan,test_attack,2.3496797390162207,0.05874199347540552,0
synthetic_A#10603,1,PortScan,test_attack,0.28817222134648846,0.007204305533662211,0
synthetic_A#10604,1,PortScan,test_attack,1.0412058954638983,0.02603014738659746,0
synthetic_A#10605,1,PortScan,test_attack,5.217526523138922,0.13043816307847306,0
synthetic_A#10606,1,PortScan,test_attack,2.997109434637655,0.07492773586594137,0
synthetic_A#10607,1,PortScan,test_attack,1.3797914339972661,0.03449478584993165,0
synthetic_A#10608,1,PortScan,test_attack,1.3359510358994924,0.03339877589748731,0
synthetic_A#10609,1,PortScan,test_attack,0.8692764830750912,0.02173191207687728,0
synthetic_A#10610,1,PortScan,test_attack,1.3802622193014948,0.03450655548253737,0
synthetic_A#10611,1,PortScan,test_attack,0.736868220685298,0.01842170551713245,0
synthetic_A#10612,1,PortScan,test_attack,2.829435796547667,0.07073589491369167,0
synthetic_A#10613,1,PortScan,test_attack,4.488333952341357,0.11220834880853392,0
synthetic_A#10614,1,PortScan,test_attack,6.450393876638889,0.16125984691597223,0
synthetic_A#10615,1,PortScan,test_attack,11.277795330684317,0.2819448832671079,0
synthetic_A#10616,1,PortScan,test_attack,2.1955427202581577,0.05488856800645394,0
synthetic_A#10617,1,PortScan,test_attack,6.003601365028523,0.15009003412571306,0
synthetic_A#10618,1,PortScan,test_attack,0.4466908932034772,0.01116727233008693,0
synthetic_A#10619,1,PortScan,test_attack,4.248094949616762,0.10620237374041905,0
synthetic_A#10620,1,PortScan,test_attack,2.5337741959433484,0.06334435489858371,0
synthetic_A#10621,1,PortScan,test_attack,2.578346209091845,0.06445865522729613,0
synthetic_A#10622,1,PortScan,test_attack,1.7474503722938597,0.043686259307346494,0
synthetic_A#10623,1,PortScan,test_attack,0.36372719659605285,0.009093179914901321,0
synthetic_A#10624,1,PortScan,test_attack,4.5406646209787,0.1135166155244675,0
synthetic_A#10625,1,PortScan,test_attack,5.140429519745933,0.12851073799364832,0
synthetic_A#10626,1,PortScan,test_attack,4.240902493926377,0.10602256234815943,0
synthetic_A#10627,1,PortScan,test_attack,0.41962029350501756,0.01049050733762544,0
synthetic_A#10628,1,PortScan,test_attack,3.580017424344385,0.08950043560860962,0
synthetic_A#10629,1,PortScan,test_attack,0.3286539498599548,0.00821634874649887,0
synthetic_A#10630,1,PortScan,test_attack,4.534904763677046,0.11337261909192616,0
synthetic_A#10631,1,PortScan,test_attack,19.645168218582594,0.49112920546456484,0
synthetic_A#10632,1,PortScan,test_attack,2.5007799446527326,0.06251949861631831,0
synthetic_A#10633,1,PortScan,test_attack,4.116047349979359,0.10290118374948398,0
synthetic_A#10634,1,PortScan,test_attack,7.4092442898082265,0.18523110724520567,0
synthetic_A#10635,1,PortScan,test_attack,23.654618326180277,0.5913654581545069,1
synthetic_A#10636,1,PortScan,test_attack,3.8123770789883302,0.09530942697470826,0
synthetic_A#10637,1,PortScan,test_attack,3.326921743986417,0.08317304359966042,0
synthetic_A#10638,1,PortScan,test_attack,1.3235766197382945,0.03308941549345736,0
synthetic_A#10639,1,PortScan,test_attack,2.252567590883679,0.056314189772091974,0
synthetic_A#10640,1,PortScan,test_attack,5.8081037371438065,0.14520259342859515,0
synthetic_A#10641,1,PortScan,test_attack,14.936598858002386,0.37341497145005964,0
synthetic_A#10642,1,PortScan,test_attack,2.6743485581539956,0.06685871395384989,0
synthetic_A#10643,1,PortScan,test_attack,3.8442085539677513,0.09610521384919378,0
synthetic_A#10644,1,PortScan,test_attack,5.1800425581849945,0.12950106395462485,0
synthetic_A#10645,1,PortScan,test_attack,3.2698226150088874,0.08174556537522218,0
synthetic_A#10646,1,PortScan,test_attack,1.5526546651204018,0.038816366628010045,0
synthetic_A#10647,1,PortScan,test_attack,7.847738144814384,0.19619345362035961,0
synthetic_A#10648,1,PortScan,test_attack,26.6410409250732,0.66602602312683,1
synthetic_A#10649,1,PortScan,test_attack,4.61812111272801,0.11545302781820026,0
synthetic_A#10650,1,PortScan,test_attack,0.8972302549421282,0.022430756373553205,0
synthetic_A#10651,1,PortScan,test_attack,9.42466949803643,0.23561673745091075,0
synthetic_A#10652,1,PortScan,test_attack,6.200098730642834,0.15500246826607084,0
synthetic_A#10653,1,PortScan,test_attack,6.179881937164927,0.15449704842912318,0
synthetic_A#10654,1,PortScan,test_attack,8.852847490267838,0.22132118725669594,0
synthetic_A#10655,1,PortScan,test_attack,10.050359453092536,0.2512589863273134,0
synthetic_A#10656,1,PortScan,test_attack,7.812881552560012,0.1953220388140003,0
synthetic_A#10657,1,PortScan,test_attack,32.550252496159814,0.8137563124039954,1
synthetic_A#10658,1,PortScan,test_attack,3.426570411170751,0.08566426027926878,0
synthetic_A#10659,1,PortScan,test_attack,1.4575847631616885,0.03643961907904221,0
synthetic_A#10660,1,PortScan,test_attack,1.9137890694143023,0.04784472673535756,0
synthetic_A#10661,1,PortScan,test_attack,14.498590226057757,0.3624647556514439,0
synthetic_A#10662,1,PortScan,test_attack,2.4387388631026625,0.06096847157756656,0
synthetic_A#10663,1,PortScan,test_attack,1.1284261915715414,0.028210654789288536,0
synthetic_A#10664,1,PortScan,test_attack,12.448905464716212,0.3112226366179053,0
synthetic_A#10665,1,PortScan,test_attack,1.6633690581362148,0.04158422645340537,0
synthetic_A#10666,1,PortScan,test_attack,15.163167259577364,0.3790791814894341,0
synthetic_A#10667,1,PortScan,test_attack,6.8145225550308774,0.17036306387577194,0
synthetic_A#10668,1,PortScan,test_attack,15.800143351083218,0.39500358377708045,0
synthetic_A#10669,1,PortScan,test_attack,7.689869620352763,0.19224674050881907,0
synthetic_A#10670,1,PortScan,test_attack,2.3771200434055304,0.05942800108513826,0
synthetic_A#10671,1,PortScan,test_attack,7.491441483067634,0.18728603707669084,0
synthetic_A#10672,1,PortScan,test_attack,2.6632516715467234,0.06658129178866809,0
synthetic_A#10673,1,PortScan,test_attack,1.9754082485125715,0.04938520621281429,0
synthetic_A#10674,1,PortScan,test_attack,4.9318621261926125,0.12329655315481532,0
synthetic_A#10675,1,PortScan,test_attack,0.6908067755473059,0.017270169388682647,0
synthetic_A#10676,1,PortScan,test_attack,2.4433105835693483,0.06108276458923371,0
synthetic_A#10677,1,PortScan,test_attack,3.6367693382668653,0.09091923345667163,0
synthetic_A#10678,1,PortScan,test_attack,6.092674985509559,0.15231687463773896,0
synthetic_A#10679,1,PortScan,test_attack,9.055858916384864,0.2263964729096216,0
synthetic_A#10680,1,PortScan,test_attack,1.1380351868667873,0.028450879671669684,0
synthetic_A#10681,1,PortScan,test_attack,3.060466116026986,0.07651165290067466,0
synthetic_A#10682,1,PortScan,test_attack,0.7223004635759217,0.018057511589398043,0
synthetic_A#10683,1,PortScan,test_attack,4.189114766440415,0.10472786916101037,0
synthetic_A#10684,1,PortScan,test_attack,3.444466584428038,0.08611166461070095,0
synthetic_A#10685,1,PortScan,test_attack,4.528722698446039,0.11321806746115097,0
synthetic_A#10686,1,PortScan,test_attack,4.793027021969248,0.11982567554923121,0
synthetic_A#10687,1,PortScan,test_attack,2.5970930600955144,0.06492732650238786,0
synthetic_A#10688,1,PortScan,test_attack,2.238078529903322,0.055951963247583045,0
synthetic_A#10689,1,PortScan,test_attack,3.7861396126798628,0.09465349031699657,0
synthetic_A#10690,1,PortScan,test_attack,12.920773450393574,0.32301933625983936,0
synthetic_A#10691,1,PortScan,test_attack,2.50115412646854,0.0625288531617135,0
synthetic_A#10692,1,PortScan,test_attack,0.3571583505738044,0.00892895876434511,0
synthetic_A#10693,1,PortScan,test_attack,4.349282215707587,0.10873205539268968,0
synthetic_A#10694,1,PortScan,test_attack,2.586049728709601,0.06465124321774003,0
synthetic_A#10695,1,PortScan,test_attack,0.8818366095726582,0.022045915239316455,0
synthetic_A#10696,1,PortScan,test_attack,13.216506862372842,0.3304126715593211,0
synthetic_A#10697,1,PortScan,test_attack,7.107209835970393,0.17768024589925982,0
synthetic_A#10698,1,PortScan,test_attack,10.476443660458722,0.2619110915114681,0
synthetic_A#10699,1,PortScan,test_attack,1.36235310068678,0.0340588275171695,0
synthetic_A#10700,1,PortScan,test_attack,2.8582186323893444,0.07145546580973361,0
synthetic_A#10701,1,PortScan,test_attack,17.968642099679506,0.44921605249198765,0
synthetic_A#10702,1,PortScan,test_attack,1.2305251479161259,0.030763128697903146,0
synthetic_A#10703,1,PortScan,test_attack,21.202360656140222,0.5300590164035055,0
synthetic_A#10704,1,PortScan,test_attack,3.0062225517357897,0.07515556379339475,0
synthetic_A#10705,1,PortScan,test_attack,49.760839317207385,1.2440209829301847,1
synthetic_A#10706,1,PortScan,test_attack,1.5517824459741307,0.03879456114935327,0
synthetic_A#10707,1,PortScan,test_attack,8.24428516431418,0.2061071291078545,0
synthetic_A#10708,1,PortScan,test_attack,1.7073251277362806,0.04268312819340701,0
synthetic_A#10709,1,PortScan,test_attack,0.9291225297472541,0.023228063243681353,0
synthetic_A#10710,1,PortScan,test_attack,1.293181359526612,0.0323295339881653,0
synthetic_A#10711,1,PortScan,test_attack,7.921919926966359,0.19804799817415897,0
synthetic_A#10712,1,PortScan,test_attack,4.683522291401943,0.11708805728504859,0
synthetic_A#10713,1,PortScan,test_attack,8.951103577840609,0.22377758944601522,0
synthetic_A#10714,1,PortScan,test_attack,1.7597433630912866,0.04399358407728217,0
synthetic_A#10715,1,PortScan,test_attack,8.07153471829461,0.20178836795736524,0
synthetic_A#10716,1,PortScan,test_attack,16.75967001012349,0.4189917502530872,0
synthetic_A#10717,1,PortScan,test_attack,5.753342006801655,0.14383355017004137,0
synthetic_A#10718,1,PortScan,test_attack,2.998496435380379,0.07496241088450947,0
synthetic_A#10719,1,PortScan,test_attack,1.7451042224083593,0.04362760556020898,0
synthetic_A#10720,1,PortScan,test_attack,5.5005312946610045,0.1375132823665251,0
synthetic_A#10721,1,PortScan,test_attack,1.7434691555195783,0.04358672888798946,0
synthetic_A#10722,1,PortScan,test_attack,10.223786416213727,0.2555946604053432,0
synthetic_A#10723,1,PortScan,test_attack,45.59421722179091,1.1398554305447728,1
synthetic_A#10724,1,PortScan,test_attack,79.62841622273814,1.9907104055684535,1
synthetic_A#10725,1,PortScan,test_attack,2.3315447181191273,0.05828861795297818,0
synthetic_A#10726,1,PortScan,test_attack,3.2894242210474847,0.08223560552618711,0
synthetic_A#10727,1,PortScan,test_attack,3.4172386723675086,0.08543096680918771,0
synthetic_A#10728,1,PortScan,test_attack,3.448437509756315,0.08621093774390788,0
synthetic_A#10729,1,PortScan,test_attack,0.668957744633362,0.01672394361583405,0
synthetic_A#10730,1,PortScan,test_attack,10.370695922288046,0.25926739805720117,0
synthetic_A#10731,1,PortScan,test_attack,1.253726810771673,0.03134317026929183,0
synthetic_A#10732,1,PortScan,test_attack,1.4763305079825881,0.0369082626995647,0
synthetic_A#10733,1,PortScan,test_attack,0.7891344238309592,0.01972836059577398,0
synthetic_A#10734,1,PortScan,test_attack,1.556958239463254,0.03892395598658135,0
synthetic_A#10735,1,PortScan,test_attack,5.969447120127726,0.14923617800319317,0
synthetic_A#10736,1,PortScan,test_attack,30.081657698275084,0.7520414424568771,1
synthetic_A#10737,1,PortScan,test_attack,0.9497523925113766,0.023743809812784414,0
synthetic_A#10738,1,PortScan,test_attack,30.242993485218463,0.7560748371304615,1
synthetic_A#10739,1,PortScan,test_attack,2.0615390186811133,0.05153847546702783,0
synthetic_A#10740,1,PortScan,test_attack,2.0392522297027553,0.050981305742568886,0
synthetic_A#10741,1,PortScan,test_attack,2.709838259801069,0.06774595649502672,0
synthetic_A#10742,1,PortScan,test_attack,5.43822914078507,0.13595572851962673,0
synthetic_A#10743,1,PortScan,test_attack,9.09599128742965,0.22739978218574125,0
synthetic_A#10744,1,PortScan,test_attack,4.149169318710383,0.10372923296775957,0
synthetic_A#10745,1,PortScan,test_attack,6.863681317858226,0.17159203294645564,0
synthetic_A#10746,1,PortScan,test_attack,1.3067836532150623,0.03266959133037656,0
synthetic_A#10747,1,PortScan,test_attack,15.410113296768118,0.38525283241920294,0
synthetic_A#10748,1,PortScan,test_attack,3.3248059486220223,0.08312014871555055,0
synthetic_A#10749,1,PortScan,test_attack,4.950286772232313,0.12375716930580782,0
synthetic_A#10750,1,PortScan,test_attack,6.064989086706082,0.15162472716765205,0
synthetic_A#10751,1,PortScan,test_attack,2.5770827861329493,0.06442706965332373,0
synthetic_A#10752,1,PortScan,test_attack,2.0900451209235467,0.052251128023088664,0
synthetic_A#10753,1,PortScan,test_attack,1.8527061627346941,0.04631765406836735,0
synthetic_A#10754,1,PortScan,test_attack,2.560720156617256,0.0640180039154314,0
synthetic_A#10755,1,PortScan,test_attack,4.103363644647292,0.1025840911161823,0
synthetic_A#10756,1,PortScan,test_attack,1.8573373098588482,0.0464334327464712,0
synthetic_A#10757,1,PortScan,test_attack,7.237982471855754,0.18094956179639385,0
synthetic_A#10758,1,PortScan,test_attack,9.328384806759711,0.23320962016899277,0
synthetic_A#10759,1,PortScan,test_attack,2.9347995299418135,0.07336998824854533,0
synthetic_A#10760,1,PortScan,test_attack,0.8776990788819692,0.021942476972049228,0
synthetic_A#10761,1,PortScan,test_attack,1.641897355277918,0.041047433881947946,0
synthetic_A#10762,1,PortScan,test_attack,21.545325168752502,0.5386331292188126,0
synthetic_A#10763,1,PortScan,test_attack,12.96961610596615,0.32424040264915377,0
synthetic_A#10764,1,PortScan,test_attack,3.4737046125746227,0.08684261531436557,0
synthetic_A#10765,1,PortScan,test_attack,6.20599694549623,0.15514992363740573,0
synthetic_A#10766,1,PortScan,test_attack,12.051170314879046,0.3012792578719762,0
synthetic_A#10767,1,PortScan,test_attack,0.32794377122445156,0.00819859428061129,0
synthetic_A#10768,1,PortScan,test_attack,1.0982140256785031,0.027455350641962577,0
synthetic_A#10769,1,PortScan,test_attack,0.4419522890988245,0.011048807227470613,0
synthetic_A#10770,1,PortScan,test_attack,17.58889337824431,0.43972233445610776,0
synthetic_A#10771,1,PortScan,test_attack,5.060806862942089,0.12652017157355222,0
synthetic_A#10772,1,PortScan,test_attack,1.4961357795989034,0.03740339448997258,0
synthetic_A#10773,1,PortScan,test_attack,2.235228752970765,0.05588071882426913,0
synthetic_A#10774,1,PortScan,test_attack,6.377761933438396,0.1594440483359599,0
synthetic_A#10775,1,PortScan,test_attack,1.7080681361407284,0.04270170340351821,0
synthetic_A#10776,1,PortScan,test_attack,2.1840602420570847,0.05460150605142712,0
synthetic_A#10777,1,PortScan,test_attack,66.53846770598706,1.6634616926496766,1
synthetic_A#10778,1,PortScan,test_attack,0.30978671077038294,0.007744667769259574,0
synthetic_A#10779,1,PortScan,test_attack,1.6118349228910047,0.04029587307227512,0
synthetic_A#10780,1,PortScan,test_attack,3.844150285258024,0.0961037571314506,0
synthetic_A#10781,1,PortScan,test_attack,1.279588325165844,0.0319897081291461,0
synthetic_A#10782,1,PortScan,test_attack,21.487416487096873,0.5371854121774218,0
synthetic_A#10783,1,PortScan,test_attack,1.2641234765775922,0.031603086914439804,0
synthetic_A#10784,1,PortScan,test_attack,2.4700956133056953,0.06175239033264238,0
synthetic_A#10785,1,PortScan,test_attack,3.6276027524158194,0.09069006881039549,0
synthetic_A#10786,1,PortScan,test_attack,2.183007018771981,0.05457517546929952,0
synthetic_A#10787,1,PortScan,test_attack,0.37505493003491264,0.009376373250872816,0
synthetic_A#10788,1,PortScan,test_attack,0.5409474138593133,0.013523685346482833,0
synthetic_A#10789,1,PortScan,test_attack,1.464563712807465,0.03661409282018662,0
synthetic_A#10790,1,PortScan,test_attack,5.668136641706999,0.14170341604267497,0
synthetic_A#10791,1,PortScan,test_attack,5.518291061815636,0.1379572765453909,0
synthetic_A#10792,1,PortScan,test_attack,1.2062269833707724,0.03015567458426931,0
synthetic_A#10793,1,PortScan,test_attack,2.382785463826516,0.0595696365956629,0
synthetic_A#10794,1,PortScan,test_attack,7.18098255707425,0.17952456392685626,0
synthetic_A#10795,1,PortScan,test_attack,9.88365395195711,0.24709134879892775,0
synthetic_A#10796,1,PortScan,test_attack,51.7558622267752,1.29389655566938,1
synthetic_A#10797,1,PortScan,test_attack,3.027348005985228,0.07568370014963069,0
synthetic_A#10798,1,PortScan,test_attack,3.4703188766840807,0.08675797191710202,0
synthetic_A#10799,1,PortScan,test_attack,4.645301103708871,0.11613252759272177,0
synthetic_A#10800,1,PortScan,test_attack,0.5878378766292006,0.014695946915730016,0
synthetic_A#10801,1,PortScan,test_attack,1.97727454949364,0.049431863737341,0
synthetic_A#10802,1,PortScan,test_attack,6.369347151667796,0.1592336787916949,0
synthetic_A#10803,1,PortScan,test_attack,0.3785093647585918,0.009462734118964795,0
synthetic_A#10804,1,PortScan,test_attack,1.5440010287858354,0.03860002571964589,0
synthetic_A#10805,1,PortScan,test_attack,2.5028395896100752,0.06257098974025188,0
synthetic_A#10806,1,PortScan,test_attack,48.26267400493576,1.206566850123394,1
synthetic_A#10807,1,PortScan,test_attack,9.729617837264566,0.24324044593161415,0
synthetic_A#10808,1,PortScan,test_attack,1.5998309669131072,0.03999577417282768,0
synthetic_A#10809,1,PortScan,test_attack,0.4642000761227089,0.011605001903067723,0
synthetic_A#10810,1,PortScan,test_attack,2.8851008625633154,0.07212752156408289,0
synthetic_A#10811,1,PortScan,test_attack,7.81875202930625,0.19546880073265624,0
synthetic_A#10812,1,PortScan,test_attack,0.40418874775667446,0.010104718693916862,0
synthetic_A#10813,1,PortScan,test_attack,1.649220641746152,0.0412305160436538,0
synthetic_A#10814,1,PortScan,test_attack,8.80931387349725,0.22023284683743122,0
synthetic_A#10815,1,PortScan,test_attack,1.478872478959381,0.036971811973984525,0
synthetic_A#10816,1,PortScan,test_attack,13.632708970556319,0.340817724263908,0
synthetic_A#10817,1,PortScan,test_attack,0.19711097400970445,0.004927774350242611,0
synthetic_A#10818,1,PortScan,test_attack,1.0620079227136774,0.026550198067841934,0
synthetic_A#10819,1,PortScan,test_attack,0.7935951942175232,0.01983987985543808,0
synthetic_A#10820,1,PortScan,test_attack,4.960987683604029,0.12402469209010072,0
synthetic_A#10821,1,PortScan,test_attack,1.686331707080821,0.04215829267702052,0
synthetic_A#10822,1,PortScan,test_attack,6.307984832784822,0.15769962081962055,0
synthetic_A#10823,1,PortScan,test_attack,3.1162655456201787,0.07790663864050447,0
synthetic_A#10824,1,PortScan,test_attack,11.040007202747919,0.276000180068698,0
synthetic_A#10825,1,PortScan,test_attack,12.665226221477825,0.31663065553694564,0
synthetic_A#10826,1,PortScan,test_attack,0.700591803644311,0.017514795091107774,0
synthetic_A#10827,1,PortScan,test_attack,0.5367522507791836,0.013418806269479592,0
synthetic_A#10828,1,PortScan,test_attack,3.4156076033749994,0.08539019008437498,0
synthetic_A#10829,1,PortScan,test_attack,1.6767382209858552,0.04191845552464638,0
synthetic_A#10830,1,PortScan,test_attack,1.4803346846609515,0.03700836711652379,0
synthetic_A#10831,1,PortScan,test_attack,0.46273614794005014,0.011568403698501253,0
synthetic_A#10832,1,PortScan,test_attack,4.006641802822929,0.10016604507057322,0
synthetic_A#10833,1,PortScan,test_attack,13.283134536518519,0.332078363412963,0
synthetic_A#10834,1,PortScan,test_attack,15.559783257963737,0.38899458144909344,0
synthetic_A#10835,1,PortScan,test_attack,0.8514947836738151,0.02128736959184538,0
synthetic_A#10836,1,PortScan,test_attack,3.101099007272495,0.07752747518181238,0
synthetic_A#10837,1,PortScan,test_attack,3.8471567472411357,0.09617891868102839,0
synthetic_A#10838,1,PortScan,test_attack,7.610765096283723,0.19026912740709306,0
synthetic_A#10839,1,PortScan,test_attack,0.6007971737156098,0.015019929342890245,0
synthetic_A#10840,1,PortScan,test_attack,0.9583560034458032,0.02395890008614508,0
synthetic_A#10841,1,PortScan,test_attack,13.183612896356308,0.32959032240890773,0
synthetic_A#10842,1,PortScan,test_attack,4.967909866879328,0.1241977466719832,0
synthetic_A#10843,1,PortScan,test_attack,2.2330411733337905,0.05582602933334476,0
synthetic_A#10844,1,PortScan,test_attack,0.7385740957062654,0.018464352392656636,0
synthetic_A#10845,1,PortScan,test_attack,1.2705623964887351,0.03176405991221838,0
synthetic_A#10846,1,PortScan,test_attack,2.441379287102337,0.06103448217755843,0
synthetic_A#10847,1,PortScan,test_attack,1.4590609523761513,0.036476523809403784,0
synthetic_A#10848,1,PortScan,test_attack,3.408372620346589,0.08520931550866473,0
synthetic_A#10849,1,PortScan,test_attack,1.0395826605333043,0.025989566513332608,0
synthetic_A#10850,1,PortScan,test_attack,4.161781250887755,0.10404453127219389,0
synthetic_A#10851,1,PortScan,test_attack,24.628061854380412,0.6157015463595104,1
synthetic_A#10852,1,PortScan,test_attack,2.1854191508290097,0.05463547877072524,0
synthetic_A#10853,1,PortScan,test_attack,7.397606425035342,0.18494016062588353,0
synthetic_A#10854,1,PortScan,test_attack,4.156236361534388,0.1039059090383597,0
synthetic_A#10855,1,PortScan,test_attack,0.5076608049130851,0.012691520122827126,0
synthetic_A#10856,1,PortScan,test_attack,1.4000808976825234,0.03500202244206309,0
synthetic_A#10857,1,PortScan,test_attack,2.6233340285873137,0.06558335071468284,0
synthetic_A#10858,1,PortScan,test_attack,1.1084117685527592,0.02771029421381898,0
synthetic_A#10859,1,PortScan,test_attack,2.959946064841679,0.07399865162104198,0
synthetic_A#10860,1,PortScan,test_attack,0.802155329037898,0.02005388322594745,0
synthetic_A#10861,1,PortScan,test_attack,3.063338174549293,0.07658345436373233,0
synthetic_A#10862,1,PortScan,test_attack,0.48380575751667493,0.012095143937916874,0
synthetic_A#10863,1,PortScan,test_attack,1.9342703639671033,0.04835675909917758,0
synthetic_A#10864,1,PortScan,test_attack,1.051384162033782,0.02628460405084455,0
synthetic_A#10865,1,PortScan,test_attack,5.579317331109746,0.13948293327774366,0
synthetic_A#10866,1,PortScan,test_attack,5.316151910990842,0.13290379777477107,0
synthetic_A#10867,1,PortScan,test_attack,5.190493829462793,0.1297623457365698,0
synthetic_A#10868,1,PortScan,test_attack,85.55711773465619,2.138927943366405,1
synthetic_A#10869,1,PortScan,test_attack,0.31332475792277154,0.007833118948069288,0
synthetic_A#10870,1,PortScan,test_attack,1.8500544965050763,0.04625136241262691,0
synthetic_A#10871,1,PortScan,test_attack,3.4422737180966494,0.08605684295241624,0
synthetic_A#10872,1,PortScan,test_attack,1.516488607376782,0.03791221518441955,0
synthetic_A#10873,1,PortScan,test_attack,2.6615616441593364,0.06653904110398341,0
synthetic_A#10874,1,PortScan,test_attack,1.273389691593824,0.031834742289845605,0
synthetic_A#10875,1,PortScan,test_attack,2.883567859508386,0.07208919648770964,0
synthetic_A#10876,1,PortScan,test_attack,2.1276122666237316,0.05319030666559329,0
synthetic_A#10877,1,PortScan,test_attack,0.7685429801260767,0.019213574503151917,0
synthetic_A#10878,1,PortScan,test_attack,4.907432702556674,0.12268581756391686,0
synthetic_A#10879,1,PortScan,test_attack,3.42707183864447,0.08567679596611175,0
synthetic_A#10880,1,PortScan,test_attack,1.6677372929956342,0.04169343232489085,0
synthetic_A#10881,1,PortScan,test_attack,15.707881316678401,0.39269703291696,0
synthetic_A#10882,1,PortScan,test_attack,11.1488184303809,0.2787204607595225,0
synthetic_A#10883,1,PortScan,test_attack,2.662884103680957,0.06657210259202392,0
synthetic_A#10884,1,PortScan,test_attack,55.90505211412191,1.3976263028530478,1
synthetic_A#10885,1,PortScan,test_attack,2.1223756355859464,0.05305939088964866,0
synthetic_A#10886,1,PortScan,test_attack,2.593868604179084,0.0648467151044771,0
synthetic_A#10887,1,PortScan,test_attack,1.2722282825797002,0.031805707064492504,0
synthetic_A#10888,1,PortScan,test_attack,2.3897041964215058,0.05974260491053764,0
synthetic_A#10889,1,PortScan,test_attack,2.1708834927550016,0.05427208731887504,0
synthetic_A#10890,1,PortScan,test_attack,11.089597425614595,0.27723993564036487,0
synthetic_A#10891,1,PortScan,test_attack,2.995313055645267,0.07488282639113167,0
synthetic_A#10892,1,PortScan,test_attack,2.0978920809426596,0.05244730202356649,0
synthetic_A#10893,1,PortScan,test_attack,5.141618782032395,0.12854046955080986,0
synthetic_A#10894,1,PortScan,test_attack,3.287444848508118,0.08218612121270294,0
synthetic_A#10895,1,PortScan,test_attack,0.4992319916828346,0.012480799792070865,0
synthetic_A#10896,1,PortScan,test_attack,1.6113278050683721,0.040283195126709304,0
synthetic_A#10897,1,PortScan,test_attack,0.8309878227137137,0.020774695567842845,0
synthetic_A#10898,1,PortScan,test_attack,3.8550843039567386,0.09637710759891846,0
synthetic_A#10899,1,PortScan,test_attack,1.0843883256135889,0.027109708140339722,0
synthetic_A#10900,1,PortScan,test_attack,2.868835434831891,0.07172088587079728,0
synthetic_A#10901,1,PortScan,test_attack,3.4485112339691466,0.08621278084922866,0
synthetic_A#10902,1,PortScan,test_attack,2.8865668794863937,0.07216417198715984,0
synthetic_A#10903,1,PortScan,test_attack,0.295366429293346,0.00738416073233365,0
synthetic_A#10904,1,PortScan,test_attack,0.35056590353616984,0.008764147588404245,0
synthetic_A#10905,1,PortScan,test_attack,3.229833811101227,0.08074584527753068,0
synthetic_A#10906,1,PortScan,test_attack,44.092370187564505,1.1023092546891127,1
synthetic_A#10907,1,PortScan,test_attack,1.7889889560524863,0.04472472390131216,0
synthetic_A#10908,1,PortScan,test_attack,2.303709485419115,0.05759273713547788,0
synthetic_A#10909,1,PortScan,test_attack,6.2991884636168916,0.1574797115904223,0
synthetic_A#10910,1,PortScan,test_attack,3.0673077403874918,0.07668269350968729,0
synthetic_A#10911,1,PortScan,test_attack,8.200584728339885,0.20501461820849715,0
synthetic_A#10912,1,PortScan,test_attack,5.522981230874087,0.13807453077185217,0
synthetic_A#10913,1,PortScan,test_attack,21.857856984760573,0.5464464246190144,0
synthetic_A#10914,1,PortScan,test_attack,7.037238754079215,0.1759309688519804,0
synthetic_A#10915,1,PortScan,test_attack,1.034333342990019,0.025858333574750474,0
synthetic_A#10916,1,PortScan,test_attack,3.020752015892219,0.07551880039730548,0
synthetic_A#10917,1,PortScan,test_attack,1.658349185400914,0.04145872963502285,0
synthetic_A#10918,1,PortScan,test_attack,2.106227283624981,0.052655682090624524,0
synthetic_A#10919,1,PortScan,test_attack,7.323983682633053,0.18309959206582632,0
synthetic_A#10920,1,PortScan,test_attack,3.6596767865301443,0.09149191966325361,0
synthetic_A#10921,1,PortScan,test_attack,1.7988736429973606,0.044971841074934016,0
synthetic_A#10922,1,PortScan,test_attack,59.06499989871677,1.4766249974679193,1
synthetic_A#10923,1,PortScan,test_attack,4.572703021954154,0.11431757554885384,0
synthetic_A#10924,1,PortScan,test_attack,7.8344159124628865,0.19586039781157216,0
synthetic_A#10925,1,PortScan,test_attack,11.080808055927424,0.2770202013981856,0
synthetic_A#10926,1,PortScan,test_attack,0.6713185148276581,0.016782962870691455,0
synthetic_A#10927,1,PortScan,test_attack,3.560860286926908,0.0890215071731727,0
synthetic_A#10928,1,PortScan,test_attack,3.0225216200852474,0.07556304050213118,0
synthetic_A#10929,1,PortScan,test_attack,42.68400133691125,1.0671000334227814,1
synthetic_A#10930,1,PortScan,test_attack,2.8612169276361423,0.07153042319090355,0
synthetic_A#10931,1,PortScan,test_attack,1.8528585626725755,0.04632146406681439,0
synthetic_A#10932,1,PortScan,test_attack,4.588254797005742,0.11470636992514356,0
synthetic_A#10933,1,PortScan,test_attack,1.3169890145517709,0.032924725363794274,0
synthetic_A#10934,1,PortScan,test_attack,1.2811379391162017,0.03202844847790504,0
synthetic_A#10935,1,PortScan,test_attack,4.584130193113357,0.11460325482783393,0
synthetic_A#10936,1,PortScan,test_attack,3.4690663161080586,0.08672665790270147,0
synthetic_A#10937,1,PortScan,test_attack,0.5542305970006279,0.013855764925015699,0
synthetic_A#10938,1,PortScan,test_attack,6.100589462141247,0.15251473655353118,0
synthetic_A#10939,1,PortScan,test_attack,6.486332177898905,0.16215830444747265,0
synthetic_A#10940,1,PortScan,test_attack,7.972227503697306,0.19930568759243267,0
synthetic_A#10941,1,PortScan,test_attack,2.3485557749036357,0.05871389437259089,0
synthetic_A#10942,1,PortScan,test_attack,4.667574121946241,0.11668935304865602,0
synthetic_A#10943,1,PortScan,test_attack,0.36026586124291304,0.009006646531072826,0
synthetic_A#10944,1,PortScan,test_attack,1.4967665595302055,0.037419163988255136,0
synthetic_A#10945,1,PortScan,test_attack,2.090898741757042,0.05227246854392605,0
synthetic_A#10946,1,PortScan,test_attack,12.480873190911545,0.31202182977278864,0
synthetic_A#10947,1,PortScan,test_attack,5.665592216061249,0.14163980540153123,0
synthetic_A#10948,1,PortScan,test_attack,0.4483426178185188,0.01120856544546297,0
synthetic_A#10949,1,PortScan,test_attack,2.488851796182374,0.062221294904559354,0
synthetic_A#10950,1,PortScan,test_attack,3.931451025680981,0.09828627564202452,0
synthetic_A#10951,1,PortScan,test_attack,0.9027885824605617,0.02256971456151404,0
synthetic_A#10952,1,PortScan,test_attack,1.785042184897383,0.044626054622434574,0
synthetic_A#10953,1,PortScan,test_attack,7.09793180241398,0.17744829506034948,0
synthetic_A#10954,1,PortScan,test_attack,0.9410795735888073,0.023526989339720184,0
synthetic_A#10955,1,PortScan,test_attack,5.883334601682799,0.14708336504206998,0
synthetic_A#10956,1,PortScan,test_attack,4.785569937227772,0.11963924843069429,0
synthetic_A#10957,1,PortScan,test_attack,1.0745073527547222,0.026862683818868055,0
synthetic_A#10958,1,PortScan,test_attack,8.922692572731208,0.2230673143182802,0
synthetic_A#10959,1,PortScan,test_attack,5.0142589697369,0.1253564742434225,0
synthetic_A#10960,1,PortScan,test_attack,1.5955558027171048,0.03988889506792762,0
synthetic_A#10961,1,PortScan,test_attack,1.917751759178655,0.047943793979466374,0
synthetic_A#10962,1,PortScan,test_attack,0.6835263370848288,0.01708815842712072,0
synthetic_A#10963,1,PortScan,test_attack,5.087489394682094,0.12718723486705236,0
synthetic_A#10964,1,PortScan,test_attack,1.3371403219954852,0.03342850804988713,0
synthetic_A#10965,1,PortScan,test_attack,5.910896955671937,0.14777242389179843,0
synthetic_A#10966,1,PortScan,test_attack,0.4818717140138186,0.012046792850345465,0
synthetic_A#10967,1,PortScan,test_attack,0.5682198789762499,0.014205496974406248,0
synthetic_A#10968,1,PortScan,test_attack,2.8355672290687735,0.07088918072671933,0
synthetic_A#10969,1,PortScan,test_attack,1.6416191730599279,0.041040479326498194,0
synthetic_A#10970,1,PortScan,test_attack,0.9253043332203097,0.02313260833050774,0
synthetic_A#10971,1,PortScan,test_attack,2.7676023674152557,0.06919005918538139,0
synthetic_A#10972,1,PortScan,test_attack,133.58976627333402,3.3397441568333504,1
synthetic_A#10973,1,PortScan,test_attack,3.9658191844781276,0.09914547961195319,0
synthetic_A#10974,1,PortScan,test_attack,22.12147970303763,0.5530369925759407,0
synthetic_A#10975,1,PortScan,test_attack,35.13773618108402,0.8784434045271006,1
synthetic_A#10976,1,PortScan,test_attack,7.4624615773913145,0.18656153943478287,0
synthetic_A#10977,1,PortScan,test_attack,0.5569815428788216,0.01392453857197054,0
synthetic_A#10978,1,PortScan,test_attack,180.12095256850498,4.503023814212624,1
synthetic_A#10979,1,PortScan,test_attack,1.6205288270104188,0.04051322067526047,0
synthetic_A#10980,1,PortScan,test_attack,0.6650155015680481,0.016625387539201203,0
synthetic_A#10981,1,PortScan,test_attack,0.7262668952266409,0.01815667238066602,0
synthetic_A#10982,1,PortScan,test_attack,6.17091650885547,0.15427291272138674,0
synthetic_A#10983,1,PortScan,test_attack,2.913759186197098,0.07284397965492745,0
synthetic_A#10984,1,PortScan,test_attack,3.4262270213431094,0.08565567553357774,0
synthetic_A#10985,1,PortScan,test_attack,14.697871858459743,0.3674467964614936,0
synthetic_A#10986,1,PortScan,test_attack,9.766713200751843,0.24416783001879608,0
synthetic_A#10987,1,PortScan,test_attack,1.1899286383654535,0.029748215959136338,0
synthetic_A#10988,1,PortScan,test_attack,5.711913703816215,0.14279784259540537,0
synthetic_A#10989,1,PortScan,test_attack,11.838649553305217,0.2959662388326304,0
synthetic_A#10990,1,PortScan,test_attack,6.407394574110383,0.16018486435275958,0
synthetic_A#10991,1,PortScan,test_attack,36.12059379607062,0.9030148449017655,1
synthetic_A#10992,1,PortScan,test_attack,3.2603666251902865,0.08150916562975716,0
synthetic_A#10993,1,PortScan,test_attack,29.26803756126802,0.7317009390317005,1
synthetic_A#10994,1,PortScan,test_attack,7.4249861236714505,0.18562465309178627,0
synthetic_A#10995,1,PortScan,test_attack,1.6471480530654028,0.04117870132663507,0
synthetic_A#10996,1,PortScan,test_attack,0.7032034405120338,0.017580086012800845,0
synthetic_A#10997,1,PortScan,test_attack,1.2661859421300776,0.03165464855325194,0
synthetic_A#10998,1,PortScan,test_attack,18.819063739555826,0.47047659348889564,0
synthetic_A#10999,1,PortScan,test_attack,9.143831406884011,0.22859578517210027,0
synthetic_A#11000,1,Botnet,test_attack,2668.6859279453192,66.71714819863298,1
synthetic_A#11001,1,Botnet,test_attack,2413.6886938847792,60.34221734711948,1
synthetic_A#11002,1,Botnet,test_attack,2858.8567266960763,71.47141816740191,1
synthetic_A#11003,1,Botnet,test_attack,2404.6268646237236,60.11567161559309,1
synthetic_A#11004,1,Botnet,test_attack,2477.181076048311,61.92952690120777,1
synthetic_A#11005,1,Botnet,test_attack,3092.3831735211625,77.30957933802907,1
synthetic_A#11006,1,Botnet,test_attack,2550.5387585852254,63.76346896463063,1
synthetic_A#11007,1,Botnet,test_attack,2870.3835098880204,71.75958774720051,1
synthetic_A#11008,1,Botnet,test_attack,2864.470319897412,71.6117579974353,1
synthetic_A#11009,1,Botnet,test_attack,2204.9622746924356,55.12405686731089,1
synthetic_A#11010,1,Botnet,test_attack,3160.972505225793,79.02431263064483,1
synthetic_A#11011,1,Botnet,test_attack,2785.1652759115414,69.62913189778854,1
synthetic_A#11012,1,Botnet,test_attack,2630.9183532706666,65.77295883176666,1
synthetic_A#11013,1,Botnet,test_attack,2099.3173482392986,52.48293370598246,1
synthetic_A#11014,1,Botnet,test_attack,2860.7186258114157,71.51796564528539,1
synthetic_A#11015,1,Botnet,test_attack,2837.0883026451743,70.92720756612935,1
synthetic_A#11016,1,Botnet,test_attack,2948.193725273123,73.70484313182808,1
synthetic_A#11017,1,Botnet,test_attack,2676.821453850525,66.92053634626312,1
synthetic_A#11018,1,Botnet,test_attack,2887.492828423097,72.18732071057742,1
synthetic_A#11019,1,Botnet,test_attack,3111.3968230223554,77.78492057555889,1
synthetic_A#11020,1,Botnet,test_attack,2570.8414937504785,64.27103734376196,1
synthetic_A#11021,1,Botnet,test_attack,79.31181784720913,1.9827954461802282,1
synthetic_A#11022,1,Botnet,test_attack,2766.8998666111215,69.17249666527803,1
synthetic_A#11023,1,Botnet,test_attack,2689.0527286086267,67.22631821521567,1
synthetic_A#11024,1,Botnet,test_attack,2759.271274781435,68.98178186953587,1
synthetic_A#11025,1,Botnet,test_attack,3162.4101563211552,79.06025390802888,1
synthetic_A#11026,1,Botnet,test_attack,3196.922495832271,79.92306239580678,1
synthetic_A#11027,1,Botnet,test_attack,3055.3536031369604,76.38384007842402,1
synthetic_A#11028,1,Botnet,test_attack,2789.9924504319356,69.7498112607984,1
synthetic_A#11029,1,Botnet,test_attack,2428.8322630067273,60.72080657516818,1
synthetic_A#11030,1,Botnet,test_attack,2629.315109698768,65.7328777424692,1
synthetic_A#11031,1,Botnet,test_attack,2812.9047573847115,70.3226189346178,1
synthetic_A#11032,1,Botnet,test_attack,2518.326660149436,62.9581665037359,1
synthetic_A#11033,1,Botnet,test_attack,3005.6164248836103,75.14041062209026,1
synthetic_A#11034,1,Botnet,test_attack,2808.1998507125663,70.20499626781415,1
synthetic_A#11035,1,Botnet,test_attack,3029.2835517601566,75.73208879400391,1
synthetic_A#11036,1,Botnet,test_attack,2673.5113225027676,66.83778306256919,1
synthetic_A#11037,1,Botnet,test_attack,2785.2278480577856,69.63069620144464,1
synthetic_A#11038,1,Botnet,test_attack,3214.4116493626952,80.36029123406738,1
synthetic_A#11039,1,Botnet,test_attack,3070.3973979355833,76.75993494838958,1
synthetic_A#11040,1,Botnet,test_attack,2589.614695783822,64.74036739459555,1
synthetic_A#11041,1,Botnet,test_attack,3006.721534761909,75.16803836904772,1
synthetic_A#11042,1,Botnet,test_attack,2750.9418431970585,68.77354607992646,1
synthetic_A#11043,1,Botnet,test_attack,2606.723793730134,65.16809484325334,1
synthetic_A#11044,1,Botnet,test_attack,3038.6612187681094,75.96653046920274,1
synthetic_A#11045,1,Botnet,test_attack,2707.302815058425,67.68257037646063,1
synthetic_A#11046,1,Botnet,test_attack,3237.402624368848,80.9350656092212,1
synthetic_A#11047,1,Botnet,test_attack,2736.0448938115815,68.40112234528954,1
synthetic_A#11048,1,Botnet,test_attack,2398.0341729844204,59.95085432461051,1
synthetic_A#11049,1,Botnet,test_attack,2833.7712892922596,70.84428223230648,1
synthetic_A#11050,1,Botnet,test_attack,2772.810153205876,69.3202538301469,1
synthetic_A#11051,1,Botnet,test_attack,2890.6828643267904,72.26707160816976,1
synthetic_A#11052,1,Botnet,test_attack,2720.3901373038057,68.00975343259515,1
synthetic_A#11053,1,Botnet,test_attack,2918.2567036418227,72.95641759104556,1
synthetic_A#11054,1,Botnet,test_attack,3108.130347152284,77.70325867880709,1
synthetic_A#11055,1,Botnet,test_attack,2635.701615246176,65.8925403811544,1
synthetic_A#11056,1,Botnet,test_attack,2754.797886945036,68.8699471736259,1
synthetic_A#11057,1,Botnet,test_attack,2576.0697996945437,64.40174499236359,1
synthetic_A#11058,1,Botnet,test_attack,2815.9280994945134,70.39820248736284,1
synthetic_A#11059,1,Botnet,test_attack,2799.5727547038723,69.98931886759681,1
synthetic_A#11060,1,Botnet,test_attack,3278.1286357058816,81.95321589264704,1
synthetic_A#11061,1,Botnet,test_attack,2938.8773651882234,73.47193412970559,1
synthetic_A#11062,1,Botnet,test_attack,2845.235958489274,71.13089896223184,1
synthetic_A#11063,1,Botnet,test_attack,3087.9100903134954,77.19775225783738,1
synthetic_A#11064,1,Botnet,test_attack,2642.6073912607253,66.06518478151813,1
synthetic_A#11065,1,Botnet,test_attack,3001.5047284977736,75.03761821244434,1
synthetic_A#11066,1,Botnet,test_attack,2762.7390036428196,69.0684750910705,1
synthetic_A#11067,1,Botnet,test_attack,2761.3821574151043,69.0345539353776,1
synthetic_A#11068,1,Botnet,test_attack,2548.8881531249303,63.722203828123256,1
synthetic_A#11069,1,Botnet,test_attack,2776.3841656724603,69.40960414181151,1
synthetic_A#11070,1,Botnet,test_attack,2621.0438288999853,65.52609572249963,1
synthetic_A#11071,1,Botnet,test_attack,91.45687994550681,2.28642199863767,1
synthetic_A#11072,1,Botnet,test_attack,2516.210693496837,62.90526733742092,1
synthetic_A#11073,1,Botnet,test_attack,2524.7259617906384,63.11814904476596,1
synthetic_A#11074,1,Botnet,test_attack,2725.044733275383,68.12611833188457,1
synthetic_A#11075,1,Botnet,test_attack,3053.9678723753905,76.34919680938476,1
synthetic_A#11076,1,Botnet,test_attack,2737.077629288575,68.42694073221438,1
synthetic_A#11077,1,Botnet,test_attack,2554.2528578742313,63.85632144685578,1
synthetic_A#11078,1,Botnet,test_attack,2738.004989682863,68.45012474207158,1
synthetic_A#11079,1,Botnet,test_attack,2810.6389523684816,70.26597380921204,1
synthetic_A#11080,1,Botnet,test_attack,3015.2826064085693,75.38206516021424,1
synthetic_A#11081,1,Botnet,test_attack,2644.4273379888364,66.11068344972091,1
synthetic_A#11082,1,Botnet,test_attack,3089.9785423101102,77.24946355775276,1
synthetic_A#11083,1,Botnet,test_attack,2721.4314761987894,68.03578690496974,1
synthetic_A#11084,1,Botnet,test_attack,2798.133807815447,69.95334519538618,1
synthetic_A#11085,1,Botnet,test_attack,2254.8006495783675,56.37001623945919,1
synthetic_A#11086,1,Botnet,test_attack,2709.7109665177504,67.74277416294376,1
synthetic_A#11087,1,Botnet,test_attack,2691.7956203594745,67.29489050898687,1
synthetic_A#11088,1,Botnet,test_attack,2727.114080595207,68.17785201488017,1
synthetic_A#11089,1,Botnet,test_attack,2632.9472855235103,65.82368213808776,1
synthetic_A#11090,1,Botnet,test_attack,2878.2493089563723,71.95623272390931,1
synthetic_A#11091,1,Botnet,test_attack,2423.4042506917967,60.58510626729492,1
synthetic_A#11092,1,Botnet,test_attack,2671.588849443181,66.78972123607953,1
synthetic_A#11093,1,Botnet,test_attack,2420.355588706842,60.508889717671046,1
synthetic_A#11094,1,Botnet,test_attack,2841.8821888462994,71.04705472115748,1
synthetic_A#11095,1,Botnet,test_attack,2728.8382507192373,68.22095626798094,1
synthetic_A#11096,1,Botnet,test_attack,2703.7245026258242,67.59311256564561,1
synthetic_A#11097,1,Botnet,test_attack,2535.090011802525,63.37725029506313,1
synthetic_A#11098,1,Botnet,test_attack,2732.256202718203,68.30640506795507,1
synthetic_A#11099,1,Botnet,test_attack,2730.525051448007,68.26312628620018,1
synthetic_A#11100,1,Botnet,test_attack,3411.7575312913996,85.29393828228498,1
synthetic_A#11101,1,Botnet,test_attack,2874.2713903605,71.8567847590125,1
synthetic_A#11102,1,Botnet,test_attack,3014.84061289934,75.3710153224835,1
synthetic_A#11103,1,Botnet,test_attack,3254.1818174918812,81.35454543729703,1
synthetic_A#11104,1,Botnet,test_attack,2537.8308976883295,63.44577244220824,1
synthetic_A#11105,1,Botnet,test_attack,2756.4747994511345,68.91186998627836,1
synthetic_A#11106,1,Botnet,test_attack,3008.4168223261704,75.21042055815425,1
synthetic_A#11107,1,Botnet,test_attack,2762.859811015963,69.07149527539907,1
synthetic_A#11108,1,Botnet,test_attack,2984.5855060617873,74.61463765154468,1
synthetic_A#11109,1,Botnet,test_attack,2465.4627971360455,61.63656992840114,1
synthetic_A#11110,1,Botnet,test_attack,3267.9073272045307,81.69768318011327,1
synthetic_A#11111,1,Botnet,test_attack,84.43565231585455,2.110891307896364,1
synthetic_A#11112,1,Botnet,test_attack,2445.1866286171,61.12966571542749,1
synthetic_A#11113,1,Botnet,test_attack,2982.972086173127,74.57430215432818,1
synthetic_A#11114,1,Botnet,test_attack,3415.034334416597,85.37585836041492,1
synthetic_A#11115,1,Botnet,test_attack,2550.3522808366156,63.75880702091539,1
synthetic_A#11116,1,Botnet,test_attack,3011.920805533236,75.2980201383309,1
synthetic_A#11117,1,Botnet,test_attack,2345.262727188585,58.63156817971462,1
synthetic_A#11118,1,Botnet,test_attack,2323.746413939615,58.09366034849038,1
synthetic_A#11119,1,Botnet,test_attack,2702.8400013306514,67.57100003326629,1
synthetic_A#11120,1,Botnet,test_attack,2395.961786966437,59.899044674160926,1
synthetic_A#11121,1,Botnet,test_attack,3185.181561848149,79.62953904620373,1
synthetic_A#11122,1,Botnet,test_attack,3656.883058361596,91.4220764590399,1
synthetic_A#11123,1,Botnet,test_attack,2765.432023745415,69.13580059363537,1
synthetic_A#11124,1,Botnet,test_attack,2681.110807754706,67.02777019386765,1
synthetic_A#11125,1,Botnet,test_attack,3095.9850790320716,77.3996269758018,1
synthetic_A#11126,1,Botnet,test_attack,3920.1068367541466,98.00267091885367,1
synthetic_A#11127,1,Botnet,test_attack,2721.242548543998,68.03106371359995,1
synthetic_A#11128,1,Botnet,test_attack,2623.9716002300793,65.59929000575198,1
synthetic_A#11129,1,Botnet,test_attack,2861.832090170408,71.5458022542602,1
synthetic_A#11130,1,Botnet,test_attack,2761.0467597780334,69.02616899445084,1
synthetic_A#11131,1,Botnet,test_attack,3277.557608908176,81.9389402227044,1
synthetic_A#11132,1,Botnet,test_attack,2718.6460653695044,67.9661516342376,1
synthetic_A#11133,1,Botnet,test_attack,2684.514856009074,67.11287140022685,1
synthetic_A#11134,1,Botnet,test_attack,3475.6476026856994,86.89119006714249,1
synthetic_A#11135,1,Botnet,test_attack,2836.102661339259,70.90256653348148,1
synthetic_A#11136,1,Botnet,test_attack,2634.703788223095,65.86759470557737,1
synthetic_A#11137,1,Botnet,test_attack,2317.5830517747736,57.93957629436934,1
synthetic_A#11138,1,Botnet,test_attack,2612.6585021124665,65.31646255281166,1
synthetic_A#11139,1,Botnet,test_attack,3050.828574415396,76.2707143603849,1
synthetic_A#11140,1,Botnet,test_attack,2945.8177021241,73.6454425531025,1
synthetic_A#11141,1,Botnet,test_attack,2597.7169990318507,64.94292497579627,1
synthetic_A#11142,1,Botnet,test_attack,2355.499763447412,58.8874940861853,1
synthetic_A#11143,1,Botnet,test_attack,2660.6685518089016,66.51671379522254,1
synthetic_A#11144,1,Botnet,test_attack,2923.869549119628,73.0967387279907,1
synthetic_A#11145,1,Botnet,test_attack,2655.9864925869365,66.3996623146734,1
synthetic_A#11146,1,Botnet,test_attack,2879.07173637685,71.97679340942125,1
synthetic_A#11147,1,Botnet,test_attack,2703.30029585342,67.5825073963355,1
synthetic_A#11148,1,Botnet,test_attack,2629.7738010592757,65.7443450264819,1
synthetic_A#11149,1,Botnet,test_attack,2965.600966759996,74.1400241689999,1
synthetic_A#11150,1,Botnet,test_attack,2623.6388831643826,65.59097207910956,1
synthetic_A#11151,1,Botnet,test_attack,3185.3935830546156,79.6348395763654,1
synthetic_A#11152,1,Botnet,test_attack,2553.4132453725733,63.83533113431433,1
synthetic_A#11153,1,Botnet,test_attack,2690.0610560710916,67.25152640177728,1
synthetic_A#11154,1,Botnet,test_attack,3350.831800667466,83.77079501668665,1
synthetic_A#11155,1,Botnet,test_attack,3124.0366112072306,78.10091528018077,1
synthetic_A#11156,1,Botnet,test_attack,3306.3494855448703,82.65873713862176,1
synthetic_A#11157,1,Botnet,test_attack,2460.3773417214566,61.509433543036415,1
synthetic_A#11158,1,Botnet,test_attack,2972.39098411578,74.3097746028945,1
synthetic_A#11159,1,Botnet,test_attack,2916.433461885673,72.91083654714183,1
synthetic_A#11160,1,Botnet,test_attack,2865.8559487386296,71.64639871846575,1
synthetic_A#11161,1,Botnet,test_attack,2530.2260726325244,63.25565181581311,1
synthetic_A#11162,1,Botnet,test_attack,2499.6821519871846,62.49205379967962,1
synthetic_A#11163,1,Botnet,test_attack,2400.744088781114,60.01860221952785,1
synthetic_A#11164,1,Botnet,test_attack,2293.0584143201168,57.32646035800292,1
synthetic_A#11165,1,Botnet,test_attack,2964.987763951759,74.12469409879398,1
synthetic_A#11166,1,Botnet,test_attack,2678.424471687975,66.96061179219937,1
synthetic_A#11167,1,Botnet,test_attack,2769.7633223952507,69.24408305988126,1
synthetic_A#11168,1,Botnet,test_attack,2834.2297398526143,70.85574349631536,1
synthetic_A#11169,1,Botnet,test_attack,2850.8845936072034,71.27211484018008,1
synthetic_A#11170,1,Botnet,test_attack,3019.2441844384643,75.48110461096161,1
synthetic_A#11171,1,Botnet,test_attack,2904.4689223849878,72.6117230596247,1
synthetic_A#11172,1,Botnet,test_attack,2798.489879551408,69.96224698878521,1
synthetic_A#11173,1,Botnet,test_attack,2370.8185970899585,59.270464927248966,1
synthetic_A#11174,1,Botnet,test_attack,3130.6133653325733,78.26533413331433,1
synthetic_A#11175,1,Botnet,test_attack,3439.163929187722,85.97909822969305,1
synthetic_A#11176,1,Botnet,test_attack,2619.829660178457,65.49574150446142,1
synthetic_A#11177,1,Botnet,test_attack,3087.056205216736,77.1764051304184,1
synthetic_A#11178,1,Botnet,test_attack,2827.844442037178,70.69611105092945,1
synthetic_A#11179,1,Botnet,test_attack,2979.4266142793995,74.48566535698498,1
synthetic_A#11180,1,Botnet,test_attack,3029.8262612261146,75.74565653065287,1
synthetic_A#11181,1,Botnet,test_attack,2768.3886339578685,69.20971584894671,1
synthetic_A#11182,1,Botnet,test_attack,2934.523716422815,73.36309291057037,1
synthetic_A#11183,1,Botnet,test_attack,2039.985642370065,50.99964105925163,1
synthetic_A#11184,1,Botnet,test_attack,2753.9558654743723,68.84889663685931,1
synthetic_A#11185,1,Botnet,test_attack,3236.9679790331734,80.92419947582934,1
synthetic_A#11186,1,Botnet,test_attack,2812.2144457261124,70.30536114315281,1
synthetic_A#11187,1,Botnet,test_attack,3195.736304222726,79.89340760556816,1
synthetic_A#11188,1,Botnet,test_attack,2471.703992026458,61.79259980066145,1
synthetic_A#11189,1,Botnet,test_attack,2515.7318195434173,62.89329548858543,1
synthetic_A#11190,1,Botnet,test_attack,3028.4852151060068,75.71213037765017,1
synthetic_A#11191,1,Botnet,test_attack,2727.644076397769,68.19110190994422,1
synthetic_A#11192,1,Botnet,test_attack,2756.8342475254785,68.92085618813697,1
synthetic_A#11193,1,Botnet,test_attack,2996.3286953082934,74.90821738270733,1
synthetic_A#11194,1,Botnet,test_attack,2369.2042083746123,59.230105209365306,1
synthetic_A#11195,1,Botnet,test_attack,2837.8252782058416,70.94563195514604,1
synthetic_A#11196,1,Botnet,test_attack,2568.6294654868507,64.21573663717126,1
synthetic_A#11197,1,Botnet,test_attack,2429.670649683544,60.7417662420886,1
synthetic_A#11198,1,Botnet,test_attack,3099.9424242746095,77.49856060686524,1
synthetic_A#11199,1,Botnet,test_attack,3012.064361002767,75.30160902506917,1
synthetic_A#11200,1,Botnet,test_attack,3160.046779793876,79.00116949484689,1
synthetic_A#11201,1,Botnet,test_attack,2819.3462139075773,70.48365534768944,1
synthetic_A#11202,1,Botnet,test_attack,3183.0534522416187,79.57633630604047,1
synthetic_A#11203,1,Botnet,test_attack,5288.850197653257,132.22125494133144,1
synthetic_A#11204,1,Botnet,test_attack,2957.085261268703,73.92713153171758,1
synthetic_A#11205,1,Botnet,test_attack,2730.7727547569543,68.26931886892386,1
synthetic_A#11206,1,Botnet,test_attack,3175.4029634510343,79.38507408627586,1
synthetic_A#11207,1,Botnet,test_attack,2924.504179345471,73.11260448363677,1
synthetic_A#11208,1,Botnet,test_attack,3168.8669203141603,79.22167300785401,1
synthetic_A#11209,1,Botnet,test_attack,2885.3439887681434,72.13359971920359,1
synthetic_A#11210,1,Botnet,test_attack,2985.0631737098543,74.62657934274635,1
synthetic_A#11211,1,Botnet,test_attack,2666.1133466081847,66.65283366520461,1
synthetic_A#11212,1,Botnet,test_attack,2635.762967473402,65.89407418683506,1
synthetic_A#11213,1,Botnet,test_attack,2655.0061314496033,66.37515328624008,1
synthetic_A#11214,1,Botnet,test_attack,2398.7706329715957,59.96926582428989,1
synthetic_A#11215,1,Botnet,test_attack,2594.3206474394874,64.85801618598718,1
synthetic_A#11216,1,Botnet,test_attack,2512.460327766259,62.811508194156474,1
synthetic_A#11217,1,Botnet,test_attack,2849.2085587203624,71.23021396800905,1
synthetic_A#11218,1,Botnet,test_attack,2458.7562998697576,61.46890749674394,1
synthetic_A#11219,1,Botnet,test_attack,2988.9536880793335,74.72384220198333,1
synthetic_A#11220,1,Botnet,test_attack,2867.033372120413,71.67583430301032,1
synthetic_A#11221,1,Botnet,test_attack,2672.260662287901,66.80651655719753,1
synthetic_A#11222,1,Botnet,test_attack,2527.067809859027,63.176695246475674,1
synthetic_A#11223,1,Botnet,test_attack,2022.4974841421695,50.56243710355424,1
synthetic_A#11224,1,Botnet,test_attack,2540.488499299276,63.5122124824819,1
synthetic_A#11225,1,Botnet,test_attack,2663.584722288993,66.58961805722483,1
synthetic_A#11226,1,Botnet,test_attack,2813.458929117107,70.33647322792767,1
synthetic_A#11227,1,Botnet,test_attack,2941.498183155086,73.53745457887715,1
synthetic_A#11228,1,Botnet,test_attack,2745.3419131970118,68.63354782992529,1
synthetic_A#11229,1,Botnet,test_attack,2399.5802752117643,59.98950688029411,1
synthetic_A#11230,1,Botnet,test_attack,2844.5048098972748,71.11262024743186,1
synthetic_A#11231,1,Botnet,test_attack,2419.3543433665473,60.483858584163684,1
synthetic_A#11232,1,Botnet,test_attack,2713.9094994224433,67.84773748556108,1
synthetic_A#11233,1,Botnet,test_attack,2879.374349739361,71.98435874348402,1
synthetic_A#11234,1,Botnet,test_attack,2600.6161583991234,65.01540395997809,1
synthetic_A#11235,1,Botnet,test_attack,3157.2677885380745,78.93169471345186,1
synthetic_A#11236,1,Botnet,test_attack,2789.5131130901873,69.73782782725468,1
synthetic_A#11237,1,Botnet,test_attack,2414.47769188046,60.3619422970115,1
synthetic_A#11238,1,Botnet,test_attack,2622.7388539029776,65.56847134757444,1
synthetic_A#11239,1,Botnet,test_attack,2965.3364857133233,74.13341214283308,1
synthetic_A#11240,1,Botnet,test_attack,2310.7839483851603,57.76959870962901,1
synthetic_A#11241,1,Botnet,test_attack,2825.952269726612,70.6488067431653,1
synthetic_A#11242,1,Botnet,test_attack,2310.2204524507088,57.75551131126772,1
synthetic_A#11243,1,Botnet,test_attack,2408.6306465107295,60.21576616276824,1
synthetic_A#11244,1,Botnet,test_attack,3268.6976781131452,81.71744195282864,1
synthetic_A#11245,1,Botnet,test_attack,2466.4368377575593,61.66092094393898,1
synthetic_A#11246,1,Botnet,test_attack,2761.182908989574,69.02957272473935,1
synthetic_A#11247,1,Botnet,test_attack,2633.8697901170412,65.84674475292603,1
synthetic_A#11248,1,Botnet,test_attack,117.31682595706658,2.9329206489266646,1
synthetic_A#11249,1,Botnet,test_attack,2865.2208912722454,71.63052228180614,1
synthetic_A#11250,1,Botnet,test_attack,2797.298217520027,69.93245543800067,1
synthetic_A#11251,1,Botnet,test_attack,3120.3614288871263,78.00903572217815,1
synthetic_A#11252,1,Botnet,test_attack,2862.7643633397183,71.56910908349296,1
synthetic_A#11253,1,Botnet,test_attack,2963.0187905454454,74.07546976363614,1
synthetic_A#11254,1,Botnet,test_attack,3181.814152795376,79.5453538198844,1
synthetic_A#11255,1,Botnet,test_attack,2827.657223745048,70.69143059362621,1
synthetic_A#11256,1,Botnet,test_attack,2682.84736748165,67.07118418704125,1
synthetic_A#11257,1,Botnet,test_attack,2886.8323719034083,72.17080929758521,1
synthetic_A#11258,1,Botnet,test_attack,3016.798460318604,75.4199615079651,1
synthetic_A#11259,1,Botnet,test_attack,2584.9633196102727,64.62408299025682,1
synthetic_A#11260,1,Botnet,test_attack,2872.517359702787,71.81293399256967,1
synthetic_A#11261,1,Botnet,test_attack,3455.4585227545185,86.38646306886297,1
synthetic_A#11262,1,Botnet,test_attack,2781.9054970368306,69.54763742592077,1
synthetic_A#11263,1,Botnet,test_attack,2890.4331621752335,72.26082905438084,1
synthetic_A#11264,1,Botnet,test_attack,2677.1265547818102,66.92816386954526,1
synthetic_A#11265,1,Botnet,test_attack,2836.944045673833,70.92360114184582,1
synthetic_A#11266,1,Botnet,test_attack,2903.696858408125,72.59242146020313,1
synthetic_A#11267,1,Botnet,test_attack,2423.0655766564473,60.57663941641118,1
synthetic_A#11268,1,Botnet,test_attack,2878.722477489424,71.9680619372356,1
synthetic_A#11269,1,Botnet,test_attack,2676.7181816502334,66.91795454125584,1
synthetic_A#11270,1,Botnet,test_attack,2572.479034690161,64.31197586725402,1
synthetic_A#11271,1,Botnet,test_attack,3404.5874039927376,85.11468509981844,1
synthetic_A#11272,1,Botnet,test_attack,3038.852934666903,75.97132336667258,1
synthetic_A#11273,1,Botnet,test_attack,3016.7921601324597,75.4198040033115,1
synthetic_A#11274,1,Botnet,test_attack,2697.4017756045682,67.4350443901142,1
synthetic_A#11275,1,Botnet,test_attack,2954.315220814371,73.85788052035927,1
synthetic_A#11276,1,Botnet,test_attack,2705.3471076789638,67.6336776919741,1
synthetic_A#11277,1,Botnet,test_attack,2584.48755397497,64.61218884937425,1
synthetic_A#11278,1,Botnet,test_attack,2792.377176529353,69.80942941323383,1
synthetic_A#11279,1,Botnet,test_attack,2589.3079128035674,64.73269782008919,1
synthetic_A#11280,1,Botnet,test_attack,2927.4332584082194,73.18583146020549,1
synthetic_A#11281,1,Botnet,test_attack,2932.7692920207,73.3192323005175,1
synthetic_A#11282,1,Botnet,test_attack,2227.657029024668,55.6914257256167,1
synthetic_A#11283,1,Botnet,test_attack,3077.0896312110926,76.92724078027732,1
synthetic_A#11284,1,Botnet,test_attack,2699.4871577655213,67.48717894413804,1
synthetic_A#11285,1,Botnet,test_attack,2256.1271879397136,56.40317969849284,1
synthetic_A#11286,1,Botnet,test_attack,3345.4916065872303,83.63729016468076,1
synthetic_A#11287,1,Botnet,test_attack,2793.7290370192795,69.84322592548199,1
synthetic_A#11288,1,Botnet,test_attack,2891.1663476147396,72.27915869036849,1
synthetic_A#11289,1,Botnet,test_attack,2533.0212628539844,63.32553157134961,1
synthetic_A#11290,1,Botnet,test_attack,2760.809784161712,69.0202446040428,1
synthetic_A#11291,1,Botnet,test_attack,2454.310996321557,61.35777490803893,1
synthetic_A#11292,1,Botnet,test_attack,2685.1605262956678,67.1290131573917,1
synthetic_A#11293,1,Botnet,test_attack,3462.4151143663994,86.56037785915998,1
synthetic_A#11294,1,Botnet,test_attack,2470.0904643839867,61.75226160959967,1
synthetic_A#11295,1,Botnet,test_attack,2977.8873724852765,74.44718431213191,1
synthetic_A#11296,1,Botnet,test_attack,3354.6961795092698,83.86740448773175,1
synthetic_A#11297,1,Botnet,test_attack,4778.556405730125,119.46391014325313,1
synthetic_A#11298,1,Botnet,test_attack,3139.8346815549253,78.49586703887313,1
synthetic_A#11299,1,Botnet,test_attack,2434.0779636902553,60.85194909225638,1
synthetic_A#11300,1,Botnet,test_attack,3038.5308043738755,75.9632701093469,1
synthetic_A#11301,1,Botnet,test_attack,2841.860069044577,71.04650172611443,1
synthetic_A#11302,1,Botnet,test_attack,2627.8815205629967,65.69703801407492,1
synthetic_A#11303,1,Botnet,test_attack,2533.943083055286,63.34857707638215,1
synthetic_A#11304,1,Botnet,test_attack,2752.9145093494567,68.82286273373641,1
synthetic_A#11305,1,Botnet,test_attack,2733.827314559391,68.34568286398478,1
synthetic_A#11306,1,Botnet,test_attack,2587.598600331882,64.68996500829705,1
synthetic_A#11307,1,Botnet,test_attack,2528.842266831141,63.22105667077852,1
synthetic_A#11308,1,Botnet,test_attack,2419.677845436131,60.49194613590328,1
synthetic_A#11309,1,Botnet,test_attack,2892.2694711387408,72.30673677846852,1
synthetic_A#11310,1,Botnet,test_attack,3212.334564845907,80.30836412114768,1
synthetic_A#11311,1,Botnet,test_attack,2420.358908496594,60.508972712414845,1
synthetic_A#11312,1,Botnet,test_attack,2496.1009635534742,62.402524088836856,1
synthetic_A#11313,1,Botnet,test_attack,3024.7072221011967,75.61768055252992,1
synthetic_A#11314,1,Botnet,test_attack,2431.7092309723894,60.79273077430973,1
synthetic_A#11315,1,Botnet,test_attack,3003.7658562338174,75.09414640584544,1
synthetic_A#11316,1,Botnet,test_attack,3168.0733237087857,79.20183309271964,1
synthetic_A#11317,1,Botnet,test_attack,2558.1497407168135,63.95374351792034,1
synthetic_A#11318,1,Botnet,test_attack,2522.247256618915,63.05618141547287,1
synthetic_A#11319,1,Botnet,test_attack,2715.9736394442066,67.89934098610516,1
synthetic_A#11320,1,Botnet,test_attack,2824.122699149977,70.60306747874942,1
synthetic_A#11321,1,Botnet,test_attack,2648.317967264894,66.20794918162235,1
synthetic_A#11322,1,Botnet,test_attack,3112.9107888887847,77.82276972221962,1
synthetic_A#11323,1,Botnet,test_attack,3110.234809757218,77.75587024393045,1
synthetic_A#11324,1,Botnet,test_attack,3181.497990129609,79.53744975324022,1
synthetic_A#11325,1,Botnet,test_attack,2718.156317609735,67.95390794024338,1
synthetic_A#11326,1,Botnet,test_attack,2866.6394641653524,71.6659866041338,1
synthetic_A#11327,1,Botnet,test_attack,3021.455806700301,75.53639516750752,1
synthetic_A#11328,1,Botnet,test_attack,2577.6698210170757,64.4417455254269,1
synthetic_A#11329,1,Botnet,test_attack,2788.2362369580505,69.70590592395126,1
synthetic_A#11330,1,Botnet,test_attack,2990.4782424945697,74.76195606236425,1
synthetic_A#11331,1,Botnet,test_attack,3347.7802340269423,83.69450585067355,1
synthetic_A#11332,1,Botnet,test_attack,3227.5290905362854,80.68822726340713,1
synthetic_A#11333,1,Botnet,test_attack,2820.7215788202275,70.51803947050568,1
synthetic_A#11334,1,Botnet,test_attack,2790.557559951205,69.76393899878012,1
synthetic_A#11335,1,Botnet,test_attack,2806.7771868536747,70.16942967134187,1
synthetic_A#11336,1,Botnet,test_attack,2636.552518675638,65.91381296689096,1
synthetic_A#11337,1,Botnet,test_attack,2971.6933727179558,74.2923343179489,1
synthetic_A#11338,1,Botnet,test_attack,2386.035594229256,59.65088985573139,1
synthetic_A#11339,1,Botnet,test_attack,2740.683660512861,68.51709151282152,1
synthetic_A#11340,1,Botnet,test_attack,2916.6466379377603,72.916165948444,1
synthetic_A#11341,1,Botnet,test_attack,2785.960821753027,69.64902054382569,1
synthetic_A#11342,1,Botnet,test_attack,2619.230351009316,65.4807587752329,1
synthetic_A#11343,1,Botnet,test_attack,3202.953829696857,80.07384574242143,1
synthetic_A#11344,1,Botnet,test_attack,3026.0552878660756,75.6513821966519,1
synthetic_A#11345,1,Botnet,test_attack,2978.7048761490323,74.46762190372581,1
synthetic_A#11346,1,Botnet,test_attack,2411.9199920726323,60.297999801815806,1
synthetic_A#11347,1,Botnet,test_attack,2724.09009294557,68.10225232363925,1
synthetic_A#11348,1,Botnet,test_attack,2944.2922105909793,73.60730526477448,1
synthetic_A#11349,1,Botnet,test_attack,2620.6439267019678,65.51609816754919,1
synthetic_A#11350,1,Botnet,test_attack,2610.6600042016753,65.26650010504189,1
synthetic_A#11351,1,Botnet,test_attack,2476.8074520104633,61.920186300261584,1
synthetic_A#11352,1,Botnet,test_attack,2654.1833829216803,66.354584573042,1
synthetic_A#11353,1,Botnet,test_attack,2885.161925319818,72.12904813299545,1
synthetic_A#11354,1,Botnet,test_attack,2842.716900041876,71.06792250104691,1
synthetic_A#11355,1,Botnet,test_attack,2541.435328060383,63.53588320150958,1
synthetic_A#11356,1,Botnet,test_attack,2278.557189709917,56.96392974274793,1
synthetic_A#11357,1,Botnet,test_attack,2814.538555307951,70.36346388269877,1
synthetic_A#11358,1,Botnet,test_attack,3254.1226604459293,81.35306651114823,1
synthetic_A#11359,1,Botnet,test_attack,2610.843585518946,65.27108963797365,1
synthetic_A#11360,1,Botnet,test_attack,2702.8561814305017,67.57140453576254,1
synthetic_A#11361,1,Botnet,test_attack,3545.8593163224878,88.6464829080622,1
synthetic_A#11362,1,Botnet,test_attack,2987.383570273361,74.68458925683402,1
synthetic_A#11363,1,Botnet,test_attack,2838.7198192193,70.9679954804825,1
synthetic_A#11364,1,Botnet,test_attack,2959.2185658173835,73.98046414543458,1
synthetic_A#11365,1,Botnet,test_attack,2641.8453762483364,66.04613440620841,1
synthetic_A#11366,1,Botnet,test_attack,2815.127295961095,70.37818239902738,1
synthetic_A#11367,1,Botnet,test_attack,2768.8871394040502,69.22217848510125,1
synthetic_A#11368,1,Botnet,test_attack,2886.9379499965466,72.17344874991366,1
synthetic_A#11369,1,Botnet,test_attack,2659.5025642291253,66.48756410572813,1
synthetic_A#11370,1,Botnet,test_attack,2843.8564140808708,71.09641035202176,1
synthetic_A#11371,1,Botnet,test_attack,2885.809494783258,72.14523736958145,1
synthetic_A#11372,1,Botnet,test_attack,2935.7982482642765,73.3949562066069,1
synthetic_A#11373,1,Botnet,test_attack,2786.9664656249024,69.67416164062256,1
synthetic_A#11374,1,Botnet,test_attack,2808.616132528353,70.21540331320882,1
synthetic_A#11375,1,Botnet,test_attack,2997.4652915974057,74.93663228993515,1
synthetic_A#11376,1,Botnet,test_attack,2638.2656046712605,65.95664011678151,1
synthetic_A#11377,1,Botnet,test_attack,2661.681265384052,66.5420316346013,1
synthetic_A#11378,1,Botnet,test_attack,2726.451534526762,68.16128836316905,1
synthetic_A#11379,1,Botnet,test_attack,3062.1804956483516,76.55451239120879,1
synthetic_A#11380,1,Botnet,test_attack,3007.423456077738,75.18558640194345,1
synthetic_A#11381,1,Botnet,test_attack,2480.86329558514,62.0215823896285,1
synthetic_A#11382,1,Botnet,test_attack,2357.4151765580395,58.93537941395099,1
synthetic_A#11383,1,Botnet,test_attack,2658.527778102855,66.46319445257137,1
synthetic_A#11384,1,Botnet,test_attack,2894.894878418645,72.37237196046613,1
synthetic_A#11385,1,Botnet,test_attack,3463.059225010029,86.57648062525072,1
synthetic_A#11386,1,Botnet,test_attack,2701.764980465162,67.54412451162905,1
synthetic_A#11387,1,Botnet,test_attack,3227.790331675673,80.69475829189182,1
synthetic_A#11388,1,Botnet,test_attack,2410.3909328734007,60.25977332183502,1
synthetic_A#11389,1,Botnet,test_attack,2417.483996275312,60.43709990688281,1
synthetic_A#11390,1,Botnet,test_attack,2750.9704615596756,68.7742615389919,1
synthetic_A#11391,1,Botnet,test_attack,2202.884357992873,55.072108949821825,1
synthetic_A#11392,1,Botnet,test_attack,3037.683099165881,75.94207747914702,1
synthetic_A#11393,1,Botnet,test_attack,2755.059669923579,68.87649174808948,1
synthetic_A#11394,1,Botnet,test_attack,2885.4718448213025,72.13679612053257,1
synthetic_A#11395,1,Botnet,test_attack,2502.037867998276,62.550946699956896,1
synthetic_A#11396,1,Botnet,test_attack,140.37162692422066,3.5092906731055167,1
synthetic_A#11397,1,Botnet,test_attack,2666.059937010528,66.6514984252632,1
synthetic_A#11398,1,Botnet,test_attack,2784.154361352635,69.60385903381588,1
synthetic_A#11399,1,Botnet,test_attack,2532.087044148372,63.3021761037093,1
synthetic_A#11400,1,Botnet,test_attack,3120.622426688421,78.01556066721052,1
synthetic_A#11401,1,Botnet,test_attack,2760.797809817638,69.01994524544095,1
synthetic_A#11402,1,Botnet,test_attack,2592.305533046413,64.80763832616033,1
synthetic_A#11403,1,Botnet,test_attack,2788.0864270931224,69.70216067732807,1
synthetic_A#11404,1,Botnet,test_attack,2420.92266474816,60.523066618704,1
synthetic_A#11405,1,Botnet,test_attack,2720.912226062846,68.02280565157115,1
synthetic_A#11406,1,Botnet,test_attack,3324.68505719976,83.117126429994,1
synthetic_A#11407,1,Botnet,test_attack,2700.887467917391,67.52218669793477,1
synthetic_A#11408,1,Botnet,test_attack,2378.3770137135325,59.459425342838315,1
synthetic_A#11409,1,Botnet,test_attack,3499.664505499574,87.49161263748934,1
synthetic_A#11410,1,Botnet,test_attack,2719.037627744761,67.97594069361902,1
synthetic_A#11411,1,Botnet,test_attack,2749.148530697731,68.72871326744328,1
synthetic_A#11412,1,Botnet,test_attack,3077.394553557323,76.93486383893307,1
synthetic_A#11413,1,Botnet,test_attack,2884.3253243712575,72.10813310928144,1
synthetic_A#11414,1,Botnet,test_attack,3072.7852349545874,76.81963087386468,1
synthetic_A#11415,1,Botnet,test_attack,2828.7387565145955,70.71846891286489,1
synthetic_A#11416,1,Botnet,test_attack,2931.420503424553,73.28551258561382,1
synthetic_A#11417,1,Botnet,test_attack,66.18813020745728,1.654703255186432,1
synthetic_A#11418,1,Botnet,test_attack,2531.518145522903,63.28795363807258,1
synthetic_A#11419,1,Botnet,test_attack,2322.766878337682,58.069171958442055,1
synthetic_A#11420,1,Botnet,test_attack,2605.8958248454715,65.14739562113678,1
synthetic_A#11421,1,Botnet,test_attack,2594.7781135868254,64.86945283967063,1
synthetic_A#11422,1,Botnet,test_attack,2556.681944358599,63.917048608964976,1
synthetic_A#11423,1,Botnet,test_attack,2601.87446299542,65.0468615748855,1
synthetic_A#11424,1,Botnet,test_attack,2760.48677535223,69.01216938380574,1
synthetic_A#11425,1,Botnet,test_attack,2926.7065149681907,73.16766287420477,1
synthetic_A#11426,1,Botnet,test_attack,2183.694073861434,54.59235184653585,1
synthetic_A#11427,1,Botnet,test_attack,2930.0908795910946,73.25227198977737,1
synthetic_A#11428,1,Botnet,test_attack,2864.038454238889,71.60096135597222,1
synthetic_A#11429,1,Botnet,test_attack,2413.8969139180335,60.34742284795084,1
synthetic_A#11430,1,Botnet,test_attack,3083.6733437973094,77.09183359493274,1
synthetic_A#11431,1,Botnet,test_attack,2728.3182538398305,68.20795634599577,1
synthetic_A#11432,1,Botnet,test_attack,2958.389677756947,73.95974194392367,1
synthetic_A#11433,1,Botnet,test_attack,2602.380496671016,65.05951241677539,1
synthetic_A#11434,1,Botnet,test_attack,2624.188089175389,65.60470222938473,1
synthetic_A#11435,1,Botnet,test_attack,3072.6801512796505,76.81700378199126,1
synthetic_A#11436,1,Botnet,test_attack,2771.961442189383,69.29903605473457,1
synthetic_A#11437,1,Botnet,test_attack,2561.757082155544,64.04392705388861,1
synthetic_A#11438,1,Botnet,test_attack,2475.8527461573663,61.89631865393416,1
synthetic_A#11439,1,Botnet,test_attack,2628.1250529248587,65.70312632312147,1
synthetic_A#11440,1,Botnet,test_attack,2490.979793852327,62.27449484630817,1
synthetic_A#11441,1,Botnet,test_attack,2529.109905398086,63.22774763495215,1
synthetic_A#11442,1,Botnet,test_attack,2912.7393399903076,72.81848349975769,1
synthetic_A#11443,1,Botnet,test_attack,3072.97015172819,76.82425379320475,1
synthetic_A#11444,1,Botnet,test_attack,2838.094077021165,70.95235192552913,1
synthetic_A#11445,1,Botnet,test_attack,2756.3702629808704,68.90925657452176,1
synthetic_A#11446,1,Botnet,test_attack,2404.481550674831,60.112038766870775,1
synthetic_A#11447,1,Botnet,test_attack,3801.291037172445,95.03227592931113,1
synthetic_A#11448,1,Botnet,test_attack,3089.0336006280495,77.22584001570124,1
synthetic_A#11449,1,Botnet,test_attack,2718.287936710899,67.95719841777247,1
synthetic_A#11450,1,Botnet,test_attack,3041.23104841788,76.030776210447,1
synthetic_A#11451,1,Botnet,test_attack,3102.890171939817,77.57225429849542,1
synthetic_A#11452,1,Botnet,test_attack,2472.2524410118604,61.80631102529651,1
synthetic_A#11453,1,Botnet,test_attack,2547.5703714157444,63.68925928539361,1
synthetic_A#11454,1,Botnet,test_attack,4248.242943389263,106.20607358473157,1
synthetic_A#11455,1,Botnet,test_attack,2740.1993616018535,68.50498404004634,1
synthetic_A#11456,1,Botnet,test_attack,2833.4408862356195,70.83602215589049,1
synthetic_A#11457,1,Botnet,test_attack,2590.380220602559,64.75950551506398,1
synthetic_A#11458,1,Botnet,test_attack,3162.1114828259742,79.05278707064936,1
synthetic_A#11459,1,Botnet,test_attack,2654.7026297567118,66.3675657439178,1
synthetic_A#11460,1,Botnet,test_attack,2677.6699441323935,66.94174860330983,1
synthetic_A#11461,1,Botnet,test_attack,2825.761044104363,70.64402610260908,1
synthetic_A#11462,1,Botnet,test_attack,2985.2884897061867,74.63221224265467,1
synthetic_A#11463,1,Botnet,test_attack,2713.6723220955164,67.8418080523879,1
synthetic_A#11464,1,Botnet,test_attack,2813.881733114311,70.34704332785778,1
synthetic_A#11465,1,Botnet,test_attack,3110.786744928488,77.7696686232122,1
synthetic_A#11466,1,Botnet,test_attack,2659.8014710740194,66.49503677685048,1
synthetic_A#11467,1,Botnet,test_attack,2678.1537485638096,66.95384371409524,1
synthetic_A#11468,1,Botnet,test_attack,2656.359366970524,66.40898417426311,1
synthetic_A#11469,1,Botnet,test_attack,2793.611884061349,69.84029710153372,1
synthetic_A#11470,1,Botnet,test_attack,2857.7065702614254,71.44266425653564,1
synthetic_A#11471,1,Botnet,test_attack,2653.174085952893,66.32935214882232,1
synthetic_A#11472,1,Botnet,test_attack,3244.8365335791786,81.12091333947947,1
synthetic_A#11473,1,Botnet,test_attack,2604.9711523416954,65.12427880854239,1
synthetic_A#11474,1,Botnet,test_attack,2827.7363719406967,70.69340929851742,1
synthetic_A#11475,1,Botnet,test_attack,3049.24863647306,76.2312159118265,1
synthetic_A#11476,1,Botnet,test_attack,2819.3934348874463,70.48483587218615,1
synthetic_A#11477,1,Botnet,test_attack,2996.6608868976964,74.91652217244241,1
synthetic_A#11478,1,Botnet,test_attack,3050.2144703439567,76.25536175859892,1
synthetic_A#11479,1,Botnet,test_attack,2589.290949727572,64.7322737431893,1
synthetic_A#11480,1,Botnet,test_attack,2756.6842342290433,68.91710585572608,1
synthetic_A#11481,1,Botnet,test_attack,2676.9000498197606,66.92250124549402,1
synthetic_A#11482,1,Botnet,test_attack,2671.276870811427,66.78192177028568,1
synthetic_A#11483,1,Botnet,test_attack,2543.177517497791,63.57943793744478,1
synthetic_A#11484,1,Botnet,test_attack,2364.0169237136192,59.10042309284048,1
synthetic_A#11485,1,Botnet,test_attack,2885.4586781498383,72.13646695374595,1
synthetic_A#11486,1,Botnet,test_attack,3014.412025740998,75.36030064352495,1
synthetic_A#11487,1,Botnet,test_attack,3148.0939915365934,78.70234978841484,1
synthetic_A#11488,1,Botnet,test_attack,2867.6205473342097,71.69051368335525,1
synthetic_A#11489,1,Botnet,test_attack,2228.0452312908437,55.70113078227109,1
synthetic_A#11490,1,Botnet,test_attack,3236.550244047313,80.91375610118283,1
synthetic_A#11491,1,Botnet,test_attack,2727.7535983393736,68.19383995848435,1
synthetic_A#11492,1,Botnet,test_attack,2340.644853038831,58.51612132597078,1
synthetic_A#11493,1,Botnet,test_attack,3070.78650762781,76.76966269069524,1
synthetic_A#11494,1,Botnet,test_attack,2818.9910404178645,70.47477601044662,1
synthetic_A#11495,1,Botnet,test_attack,3202.346983313348,80.0586745828337,1
synthetic_A#11496,1,Botnet,test_attack,3029.3666684498558,75.73416671124639,1
synthetic_A#11497,1,Botnet,test_attack,2471.5618480274766,61.78904620068691,1
synthetic_A#11498,1,Botnet,test_attack,2758.8492655067985,68.97123163766996,1
synthetic_A#11499,1,Botnet,test_attack,2369.7628923233938,59.244072308084846,1
synthetic_A#11500,1,Botnet,test_attack,3086.7189660336967,77.16797415084241,1
synthetic_A#11501,1,Botnet,test_attack,2492.3880999151284,62.309702497878206,1
synthetic_A#11502,1,Botnet,test_attack,2613.1756759210575,65.32939189802644,1
synthetic_A#11503,1,Botnet,test_attack,2779.003591916345,69.47508979790862,1
synthetic_A#11504,1,Botnet,test_attack,3080.437910437928,77.0109477609482,1
synthetic_A#11505,1,Botnet,test_attack,2299.3781753197836,57.48445438299459,1
synthetic_A#11506,1,Botnet,test_attack,2937.8253685829395,73.44563421457349,1
synthetic_A#11507,1,Botnet,test_attack,2665.8074444941117,66.64518611235279,1
synthetic_A#11508,1,Botnet,test_attack,71.61302002619112,1.790325500654778,1
synthetic_A#11509,1,Botnet,test_attack,2614.1151599293216,65.35287899823304,1
synthetic_A#11510,1,Botnet,test_attack,3420.6607211457613,85.51651802864403,1
synthetic_A#11511,1,Botnet,test_attack,2799.530750662479,69.98826876656197,1
synthetic_A#11512,1,Botnet,test_attack,2319.4776597821715,57.98694149455429,1
synthetic_A#11513,1,Botnet,test_attack,2949.4741094670835,73.7368527366771,1
synthetic_A#11514,1,Botnet,test_attack,3032.5671154043675,75.81417788510919,1
synthetic_A#11515,1,Botnet,test_attack,2627.2070001343686,65.68017500335921,1
synthetic_A#11516,1,Botnet,test_attack,2881.227173846713,72.03067934616783,1
synthetic_A#11517,1,Botnet,test_attack,2687.8490323512265,67.19622580878067,1
synthetic_A#11518,1,Botnet,test_attack,2873.381901726274,71.83454754315684,1
synthetic_A#11519,1,Botnet,test_attack,3288.030707718472,82.2007676929618,1
synthetic_A#11520,1,Botnet,test_attack,2519.695445882602,62.992386147065055,1
synthetic_A#11521,1,Botnet,test_attack,3006.6081532773524,75.16520383193381,1
synthetic_A#11522,1,Botnet,test_attack,3035.8983448571325,75.89745862142831,1
synthetic_A#11523,1,Botnet,test_attack,2767.0659336212566,69.17664834053141,1
synthetic_A#11524,1,Botnet,test_attack,68.41629351283267,1.7104073378208167,1
synthetic_A#11525,1,Botnet,test_attack,3212.7265755051476,80.31816438762868,1
synthetic_A#11526,1,Botnet,test_attack,3131.911620274907,78.29779050687267,1
synthetic_A#11527,1,Botnet,test_attack,2880.6289117128117,72.0157227928203,1
synthetic_A#11528,1,Botnet,test_attack,2918.8932588077905,72.97233147019476,1
synthetic_A#11529,1,Botnet,test_attack,2564.701344450802,64.11753361127005,1
synthetic_A#11530,1,Botnet,test_attack,2874.1423639336417,71.85355909834104,1
synthetic_A#11531,1,Botnet,test_attack,2228.1977684427807,55.70494421106952,1
synthetic_A#11532,1,Botnet,test_attack,2420.6258503113513,60.515646257783786,1
synthetic_A#11533,1,Botnet,test_attack,2665.1135109103266,66.62783777275817,1
synthetic_A#11534,1,Botnet,test_attack,2946.9696214189908,73.67424053547477,1
synthetic_A#11535,1,Botnet,test_attack,3263.1730460724884,81.57932615181221,1
synthetic_A#11536,1,Botnet,test_attack,2746.6558830538934,68.66639707634734,1
synthetic_A#11537,1,Botnet,test_attack,78.80646764894425,1.9701616912236062,1
synthetic_A#11538,1,Botnet,test_attack,2684.721529573961,67.11803823934903,1
synthetic_A#11539,1,Botnet,test_attack,2972.2865381213182,74.30716345303296,1
synthetic_A#11540,1,Botnet,test_attack,3020.420977942487,75.51052444856217,1
synthetic_A#11541,1,Botnet,test_attack,2407.791962868586,60.19479907171465,1
synthetic_A#11542,1,Botnet,test_attack,3048.105482402095,76.20263706005237,1
synthetic_A#11543,1,Botnet,test_attack,2848.3340894929383,71.20835223732345,1
synthetic_A#11544,1,Botnet,test_attack,2376.7366382555538,59.41841595638884,1
synthetic_A#11545,1,Botnet,test_attack,2599.878124304483,64.99695310761209,1
synthetic_A#11546,1,Botnet,test_attack,3095.590260717586,77.38975651793965,1
synthetic_A#11547,1,Botnet,test_attack,2882.0903483125167,72.05225870781291,1
synthetic_A#11548,1,Botnet,test_attack,2836.1533343885517,70.90383335971379,1
synthetic_A#11549,1,Botnet,test_attack,3132.666757376638,78.31666893441596,1
synthetic_A#11550,1,Botnet,test_attack,2702.8907937008616,67.57226984252154,1
synthetic_A#11551,1,Botnet,test_attack,2229.503958610801,55.737598965270024,1
synthetic_A#11552,1,Botnet,test_attack,3123.8047826728935,78.09511956682233,1
synthetic_A#11553,1,Botnet,test_attack,2035.6665168261432,50.89166292065358,1
synthetic_A#11554,1,Botnet,test_attack,2262.4358407355526,56.56089601838882,1
synthetic_A#11555,1,Botnet,test_attack,2692.1422963023447,67.30355740755861,1
synthetic_A#11556,1,Botnet,test_attack,3026.705531693491,75.66763829233727,1
synthetic_A#11557,1,Botnet,test_attack,2957.193382225662,73.92983455564155,1
synthetic_A#11558,1,Botnet,test_attack,2574.4895213528066,64.36223803382016,1
synthetic_A#11559,1,Botnet,test_attack,3673.759240481115,91.84398101202787,1
synthetic_A#11560,1,Botnet,test_attack,2799.3284135138747,69.98321033784687,1
synthetic_A#11561,1,Botnet,test_attack,3026.441789884664,75.6610447471166,1
synthetic_A#11562,1,Botnet,test_attack,2813.716877044042,70.34292192610106,1
synthetic_A#11563,1,Botnet,test_attack,2636.353678592047,65.90884196480117,1
synthetic_A#11564,1,Botnet,test_attack,2474.075297637572,61.8518824409393,1
synthetic_A#11565,1,Botnet,test_attack,2516.43501843533,62.910875460883254,1
synthetic_A#11566,1,Botnet,test_attack,3016.279515667826,75.40698789169565,1
synthetic_A#11567,1,Botnet,test_attack,2378.6552061613957,59.466380154034894,1
synthetic_A#11568,1,Botnet,test_attack,2897.2766363698265,72.43191590924566,1
synthetic_A#11569,1,Botnet,test_attack,2679.545066878458,66.98862667196144,1
synthetic_A#11570,1,Botnet,test_attack,2441.0774587868245,61.026936469670616,1
synthetic_A#11571,1,Botnet,test_attack,2413.260012550821,60.331500313770526,1
synthetic_A#11572,1,Botnet,test_attack,2638.6090039794617,65.96522509948655,1
synthetic_A#11573,1,Botnet,test_attack,2827.8876593615287,70.69719148403821,1
synthetic_A#11574,1,Botnet,test_attack,2819.313834088686,70.48284585221714,1
synthetic_A#11575,1,Botnet,test_attack,2543.43241592819,63.58581039820475,1
synthetic_A#11576,1,Botnet,test_attack,3035.1757272615446,75.87939318153862,1
synthetic_A#11577,1,Botnet,test_attack,2439.9497758672987,60.99874439668247,1
synthetic_A#11578,1,Botnet,test_attack,3270.430475079377,81.76076187698443,1
synthetic_A#11579,1,Botnet,test_attack,2979.2079183729347,74.48019795932336,1
synthetic_A#11580,1,Botnet,test_attack,2881.87375612951,72.04684390323776,1
synthetic_A#11581,1,Botnet,test_attack,2633.2315175521203,65.83078793880301,1
synthetic_A#11582,1,Botnet,test_attack,2695.4700017243863,67.38675004310966,1
synthetic_A#11583,1,Botnet,test_attack,2375.558151179442,59.38895377948605,1
synthetic_A#11584,1,Botnet,test_attack,3020.6150789384465,75.51537697346116,1
synthetic_A#11585,1,Botnet,test_attack,3111.036662329147,77.77591655822867,1
synthetic_A#11586,1,Botnet,test_attack,2810.2207500868585,70.25551875217147,1
synthetic_A#11587,1,Botnet,test_attack,2868.6728054821874,71.71682013705468,1
synthetic_A#11588,1,Botnet,test_attack,2734.5737503503174,68.36434375875794,1
synthetic_A#11589,1,Botnet,test_attack,3098.1919514268716,77.45479878567178,1
synthetic_A#11590,1,Botnet,test_attack,2113.318133168005,52.83295332920012,1
synthetic_A#11591,1,Botnet,test_attack,2795.511726859588,69.8877931714897,1
synthetic_A#11592,1,Botnet,test_attack,2882.7864142781964,72.06966035695491,1
synthetic_A#11593,1,Botnet,test_attack,2079.4419025180396,51.986047562950986,1
synthetic_A#11594,1,Botnet,test_attack,2623.0204535356206,65.57551133839051,1
synthetic_A#11595,1,Botnet,test_attack,2627.835208724257,65.69588021810642,1
synthetic_A#11596,1,Botnet,test_attack,3027.317311957486,75.68293279893714,1
synthetic_A#11597,1,Botnet,test_attack,2785.367854208792,69.6341963552198,1
synthetic_A#11598,1,Botnet,test_attack,2924.321639286988,73.1080409821747,1
synthetic_A#11599,1,Botnet,test_attack,2816.202080470081,70.40505201175202,1
synthetic_A#11600,1,Botnet,test_attack,3238.522015792325,80.96305039480812,1
synthetic_A#11601,1,Botnet,test_attack,3104.328590043325,77.60821475108312,1
synthetic_A#11602,1,Botnet,test_attack,2905.20890458218,72.6302226145545,1
synthetic_A#11603,1,Botnet,test_attack,2787.6403623249266,69.69100905812317,1
synthetic_A#11604,1,Botnet,test_attack,2357.765058691991,58.94412646729977,1
synthetic_A#11605,1,Botnet,test_attack,2619.1591466593945,65.47897866648486,1
synthetic_A#11606,1,Botnet,test_attack,2724.1352560535556,68.1033814013389,1
synthetic_A#11607,1,Botnet,test_attack,2863.6942390084832,71.59235597521209,1
synthetic_A#11608,1,Botnet,test_attack,2536.068797668848,63.401719941721204,1
synthetic_A#11609,1,Botnet,test_attack,2820.950742255859,70.52376855639648,1
synthetic_A#11610,1,Botnet,test_attack,3074.5266283943542,76.86316570985886,1
synthetic_A#11611,1,Botnet,test_attack,2820.9233990491334,70.52308497622833,1
synthetic_A#11612,1,Botnet,test_attack,2725.7688193660742,68.14422048415186,1
synthetic_A#11613,1,Botnet,test_attack,2577.3923268345907,64.43480817086477,1
synthetic_A#11614,1,Botnet,test_attack,2958.0838639881963,73.9520965997049,1
synthetic_A#11615,1,Botnet,test_attack,2939.406637199185,73.48516592997962,1
synthetic_A#11616,1,Botnet,test_attack,2724.9171064838215,68.12292766209553,1
synthetic_A#11617,1,Botnet,test_attack,2481.1359387746616,62.028398469366536,1
synthetic_A#11618,1,Botnet,test_attack,2922.1852122899827,73.05463030724957,1
synthetic_A#11619,1,Botnet,test_attack,3067.000348725077,76.67500871812692,1
synthetic_A#11620,1,Botnet,test_attack,2615.058728132007,65.37646820330018,1
synthetic_A#11621,1,Botnet,test_attack,2995.9485533038996,74.8987138325975,1
synthetic_A#11622,1,Botnet,test_attack,2208.965851810749,55.224146295268724,1
synthetic_A#11623,1,Botnet,test_attack,2474.217210652896,61.8554302663224,1
synthetic_A#11624,1,Botnet,test_attack,2626.08512383018,65.65212809575449,1
synthetic_A#11625,1,Botnet,test_attack,2824.186399942279,70.60465999855697,1
synthetic_A#11626,1,Botnet,test_attack,3335.519469378086,83.38798673445214,1
synthetic_A#11627,1,Botnet,test_attack,3353.6607747224184,83.84151936806046,1
synthetic_A#11628,1,Botnet,test_attack,2700.911556878272,67.5227889219568,1
synthetic_A#11629,1,Botnet,test_attack,3196.5803395529874,79.91450848882468,1
synthetic_A#11630,1,Botnet,test_attack,3021.726574931945,75.54316437329862,1
synthetic_A#11631,1,Botnet,test_attack,2957.3098835449596,73.93274708862398,1
synthetic_A#11632,1,Botnet,test_attack,2915.890576837037,72.89726442092592,1
synthetic_A#11633,1,Botnet,test_attack,2830.517179551534,70.76292948878834,1
synthetic_A#11634,1,Botnet,test_attack,2942.82781782607,73.57069544565175,1
synthetic_A#11635,1,Botnet,test_attack,2602.5850040154755,65.06462510038689,1
synthetic_A#11636,1,Botnet,test_attack,2978.1107403969672,74.45276850992418,1
synthetic_A#11637,1,Botnet,test_attack,2446.7704470703275,61.169261176758184,1
synthetic_A#11638,1,Botnet,test_attack,3096.1083350448052,77.40270837612013,1
synthetic_A#11639,1,Botnet,test_attack,3291.414925028378,82.28537312570946,1
synthetic_A#11640,1,Botnet,test_attack,3308.9036472039143,82.72259118009785,1
synthetic_A#11641,1,Botnet,test_attack,3505.5693516204897,87.63923379051224,1
synthetic_A#11642,1,Botnet,test_attack,2706.255318282637,67.65638295706592,1
synthetic_A#11643,1,Botnet,test_attack,2737.665873410384,68.4416468352596,1
synthetic_A#11644,1,Botnet,test_attack,2224.802578655044,55.62006446637609,1
synthetic_A#11645,1,Botnet,test_attack,2450.27204242627,61.256801060656755,1
synthetic_A#11646,1,Botnet,test_attack,2943.9408423189666,73.59852105797417,1
synthetic_A#11647,1,Botnet,test_attack,2865.2395204908544,71.63098801227136,1
synthetic_A#11648,1,Botnet,test_attack,2941.994831056914,73.54987077642285,1
synthetic_A#11649,1,Botnet,test_attack,2471.693763335224,61.7923440833806,1
synthetic_A#11650,1,Botnet,test_attack,2878.9102461923803,71.9727561548095,1
synthetic_A#11651,1,Botnet,test_attack,3125.7917455821453,78.14479363955363,1
synthetic_A#11652,1,Botnet,test_attack,3028.811165682877,75.72027914207192,1
synthetic_A#11653,1,Botnet,test_attack,2663.8133126458183,66.59533281614546,1
synthetic_A#11654,1,Botnet,test_attack,2877.3859962720308,71.93464990680077,1
synthetic_A#11655,1,Botnet,test_attack,2164.1053594649507,54.102633986623765,1
synthetic_A#11656,1,Botnet,test_attack,2164.137187708894,54.10342969272235,1
synthetic_A#11657,1,Botnet,test_attack,3100.317399705148,77.5079349926287,1
synthetic_A#11658,1,Botnet,test_attack,2990.867741108455,74.77169352771138,1
synthetic_A#11659,1,Botnet,test_attack,88.08782900869723,2.2021957252174307,1
synthetic_A#11660,1,Botnet,test_attack,3071.4354054743135,76.78588513685784,1
synthetic_A#11661,1,Botnet,test_attack,2969.6544260761616,74.24136065190405,1
synthetic_A#11662,1,Botnet,test_attack,2568.410087914608,64.2102521978652,1
synthetic_A#11663,1,Botnet,test_attack,2931.0530996055677,73.2763274901392,1
synthetic_A#11664,1,Botnet,test_attack,2416.089994434448,60.4022498608612,1
synthetic_A#11665,1,Botnet,test_attack,2824.7340165905653,70.61835041476414,1
synthetic_A#11666,1,Botnet,test_attack,3075.2179663279844,76.88044915819961,1
synthetic_A#11667,1,Botnet,test_attack,2581.312376722904,64.5328094180726,1
synthetic_A#11668,1,Botnet,test_attack,3415.6902109409875,85.39225527352468,1
synthetic_A#11669,1,Botnet,test_attack,2928.1643971088024,73.20410992772005,1
synthetic_A#11670,1,Botnet,test_attack,2732.2672527923814,68.30668131980954,1
synthetic_A#11671,1,Botnet,test_attack,2865.580994621368,71.6395248655342,1
synthetic_A#11672,1,Botnet,test_attack,2626.2320228539247,65.65580057134812,1
synthetic_A#11673,1,Botnet,test_attack,2668.3369437270976,66.70842359317744,1
synthetic_A#11674,1,Botnet,test_attack,2506.0784258955428,62.65196064738857,1
synthetic_A#11675,1,Botnet,test_attack,3031.571888931622,75.78929722329056,1
synthetic_A#11676,1,Botnet,test_attack,3205.304738146174,80.13261845365435,1
synthetic_A#11677,1,Botnet,test_attack,3389.2913601835644,84.7322840045891,1
synthetic_A#11678,1,Botnet,test_attack,2750.8376156573363,68.77094039143341,1
synthetic_A#11679,1,Botnet,test_attack,2523.3370388988483,63.083425972471204,1
synthetic_A#11680,1,Botnet,test_attack,2864.4832141717234,71.61208035429308,1
synthetic_A#11681,1,Botnet,test_attack,2341.002480642278,58.52506201605695,1
synthetic_A#11682,1,Botnet,test_attack,2911.694157619988,72.7923539404997,1
synthetic_A#11683,1,Botnet,test_attack,2450.3148379274403,61.25787094818601,1
synthetic_A#11684,1,Botnet,test_attack,2965.805648477326,74.14514121193315,1
synthetic_A#11685,1,Botnet,test_attack,2415.4880955140675,60.38720238785169,1
synthetic_A#11686,1,Botnet,test_attack,2824.27933191089,70.60698329777225,1
synthetic_A#11687,1,Botnet,test_attack,2956.715178622685,73.91787946556713,1
synthetic_A#11688,1,Botnet,test_attack,2799.986850373118,69.99967125932795,1
synthetic_A#11689,1,Botnet,test_attack,2996.4975873538087,74.91243968384522,1
synthetic_A#11690,1,Botnet,test_attack,2654.0224622012006,66.35056155503001,1
synthetic_A#11691,1,Botnet,test_attack,3021.127188783593,75.52817971958982,1
synthetic_A#11692,1,Botnet,test_attack,3048.2877717927654,76.20719429481913,1
synthetic_A#11693,1,Botnet,test_attack,3198.762439980904,79.96906099952261,1
synthetic_A#11694,1,Botnet,test_attack,2731.7171051155256,68.29292762788813,1
synthetic_A#11695,1,Botnet,test_attack,2522.9500974562056,63.073752436405144,1
synthetic_A#11696,1,Botnet,test_attack,2478.6012645257897,61.965031613144745,1
synthetic_A#11697,1,Botnet,test_attack,2407.5143497376807,60.18785874344202,1
synthetic_A#11698,1,Botnet,test_attack,3227.5777648872718,80.6894441221818,1
synthetic_A#11699,1,Botnet,test_attack,2823.345142666971,70.58362856667426,1
synthetic_A#11700,1,Botnet,test_attack,2731.78213846336,68.294553461584,1
synthetic_A#11701,1,Botnet,test_attack,3510.6627328032037,87.7665683200801,1
synthetic_A#11702,1,Botnet,test_attack,2957.130406250946,73.92826015627365,1
synthetic_A#11703,1,Botnet,test_attack,3080.300116257193,77.00750290642983,1
synthetic_A#11704,1,Botnet,test_attack,2920.106631677507,73.00266579193767,1
synthetic_A#11705,1,Botnet,test_attack,3068.023692943965,76.70059232359912,1
synthetic_A#11706,1,Botnet,test_attack,2754.973917895745,68.87434794739363,1
synthetic_A#11707,1,Botnet,test_attack,2545.1650551761786,63.62912637940447,1
synthetic_A#11708,1,Botnet,test_attack,2679.610984761966,66.99027461904915,1
synthetic_A#11709,1,Botnet,test_attack,3137.632751569133,78.44081878922832,1
synthetic_A#11710,1,Botnet,test_attack,2128.645317985098,53.21613294962744,1
synthetic_A#11711,1,Botnet,test_attack,635.6884164061178,15.892210410152945,1
synthetic_A#11712,1,Botnet,test_attack,2622.4537671206863,65.56134417801715,1
synthetic_A#11713,1,Botnet,test_attack,2579.530109895825,64.48825274739562,1
synthetic_A#11714,1,Botnet,test_attack,3375.7189746204226,84.39297436551057,1
synthetic_A#11715,1,Botnet,test_attack,2650.511396777233,66.26278491943083,1
synthetic_A#11716,1,Botnet,test_attack,2897.0650314516147,72.42662578629037,1
synthetic_A#11717,1,Botnet,test_attack,2535.745055502382,63.39362638755955,1
synthetic_A#11718,1,Botnet,test_attack,2791.5811794273536,69.78952948568384,1
synthetic_A#11719,1,Botnet,test_attack,2529.7874088449284,63.24468522112321,1
synthetic_A#11720,1,Botnet,test_attack,2634.898040686878,65.87245101717195,1
synthetic_A#11721,1,Botnet,test_attack,2398.809997589078,59.970249939726955,1
synthetic_A#11722,1,Botnet,test_attack,2556.1542220964507,63.903855552411265,1
synthetic_A#11723,1,Botnet,test_attack,2571.89124943847,64.29728123596175,1
synthetic_A#11724,1,Botnet,test_attack,2664.9444928342045,66.62361232085512,1
synthetic_A#11725,1,Botnet,test_attack,2811.106563279588,70.2776640819897,1
synthetic_A#11726,1,Botnet,test_attack,2944.0268795640077,73.60067198910019,1
synthetic_A#11727,1,Botnet,test_attack,2508.2755096043475,62.706887740108684,1
synthetic_A#11728,1,Botnet,test_attack,2814.0874232134056,70.35218558033515,1
synthetic_A#11729,1,Botnet,test_attack,2747.950500775959,68.69876251939897,1
synthetic_A#11730,1,Botnet,test_attack,2994.2560186735054,74.85640046683764,1
synthetic_A#11731,1,Botnet,test_attack,2639.821604688269,65.99554011720673,1
synthetic_A#11732,1,Botnet,test_attack,3282.9940630483807,82.07485157620951,1
synthetic_A#11733,1,Botnet,test_attack,2856.811258097121,71.42028145242803,1
synthetic_A#11734,1,Botnet,test_attack,2714.209270571206,67.85523176428015,1
synthetic_A#11735,1,Botnet,test_attack,2751.667447587271,68.79168618968177,1
synthetic_A#11736,1,Botnet,test_attack,2779.7623816677738,69.49405954169434,1
synthetic_A#11737,1,Botnet,test_attack,2853.0907284286,71.327268210715,1
synthetic_A#11738,1,Botnet,test_attack,2465.8238793443406,61.64559698360851,1
synthetic_A#11739,1,Botnet,test_attack,2953.78624096443,73.84465602411075,1
synthetic_A#11740,1,Botnet,test_attack,2998.111997577336,74.95279993943339,1
synthetic_A#11741,1,Botnet,test_attack,2813.4728147799365,70.33682036949841,1
synthetic_A#11742,1,Botnet,test_attack,2502.413733606825,62.56034334017063,1
synthetic_A#11743,1,Botnet,test_attack,3882.1350178479142,97.05337544619786,1
synthetic_A#11744,1,Botnet,test_attack,2472.425919827788,61.81064799569471,1
synthetic_A#11745,1,Botnet,test_attack,3129.9149565649627,78.24787391412407,1
synthetic_A#11746,1,Botnet,test_attack,2813.59639820252,70.339909955063,1
synthetic_A#11747,1,Botnet,test_attack,2632.6838343232334,65.81709585808083,1
synthetic_A#11748,1,Botnet,test_attack,3325.9011835498613,83.14752958874654,1
synthetic_A#11749,1,Botnet,test_attack,2569.3316777945756,64.23329194486439,1
synthetic_A#11750,1,Botnet,test_attack,2736.7990617548967,68.41997654387242,1
synthetic_A#11751,1,Botnet,test_attack,2656.609234212816,66.4152308553204,1
synthetic_A#11752,1,Botnet,test_attack,3227.8912577911788,80.69728144477946,1
synthetic_A#11753,1,Botnet,test_attack,2460.173017663271,61.50432544158177,1
synthetic_A#11754,1,Botnet,test_attack,2959.246596708721,73.98116491771802,1
synthetic_A#11755,1,Botnet,test_attack,2816.447664448645,70.41119161121613,1
synthetic_A#11756,1,Botnet,test_attack,2620.528652619449,65.51321631548623,1
synthetic_A#11757,1,Botnet,test_attack,2618.7668230805625,65.46917057701407,1
synthetic_A#11758,1,Botnet,test_attack,2967.6896714088107,74.19224178522026,1
synthetic_A#11759,1,Botnet,test_attack,2674.785946844376,66.8696486711094,1
synthetic_A#11760,1,Botnet,test_attack,3390.890733465787,84.77226833664467,1
synthetic_A#11761,1,Botnet,test_attack,2622.806120642801,65.57015301607002,1
synthetic_A#11762,1,Botnet,test_attack,2761.149806361481,69.02874515903702,1
synthetic_A#11763,1,Botnet,test_attack,2466.407427631298,61.660185690782455,1
synthetic_A#11764,1,Botnet,test_attack,2348.70703592665,58.71767589816625,1
synthetic_A#11765,1,Botnet,test_attack,3021.4864798248864,75.53716199562216,1
synthetic_A#11766,1,Botnet,test_attack,2965.240735983816,74.1310183995954,1
synthetic_A#11767,1,Botnet,test_attack,2862.0287847863815,71.55071961965953,1
synthetic_A#11768,1,Botnet,test_attack,2799.9476858373996,69.998692145935,1
synthetic_A#11769,1,Botnet,test_attack,2787.951970395924,69.6987992598981,1
synthetic_A#11770,1,Botnet,test_attack,3369.7729229905435,84.24432307476359,1
synthetic_A#11771,1,Botnet,test_attack,3002.7590734453356,75.06897683613339,1
synthetic_A#11772,1,Botnet,test_attack,2660.4251524303095,66.51062881075774,1
synthetic_A#11773,1,Botnet,test_attack,3049.6501815676484,76.2412545391912,1
synthetic_A#11774,1,Botnet,test_attack,2588.8725810417873,64.72181452604468,1
synthetic_A#11775,1,Botnet,test_attack,2838.1725426149255,70.95431356537314,1
synthetic_A#11776,1,Botnet,test_attack,2842.413883662684,71.0603470915671,1
synthetic_A#11777,1,Botnet,test_attack,2648.3892460568854,66.20973115142213,1
synthetic_A#11778,1,Botnet,test_attack,2920.08399954368,73.002099988592,1
synthetic_A#11779,1,Botnet,test_attack,2435.705159642075,60.89262899105188,1
synthetic_A#11780,1,Botnet,test_attack,3266.1536302421273,81.65384075605319,1
synthetic_A#11781,1,Botnet,test_attack,2733.3049862577095,68.33262465644273,1
synthetic_A#11782,1,Botnet,test_attack,2965.458192654375,74.13645481635938,1
synthetic_A#11783,1,Botnet,test_attack,2651.0145676799193,66.27536419199798,1
synthetic_A#11784,1,Botnet,test_attack,2740.162952232422,68.50407380581055,1
synthetic_A#11785,1,Botnet,test_attack,2532.232023457814,63.30580058644536,1
synthetic_A#11786,1,Botnet,test_attack,3527.348652460466,88.18371631151165,1
synthetic_A#11787,1,Botnet,test_attack,2508.7111649706726,62.71777912426681,1
synthetic_A#11788,1,Botnet,test_attack,3288.804434945676,82.2201108736419,1
synthetic_A#11789,1,Botnet,test_attack,2475.4995628532192,61.88748907133048,1
synthetic_A#11790,1,Botnet,test_attack,2529.669756018589,63.241743900464726,1
synthetic_A#11791,1,Botnet,test_attack,2837.9983983173834,70.94995995793458,1
synthetic_A#11792,1,Botnet,test_attack,2568.5380396563623,64.21345099140906,1
synthetic_A#11793,1,Botnet,test_attack,2815.140996817807,70.37852492044517,1
synthetic_A#11794,1,Botnet,test_attack,2431.821726288176,60.79554315720439,1
synthetic_A#11795,1,Botnet,test_attack,2786.7718027579745,69.66929506894937,1
synthetic_A#11796,1,Botnet,test_attack,2711.798641578485,67.79496603946212,1
synthetic_A#11797,1,Botnet,test_attack,2792.31379319049,69.80784482976225,1
synthetic_A#11798,1,Botnet,test_attack,2863.313341034418,71.58283352586045,1
synthetic_A#11799,1,Botnet,test_attack,2526.5892661754515,63.16473165438629,1
synthetic_A#11800,1,Botnet,test_attack,3250.2515867849347,81.25628966962337,1
synthetic_A#11801,1,Botnet,test_attack,2811.4504689583646,70.28626172395911,1
synthetic_A#11802,1,Botnet,test_attack,2643.6991197612233,66.09247799403059,1
synthetic_A#11803,1,Botnet,test_attack,2784.787805294851,69.61969513237128,1
synthetic_A#11804,1,Botnet,test_attack,3769.786755238893,94.24466888097233,1
synthetic_A#11805,1,Botnet,test_attack,3138.6498931458154,78.46624732864538,1
synthetic_A#11806,1,Botnet,test_attack,2500.127587482353,62.50318968705883,1
synthetic_A#11807,1,Botnet,test_attack,2673.0168858444995,66.82542214611249,1
synthetic_A#11808,1,Botnet,test_attack,3151.8930012736,78.79732503184,1
synthetic_A#11809,1,Botnet,test_attack,2684.4301493088824,67.11075373272206,1
synthetic_A#11810,1,Botnet,test_attack,3106.581008717388,77.66452521793471,1
synthetic_A#11811,1,Botnet,test_attack,2606.9892303876168,65.17473075969042,1
synthetic_A#11812,1,Botnet,test_attack,2619.7344706884337,65.49336176721084,1
synthetic_A#11813,1,Botnet,test_attack,2881.091042909035,72.02727607272587,1
synthetic_A#11814,1,Botnet,test_attack,3177.566476191927,79.43916190479817,1
synthetic_A#11815,1,Botnet,test_attack,3040.414821489919,76.01037053724798,1
synthetic_A#11816,1,Botnet,test_attack,2573.0193286407693,64.32548321601924,1
synthetic_A#11817,1,Botnet,test_attack,3010.198014432698,75.25495036081745,1
synthetic_A#11818,1,Botnet,test_attack,2874.7282431392996,71.86820607848249,1
synthetic_A#11819,1,Botnet,test_attack,2635.9030419003534,65.89757604750884,1
synthetic_A#11820,1,Botnet,test_attack,2675.512039252404,66.88780098131011,1
synthetic_A#11821,1,Botnet,test_attack,2512.0413395585783,62.80103348896446,1
synthetic_A#11822,1,Botnet,test_attack,2726.9890566705676,68.17472641676419,1
synthetic_A#11823,1,Botnet,test_attack,2644.508075300738,66.11270188251845,1
synthetic_A#11824,1,Botnet,test_attack,2456.8287987558365,61.42071996889591,1
synthetic_A#11825,1,Botnet,test_attack,3061.348762721167,76.53371906802917,1
synthetic_A#11826,1,Botnet,test_attack,2469.286578610668,61.732164465266706,1
synthetic_A#11827,1,Botnet,test_attack,2398.5572648737557,59.96393162184389,1
synthetic_A#11828,1,Botnet,test_attack,2724.8481490547206,68.12120372636801,1
synthetic_A#11829,1,Botnet,test_attack,2723.1640311891524,68.0791007797288,1
synthetic_A#11830,1,Botnet,test_attack,2318.1163688753722,57.952909221884305,1
synthetic_A#11831,1,Botnet,test_attack,2131.71618054028,53.292904513507004,1
synthetic_A#11832,1,Botnet,test_attack,3017.3951483843102,75.43487870960776,1
synthetic_A#11833,1,Botnet,test_attack,3080.930511979184,77.0232627994796,1
synthetic_A#11834,1,Botnet,test_attack,2456.1954806550675,61.40488701637669,1
synthetic_A#11835,1,Botnet,test_attack,2615.3151684032405,65.38287921008101,1
synthetic_A#11836,1,Botnet,test_attack,2564.2743767143934,64.10685941785984,1
synthetic_A#11837,1,Botnet,test_attack,2960.8537834466415,74.02134458616604,1
synthetic_A#11838,1,Botnet,test_attack,2768.491098741558,69.21227746853894,1
synthetic_A#11839,1,Botnet,test_attack,2631.9447326847076,65.79861831711769,1
synthetic_A#11840,1,Botnet,test_attack,2675.5490458028003,66.88872614507001,1
synthetic_A#11841,1,Botnet,test_attack,3126.0397662883347,78.15099415720837,1
synthetic_A#11842,1,Botnet,test_attack,2280.80611125574,57.02015278139349,1
synthetic_A#11843,1,Botnet,test_attack,2770.30109515127,69.25752737878176,1
synthetic_A#11844,1,Botnet,test_attack,2715.6756315196403,67.891890787991,1
synthetic_A#11845,1,Botnet,test_attack,3197.030852810183,79.92577132025458,1
synthetic_A#11846,1,Botnet,test_attack,2255.8801634418137,56.39700408604534,1
synthetic_A#11847,1,Botnet,test_attack,3024.4960861688014,75.61240215422004,1
synthetic_A#11848,1,Botnet,test_attack,2485.215482223758,62.13038705559395,1
synthetic_A#11849,1,Botnet,test_attack,3169.9595166891786,79.24898791722947,1
synthetic_A#11850,1,Botnet,test_attack,2818.6352035431423,70.46588008857856,1
synthetic_A#11851,1,Botnet,test_attack,2809.762357555614,70.24405893889035,1
synthetic_A#11852,1,Botnet,test_attack,3658.2461750128296,91.45615437532074,1
synthetic_A#11853,1,Botnet,test_attack,2773.4675440595643,69.3366886014891,1
synthetic_A#11854,1,Botnet,test_attack,2660.6345258720844,66.5158631468021,1
synthetic_A#11855,1,Botnet,test_attack,2834.6570731201264,70.86642682800316,1
synthetic_A#11856,1,Botnet,test_attack,2819.3902393648,70.48475598412,1
synthetic_A#11857,1,Botnet,test_attack,2509.6259580325795,62.74064895081449,1
synthetic_A#11858,1,Botnet,test_attack,2599.3706899620956,64.9842672490524,1
synthetic_A#11859,1,Botnet,test_attack,2507.4032380608114,62.685080951520284,1
synthetic_A#11860,1,Botnet,test_attack,2887.969932281534,72.19924830703835,1
synthetic_A#11861,1,Botnet,test_attack,2841.032142885897,71.02580357214742,1
synthetic_A#11862,1,Botnet,test_attack,2854.6957214055055,71.36739303513764,1
synthetic_A#11863,1,Botnet,test_attack,2934.9568311331086,73.37392077832772,1
synthetic_A#11864,1,Botnet,test_attack,2707.1406088765275,67.67851522191319,1
synthetic_A#11865,1,Botnet,test_attack,2386.5258699767774,59.66314674941943,1
synthetic_A#11866,1,Botnet,test_attack,3129.2765913391936,78.23191478347984,1
synthetic_A#11867,1,Botnet,test_attack,2790.3588920733278,69.7589723018332,1
synthetic_A#11868,1,Botnet,test_attack,3005.357945086862,75.13394862717155,1
synthetic_A#11869,1,Botnet,test_attack,2694.4982840212556,67.36245710053139,1
synthetic_A#11870,1,Botnet,test_attack,2750.9287635977444,68.77321908994361,1
synthetic_A#11871,1,Botnet,test_attack,65.21101660516678,1.6302754151291694,1
synthetic_A#11872,1,Botnet,test_attack,2529.4492149755124,63.23623037438781,1
synthetic_A#11873,1,Botnet,test_attack,2872.2201801648416,71.80550450412105,1
synthetic_A#11874,1,Botnet,test_attack,2797.7815524581333,69.94453881145333,1
synthetic_A#11875,1,Botnet,test_attack,4270.31177532047,106.75779438301174,1
synthetic_A#11876,1,Botnet,test_attack,76.39948171120442,1.9099870427801104,1
synthetic_A#11877,1,Botnet,test_attack,2630.132834113855,65.75332085284637,1
synthetic_A#11878,1,Botnet,test_attack,2315.5436091285605,57.888590228214014,1
synthetic_A#11879,1,Botnet,test_attack,2938.9138730580166,73.47284682645042,1
synthetic_A#11880,1,Botnet,test_attack,2428.287579363582,60.707189484089554,1
synthetic_A#11881,1,Botnet,test_attack,2387.812588601334,59.69531471503335,1
synthetic_A#11882,1,Botnet,test_attack,2645.2027389223526,66.13006847305881,1
synthetic_A#11883,1,Botnet,test_attack,2660.431232575065,66.51078081437663,1
synthetic_A#11884,1,Botnet,test_attack,2741.6814566806715,68.54203641701679,1
synthetic_A#11885,1,Botnet,test_attack,2795.087115124967,69.87717787812417,1
synthetic_A#11886,1,Botnet,test_attack,2697.374196961003,67.43435492402507,1
synthetic_A#11887,1,Botnet,test_attack,3012.1645565161894,75.30411391290474,1
synthetic_A#11888,1,Botnet,test_attack,2777.0152837673472,69.42538209418368,1
synthetic_A#11889,1,Botnet,test_attack,2713.703821419258,67.84259553548145,1
synthetic_A#11890,1,Botnet,test_attack,2939.6998786710815,73.49249696677704,1
synthetic_A#11891,1,Botnet,test_attack,2919.6079890879905,72.99019972719977,1
synthetic_A#11892,1,Botnet,test_attack,2786.0515263000916,69.6512881575023,1
synthetic_A#11893,1,Botnet,test_attack,2956.6824100822746,73.91706025205687,1
synthetic_A#11894,1,Botnet,test_attack,2916.2705398848702,72.90676349712176,1
synthetic_A#11895,1,Botnet,test_attack,3094.6575449322854,77.36643862330713,1
synthetic_A#11896,1,Botnet,test_attack,2601.6135453083584,65.04033863270897,1
synthetic_A#11897,1,Botnet,test_attack,3468.824901968348,86.7206225492087,1
synthetic_A#11898,1,Botnet,test_attack,2824.128067959951,70.60320169899877,1
synthetic_A#11899,1,Botnet,test_attack,2669.6836690005994,66.74209172501499,1
synthetic_A#11900,1,Botnet,test_attack,2475.901232453638,61.89753081134095,1
synthetic_A#11901,1,Botnet,test_attack,2577.5179505485467,64.43794876371366,1
synthetic_A#11902,1,Botnet,test_attack,2946.3636638669705,73.65909159667426,1
synthetic_A#11903,1,Botnet,test_attack,3596.114860175547,89.90287150438868,1
synthetic_A#11904,1,Botnet,test_attack,3002.084219247952,75.05210548119881,1
synthetic_A#11905,1,Botnet,test_attack,3216.7742687165933,80.41935671791484,1
synthetic_A#11906,1,Botnet,test_attack,3279.749252255483,81.99373130638708,1
synthetic_A#11907,1,Botnet,test_attack,2585.835241358334,64.64588103395835,1
synthetic_A#11908,1,Botnet,test_attack,2780.850607995754,69.52126519989386,1
synthetic_A#11909,1,Botnet,test_attack,3307.5052453343415,82.68763113335854,1
synthetic_A#11910,1,Botnet,test_attack,2829.4593560629764,70.73648390157442,1
synthetic_A#11911,1,Botnet,test_attack,2442.3679733942517,61.059199334856295,1
synthetic_A#11912,1,Botnet,test_attack,2856.618779141664,71.41546947854161,1
synthetic_A#11913,1,Botnet,test_attack,2519.2935343854606,62.982338359636515,1
synthetic_A#11914,1,Botnet,test_attack,3270.3017488879796,81.75754372219949,1
synthetic_A#11915,1,Botnet,test_attack,2739.331006234961,68.48327515587403,1
synthetic_A#11916,1,Botnet,test_attack,2517.422307666181,62.93555769165452,1
synthetic_A#11917,1,Botnet,test_attack,3457.998541974523,86.44996354936308,1
synthetic_A#11918,1,Botnet,test_attack,2701.749613569353,67.54374033923384,1
synthetic_A#11919,1,Botnet,test_attack,2304.1003855737245,57.60250963934311,1
synthetic_A#11920,1,Botnet,test_attack,2886.1397201391233,72.15349300347808,1
synthetic_A#11921,1,Botnet,test_attack,2578.554820536719,64.46387051341797,1
synthetic_A#11922,1,Botnet,test_attack,2997.034809359903,74.92587023399759,1
synthetic_A#11923,1,Botnet,test_attack,2429.945131222073,60.74862828055183,1
synthetic_A#11924,1,Botnet,test_attack,3046.856733268015,76.17141833170038,1
synthetic_A#11925,1,Botnet,test_attack,2706.630289170401,67.66575722926002,1
synthetic_A#11926,1,Botnet,test_attack,2609.318883589426,65.23297208973565,1
synthetic_A#11927,1,Botnet,test_attack,2865.304516103738,71.63261290259345,1
synthetic_A#11928,1,Botnet,test_attack,2413.335633891902,60.33339084729755,1
synthetic_A#11929,1,Botnet,test_attack,2900.990493617037,72.52476234042592,1
synthetic_A#11930,1,Botnet,test_attack,2569.938965282739,64.24847413206848,1
synthetic_A#11931,1,Botnet,test_attack,2231.385662370903,55.78464155927257,1
synthetic_A#11932,1,Botnet,test_attack,3166.3218487938675,79.15804621984668,1
synthetic_A#11933,1,Botnet,test_attack,2580.4243919562023,64.51060979890505,1
synthetic_A#11934,1,Botnet,test_attack,2788.1607440684656,69.70401860171164,1
synthetic_A#11935,1,Botnet,test_attack,2750.892131288461,68.77230328221152,1
synthetic_A#11936,1,Botnet,test_attack,2927.5561996258634,73.18890499064659,1
synthetic_A#11937,1,Botnet,test_attack,2058.471979014283,51.461799475357076,1
synthetic_A#11938,1,Botnet,test_attack,2984.894759879905,74.62236899699762,1
synthetic_A#11939,1,Botnet,test_attack,3042.6433464289057,76.06608366072264,1
synthetic_A#11940,1,Botnet,test_attack,2973.46111329385,74.33652783234625,1
synthetic_A#11941,1,Botnet,test_attack,2606.405317991726,65.16013294979315,1
synthetic_A#11942,1,Botnet,test_attack,2626.482922134328,65.6620730533582,1
synthetic_A#11943,1,Botnet,test_attack,2896.4662504588005,72.41165626147001,1
synthetic_A#11944,1,Botnet,test_attack,2966.160097427737,74.15400243569343,1
synthetic_A#11945,1,Botnet,test_attack,2700.352443480008,67.5088110870002,1
synthetic_A#11946,1,Botnet,test_attack,2930.480572309706,73.26201430774265,1
synthetic_A#11947,1,Botnet,test_attack,2540.994925131008,63.5248731282752,1
synthetic_A#11948,1,Botnet,test_attack,2777.0169008160483,69.42542252040121,1
synthetic_A#11949,1,Botnet,test_attack,3025.378520014558,75.63446300036395,1
synthetic_A#11950,1,Botnet,test_attack,3309.803649442424,82.7450912360606,1
synthetic_A#11951,1,Botnet,test_attack,3130.656372794195,78.26640931985487,1
synthetic_A#11952,1,Botnet,test_attack,3094.363382831775,77.35908457079438,1
synthetic_A#11953,1,Botnet,test_attack,3007.0481039773986,75.17620259943496,1
synthetic_A#11954,1,Botnet,test_attack,2975.343413563445,74.38358533908612,1
synthetic_A#11955,1,Botnet,test_attack,3207.715188698591,80.19287971746478,1
synthetic_A#11956,1,Botnet,test_attack,2514.6303298047915,62.865758245119785,1
synthetic_A#11957,1,Botnet,test_attack,2953.843149577322,73.84607873943305,1
synthetic_A#11958,1,Botnet,test_attack,2343.0565454260973,58.57641363565243,1
synthetic_A#11959,1,Botnet,test_attack,3024.323877384983,75.60809693462457,1
synthetic_A#11960,1,Botnet,test_attack,2524.231141413178,63.105778535329456,1
synthetic_A#11961,1,Botnet,test_attack,2689.827346557193,67.24568366392982,1
synthetic_A#11962,1,Botnet,test_attack,3033.6308563680964,75.8407714092024,1
synthetic_A#11963,1,Botnet,test_attack,3074.0825313844616,76.85206328461155,1
synthetic_A#11964,1,Botnet,test_attack,2868.2619739416878,71.7065493485422,1
synthetic_A#11965,1,Botnet,test_attack,2892.7246959094377,72.31811739773595,1
synthetic_A#11966,1,Botnet,test_attack,2384.7213383076796,59.61803345769199,1
synthetic_A#11967,1,Botnet,test_attack,2441.259089733107,61.03147724332767,1
synthetic_A#11968,1,Botnet,test_attack,2516.406606342602,62.91016515856505,1
synthetic_A#11969,1,Botnet,test_attack,3100.830845068466,77.52077112671165,1
synthetic_A#11970,1,Botnet,test_attack,3047.582940938877,76.18957352347192,1
synthetic_A#11971,1,Botnet,test_attack,3015.3494163276546,75.38373540819137,1
synthetic_A#11972,1,Botnet,test_attack,2818.4202400499,70.4605060012475,1
synthetic_A#11973,1,Botnet,test_attack,2621.9163256580073,65.54790814145018,1
synthetic_A#11974,1,Botnet,test_attack,2827.9943316507047,70.69985829126762,1
synthetic_A#11975,1,Botnet,test_attack,2787.6115550454588,69.69028887613646,1
synthetic_A#11976,1,Botnet,test_attack,3451.3640621806453,86.28410155451613,1
synthetic_A#11977,1,Botnet,test_attack,4075.6078806660107,101.89019701665026,1
synthetic_A#11978,1,Botnet,test_attack,3165.6757632868485,79.1418940821712,1
synthetic_A#11979,1,Botnet,test_attack,2451.6980639356134,61.292451598390336,1
synthetic_A#11980,1,Botnet,test_attack,2875.5008815061888,71.88752203765472,1
synthetic_A#11981,1,Botnet,test_attack,2784.7038116055105,69.61759529013776,1
synthetic_A#11982,1,Botnet,test_attack,2776.9880421329553,69.42470105332389,1
synthetic_A#11983,1,Botnet,test_attack,2652.475284981814,66.31188212454535,1
synthetic_A#11984,1,Botnet,test_attack,2852.0601904254745,71.30150476063686,1
synthetic_A#11985,1,Botnet,test_attack,2608.9763766040523,65.2244094151013,1
synthetic_A#11986,1,Botnet,test_attack,3151.4859990965865,78.78714997741466,1
synthetic_A#11987,1,Botnet,test_attack,2791.0504423568827,69.77626105892207,1
synthetic_A#11988,1,Botnet,test_attack,2850.2546214859176,71.25636553714794,1
synthetic_A#11989,1,Botnet,test_attack,2771.3590128702813,69.28397532175703,1
synthetic_A#11990,1,Botnet,test_attack,2675.9228244371006,66.89807061092752,1
synthetic_A#11991,1,Botnet,test_attack,2884.422262794667,72.11055656986667,1
synthetic_A#11992,1,Botnet,test_attack,2834.2106119653254,70.85526529913314,1
synthetic_A#11993,1,Botnet,test_attack,3459.5717910019594,86.48929477504899,1
synthetic_A#11994,1,Botnet,test_attack,2362.749820495173,59.06874551237932,1
synthetic_A#11995,1,Botnet,test_attack,2792.9212819768263,69.82303204942066,1
synthetic_A#11996,1,Botnet,test_attack,3027.2600497510325,75.68150124377581,1
synthetic_A#11997,1,Botnet,test_attack,2453.9502173392184,61.34875543348046,1
synthetic_A#11998,1,Botnet,test_attack,3020.330902629593,75.50827256573982,1
synthetic_A#11999,1,Botnet,test_attack,3050.9063698474847,76.27265924618712,1
synthetic_A#12000,1,Botnet,test_attack,2958.183127719869,73.95457819299672,1
synthetic_A#12001,1,Botnet,test_attack,2341.2081159325367,58.53020289831342,1
synthetic_A#12002,1,Botnet,test_attack,3504.057452367152,87.60143630917881,1
synthetic_A#12003,1,Botnet,test_attack,3101.635077514286,77.54087693785715,1
synthetic_A#12004,1,Botnet,test_attack,2754.794892136788,68.8698723034197,1
synthetic_A#12005,1,Botnet,test_attack,2832.8939391345248,70.82234847836312,1
synthetic_A#12006,1,Botnet,test_attack,2534.4754504092166,63.36188626023041,1
synthetic_A#12007,1,Botnet,test_attack,2267.590494825842,56.68976237064605,1
synthetic_A#12008,1,Botnet,test_attack,2539.851499454788,63.4962874863697,1
synthetic_A#12009,1,Botnet,test_attack,2509.0629689790926,62.72657422447732,1
synthetic_A#12010,1,Botnet,test_attack,2679.7903713447367,66.99475928361842,1
synthetic_A#12011,1,Botnet,test_attack,2729.6413245101694,68.24103311275424,1
synthetic_A#12012,1,Botnet,test_attack,3064.079629108138,76.60199072770345,1
synthetic_A#12013,1,Botnet,test_attack,2402.9770750966336,60.07442687741584,1
synthetic_A#12014,1,Botnet,test_attack,2704.964946378338,67.62412365945845,1
synthetic_A#12015,1,Botnet,test_attack,2514.3660031387535,62.859150078468836,1
synthetic_A#12016,1,Botnet,test_attack,2582.558516892145,64.56396292230362,1
synthetic_A#12017,1,Botnet,test_attack,3117.3406639305517,77.9335165982638,1
synthetic_A#12018,1,Botnet,test_attack,3014.1612111668987,75.35403027917246,1
synthetic_A#12019,1,Botnet,test_attack,2832.397363208696,70.8099340802174,1
synthetic_A#12020,1,Botnet,test_attack,2572.3890491990537,64.30972622997635,1
synthetic_A#12021,1,Botnet,test_attack,3169.092490133198,79.22731225332996,1
synthetic_A#12022,1,Botnet,test_attack,2880.441526663828,72.0110381665957,1
synthetic_A#12023,1,Botnet,test_attack,2721.8051128922293,68.04512782230573,1
synthetic_A#12024,1,Botnet,test_attack,2939.472910868593,73.48682277171483,1
synthetic_A#12025,1,Botnet,test_attack,2824.615778312108,70.6153944578027,1
synthetic_A#12026,1,Botnet,test_attack,2623.8815388878443,65.5970384721961,1
synthetic_A#12027,1,Botnet,test_attack,2762.2667298850174,69.05666824712543,1
synthetic_A#12028,1,Botnet,test_attack,2838.4794294237954,70.96198573559488,1
synthetic_A#12029,1,Botnet,test_attack,2870.8309206266863,71.77077301566716,1
synthetic_A#12030,1,Botnet,test_attack,2834.9059330433333,70.87264832608334,1
synthetic_A#12031,1,Botnet,test_attack,2761.354431122881,69.03386077807203,1
synthetic_A#12032,1,Botnet,test_attack,2829.8193607095272,70.74548401773818,1
synthetic_A#12033,1,Botnet,test_attack,2827.589050904599,70.68972627261498,1
synthetic_A#12034,1,Botnet,test_attack,2673.143144861525,66.82857862153813,1
synthetic_A#12035,1,Botnet,test_attack,2788.9883205286856,69.72470801321714,1
synthetic_A#12036,1,Botnet,test_attack,2938.6812271350905,73.46703067837726,1
synthetic_A#12037,1,Botnet,test_attack,2934.8016031086645,73.37004007771661,1
synthetic_A#12038,1,Botnet,test_attack,2394.7048474681633,59.867621186704085,1
synthetic_A#12039,1,Botnet,test_attack,2485.6847114907564,62.14211778726891,1
synthetic_A#12040,1,Botnet,test_attack,2942.103178792716,73.5525794698179,1
synthetic_A#12041,1,Botnet,test_attack,2877.374451666195,71.93436129165488,1
synthetic_A#12042,1,Botnet,test_attack,2929.1055575680157,73.22763893920039,1
synthetic_A#12043,1,Botnet,test_attack,3048.5849804526124,76.21462451131531,1
synthetic_A#12044,1,Botnet,test_attack,2577.1475613410857,64.42868903352715,1
synthetic_A#12045,1,Botnet,test_attack,2896.6325836162646,72.41581459040661,1
synthetic_A#12046,1,Botnet,test_attack,2661.4845018373335,66.53711254593334,1
synthetic_A#12047,1,Botnet,test_attack,2971.135581871562,74.27838954678904,1
synthetic_A#12048,1,Botnet,test_attack,2789.2851065605873,69.73212766401468,1
synthetic_A#12049,1,Botnet,test_attack,2638.0849165713335,65.95212291428334,1
synthetic_A#12050,1,Botnet,test_attack,2979.5381871459263,74.48845467864815,1
synthetic_A#12051,1,Botnet,test_attack,2938.7211924900826,73.46802981225207,1
synthetic_A#12052,1,Botnet,test_attack,2630.5497974758923,65.76374493689731,1
synthetic_A#12053,1,Botnet,test_attack,2555.6329851505634,63.890824628764086,1
synthetic_A#12054,1,Botnet,test_attack,2695.9906641782572,67.39976660445643,1
synthetic_A#12055,1,Botnet,test_attack,2943.7060995000265,73.59265248750066,1
synthetic_A#12056,1,Botnet,test_attack,3125.470561536395,78.13676403840988,1
synthetic_A#12057,1,Botnet,test_attack,2800.9895450765366,70.02473862691342,1
synthetic_A#12058,1,Botnet,test_attack,2590.7780700474486,64.76945175118621,1
synthetic_A#12059,1,Botnet,test_attack,2740.2707290275143,68.50676822568786,1
synthetic_A#12060,1,Botnet,test_attack,2891.162697892332,72.2790674473083,1
synthetic_A#12061,1,Botnet,test_attack,3041.2102384743753,76.03025596185938,1
synthetic_A#12062,1,Botnet,test_attack,2461.0435499609275,61.52608874902319,1
synthetic_A#12063,1,Botnet,test_attack,2349.094959149883,58.727373978747075,1
synthetic_A#12064,1,Botnet,test_attack,2641.254840154503,66.03137100386257,1
synthetic_A#12065,1,Botnet,test_attack,3095.0706212648383,77.37676553162096,1
synthetic_A#12066,1,Botnet,test_attack,2720.9281940725273,68.02320485181318,1
synthetic_A#12067,1,Botnet,test_attack,2828.9372514520546,70.72343128630136,1
synthetic_A#12068,1,Botnet,test_attack,2734.6200681938517,68.3655017048463,1
synthetic_A#12069,1,Botnet,test_attack,2456.787475287375,61.41968688218437,1
synthetic_A#12070,1,Botnet,test_attack,3235.8960327103478,80.8974008177587,1
synthetic_A#12071,1,Botnet,test_attack,2722.7634071504276,68.06908517876069,1
synthetic_A#12072,1,Botnet,test_attack,2536.579905819056,63.4144976454764,1
synthetic_A#12073,1,Botnet,test_attack,2723.487561920385,68.08718904800962,1
synthetic_A#12074,1,Botnet,test_attack,2833.4029773120355,70.8350744328009,1
synthetic_A#12075,1,Botnet,test_attack,2763.8098699070533,69.09524674767633,1
synthetic_A#12076,1,Botnet,test_attack,3043.5575388016337,76.08893847004084,1
synthetic_A#12077,1,Botnet,test_attack,3891.174224679872,97.27935561699681,1
synthetic_A#12078,1,Botnet,test_attack,3008.2573292126185,75.20643323031547,1
synthetic_A#12079,1,Botnet,test_attack,2731.8540959544544,68.29635239886136,1
synthetic_A#12080,1,Botnet,test_attack,2861.684362999713,71.54210907499282,1
synthetic_A#12081,1,Botnet,test_attack,3053.457530816082,76.33643827040206,1
synthetic_A#12082,1,Botnet,test_attack,3032.1688894078084,75.80422223519521,1
synthetic_A#12083,1,Botnet,test_attack,3452.206131529714,86.30515328824285,1
synthetic_A#12084,1,Botnet,test_attack,2767.391983559587,69.18479958898968,1
synthetic_A#12085,1,Botnet,test_attack,2816.0572415911547,70.40143103977887,1
synthetic_A#12086,1,Botnet,test_attack,3152.3094598038692,78.80773649509673,1
synthetic_A#12087,1,Botnet,test_attack,2627.0653540152025,65.67663385038006,1
synthetic_A#12088,1,Botnet,test_attack,2612.0627804516535,65.30156951129133,1
synthetic_A#12089,1,Botnet,test_attack,2103.736854939748,52.5934213734937,1
synthetic_A#12090,1,Botnet,test_attack,3546.764944492397,88.66912361230992,1
synthetic_A#12091,1,Botnet,test_attack,2831.301459357151,70.78253648392878,1
synthetic_A#12092,1,Botnet,test_attack,3188.3222889118706,79.70805722279677,1
synthetic_A#12093,1,Botnet,test_attack,2524.2569511092697,63.10642377773174,1
synthetic_A#12094,1,Botnet,test_attack,2906.751827338705,72.66879568346762,1
synthetic_A#12095,1,Botnet,test_attack,3078.196347556861,76.95490868892152,1
synthetic_A#12096,1,Botnet,test_attack,2532.2832349172813,63.30708087293203,1
synthetic_A#12097,1,Botnet,test_attack,2647.864893279278,66.19662233198196,1
synthetic_A#12098,1,Botnet,test_attack,3132.26700221285,78.30667505532125,1
synthetic_A#12099,1,Botnet,test_attack,2890.1434875566883,72.25358718891721,1
synthetic_A#12100,1,Botnet,test_attack,2612.343572555672,65.3085893138918,1
synthetic_A#12101,1,Botnet,test_attack,3019.5841857260853,75.48960464315213,1
synthetic_A#12102,1,Botnet,test_attack,2848.8290846883024,71.22072711720756,1
synthetic_A#12103,1,Botnet,test_attack,3031.016997603864,75.7754249400966,1
synthetic_A#12104,1,Botnet,test_attack,2963.8362048728122,74.09590512182031,1
synthetic_A#12105,1,Botnet,test_attack,2820.6114939258305,70.51528734814576,1
synthetic_A#12106,1,Botnet,test_attack,2728.896504536866,68.22241261342165,1
synthetic_A#12107,1,Botnet,test_attack,2983.138263272443,74.57845658181108,1
synthetic_A#12108,1,Botnet,test_attack,2758.0552419721903,68.95138104930476,1
synthetic_A#12109,1,Botnet,test_attack,2903.5799155086515,72.58949788771629,1
synthetic_A#12110,1,Botnet,test_attack,2723.32539216213,68.08313480405324,1
synthetic_A#12111,1,Botnet,test_attack,2386.5560079592647,59.663900198981615,1
synthetic_A#12112,1,Botnet,test_attack,2705.9743161933866,67.64935790483466,1
synthetic_A#12113,1,Botnet,test_attack,3497.839452860778,87.44598632151944,1
synthetic_A#12114,1,Botnet,test_attack,2909.3117049021203,72.732792622553,1
synthetic_A#12115,1,Botnet,test_attack,2970.7307994378098,74.26826998594524,1
synthetic_A#12116,1,Botnet,test_attack,3009.288036087192,75.2322009021798,1
synthetic_A#12117,1,Botnet,test_attack,2732.725582764695,68.31813956911738,1
synthetic_A#12118,1,Botnet,test_attack,2569.5141774149624,64.23785443537406,1
synthetic_A#12119,1,Botnet,test_attack,2909.8116185171903,72.74529046292976,1
synthetic_A#12120,1,Botnet,test_attack,2516.640040157667,62.91600100394167,1
synthetic_A#12121,1,Botnet,test_attack,2200.5484825886488,55.013712064716216,1
synthetic_A#12122,1,Botnet,test_attack,2978.9125159788555,74.47281289947139,1
synthetic_A#12123,1,Botnet,test_attack,2345.191852344571,58.629796308614274,1
synthetic_A#12124,1,Botnet,test_attack,2748.0091306476565,68.70022826619142,1
synthetic_A#12125,1,Botnet,test_attack,2526.671906824938,63.16679767062345,1
synthetic_A#12126,1,Botnet,test_attack,3023.167518270053,75.57918795675133,1
synthetic_A#12127,1,Botnet,test_attack,2732.274417547051,68.30686043867628,1
synthetic_A#12128,1,Botnet,test_attack,3165.0806008478667,79.12701502119667,1
synthetic_A#12129,1,Botnet,test_attack,2872.592118579957,71.81480296449892,1
synthetic_A#12130,1,Botnet,test_attack,3204.216859510162,80.10542148775406,1
synthetic_A#12131,1,Botnet,test_attack,3207.349383105015,80.18373457762537,1
synthetic_A#12132,1,Botnet,test_attack,2597.5727821050177,64.93931955262545,1
synthetic_A#12133,1,Botnet,test_attack,2609.915679810446,65.24789199526114,1
synthetic_A#12134,1,Botnet,test_attack,2966.8013910314526,74.17003477578632,1
synthetic_A#12135,1,Botnet,test_attack,2651.610604828817,66.29026512072042,1
synthetic_A#12136,1,Botnet,test_attack,2910.528897670358,72.76322244175896,1
synthetic_A#12137,1,Botnet,test_attack,2860.497806794874,71.51244516987185,1
synthetic_A#12138,1,Botnet,test_attack,2915.364805447556,72.8841201361889,1
synthetic_A#12139,1,Botnet,test_attack,2919.895270448277,72.99738176120692,1
synthetic_A#12140,1,Botnet,test_attack,2515.8437648221206,62.896094120553016,1
synthetic_A#12141,1,Botnet,test_attack,2869.0588786016015,71.72647196504003,1
synthetic_A#12142,1,Botnet,test_attack,2849.246189563405,71.23115473908513,1
synthetic_A#12143,1,Botnet,test_attack,2741.690434344893,68.54226085862233,1
synthetic_A#12144,1,Botnet,test_attack,2695.6215900163397,67.3905397504085,1
synthetic_A#12145,1,Botnet,test_attack,3244.4494392209876,81.1112359805247,1
synthetic_A#12146,1,Botnet,test_attack,2592.052329955481,64.80130824888703,1
synthetic_A#12147,1,Botnet,test_attack,2743.150905199278,68.57877262998196,1
synthetic_A#12148,1,Botnet,test_attack,2720.500782114668,68.01251955286669,1
synthetic_A#12149,1,Botnet,test_attack,3143.7777571977504,78.59444392994376,1
synthetic_A#12150,1,Botnet,test_attack,2823.4697626595366,70.58674406648842,1
synthetic_A#12151,1,Botnet,test_attack,2889.9448846530745,72.24862211632686,1
synthetic_A#12152,1,Botnet,test_attack,3110.1846673599107,77.75461668399777,1
synthetic_A#12153,1,Botnet,test_attack,2544.3756726151432,63.60939181537858,1
synthetic_A#12154,1,Botnet,test_attack,2761.2388862940606,69.03097215735151,1
synthetic_A#12155,1,Botnet,test_attack,2844.3922156746494,71.10980539186623,1
synthetic_A#12156,1,Botnet,test_attack,2928.875577449541,73.22188943623853,1
synthetic_A#12157,1,Botnet,test_attack,2632.8516802015083,65.8212920050377,1
synthetic_A#12158,1,Botnet,test_attack,2764.4526233452825,69.11131558363206,1
synthetic_A#12159,1,Botnet,test_attack,2140.5117494029846,53.51279373507462,1
synthetic_A#12160,1,Botnet,test_attack,2634.8161789807205,65.87040447451801,1
synthetic_A#12161,1,Botnet,test_attack,2826.7139463683857,70.66784865920964,1
synthetic_A#12162,1,Botnet,test_attack,3267.0663936155693,81.67665984038923,1
synthetic_A#12163,1,Botnet,test_attack,2532.6641036126084,63.31660259031521,1
synthetic_A#12164,1,Botnet,test_attack,3426.6613749763055,85.66653437440763,1
synthetic_A#12165,1,Botnet,test_attack,2717.1110732575435,67.92777683143859,1
synthetic_A#12166,1,Botnet,test_attack,2743.8940247588407,68.59735061897102,1
synthetic_A#12167,1,Botnet,test_attack,2739.439703152678,68.48599257881695,1
synthetic_A#12168,1,Botnet,test_attack,3123.75224099052,78.093806024763,1
synthetic_A#12169,1,Botnet,test_attack,2491.9652183840035,62.299130459600086,1
synthetic_A#12170,1,Botnet,test_attack,2750.6435949688853,68.76608987422213,1
synthetic_A#12171,1,Botnet,test_attack,2362.022549851628,59.0505637462907,1
synthetic_A#12172,1,Botnet,test_attack,3252.807875305178,81.32019688262946,1
synthetic_A#12173,1,Botnet,test_attack,2461.56072766713,61.539018191678245,1
synthetic_A#12174,1,Botnet,test_attack,2610.34031415081,65.25850785377025,1
synthetic_A#12175,1,Botnet,test_attack,2738.6622526340825,68.46655631585206,1
synthetic_A#12176,1,Botnet,test_attack,2595.8900784616612,64.89725196154153,1
synthetic_A#12177,1,Botnet,test_attack,2862.9002807556935,71.57250701889234,1
synthetic_A#12178,1,Botnet,test_attack,3352.9828636758466,83.82457159189616,1
synthetic_A#12179,1,Botnet,test_attack,2860.7886847428854,71.51971711857213,1
synthetic_A#12180,1,Botnet,test_attack,2541.2647159394332,63.531617898485834,1
synthetic_A#12181,1,Botnet,test_attack,2760.8966718528686,69.02241679632172,1
synthetic_A#12182,1,Botnet,test_attack,2364.1367628498006,59.103419071245014,1
synthetic_A#12183,1,Botnet,test_attack,2793.8053776689685,69.84513444172421,1
synthetic_A#12184,1,Botnet,test_attack,2505.114558156575,62.62786395391438,1
synthetic_A#12185,1,Botnet,test_attack,81.69989964890821,2.042497491222705,1
synthetic_A#12186,1,Botnet,test_attack,2744.384209301489,68.60960523253723,1
synthetic_A#12187,1,Botnet,test_attack,3285.789167744585,82.14472919361462,1
synthetic_A#12188,1,Botnet,test_attack,2993.961712721756,74.8490428180439,1
synthetic_A#12189,1,Botnet,test_attack,2375.746942001429,59.39367355003573,1
synthetic_A#12190,1,Botnet,test_attack,2506.887660015897,62.672191500397425,1
synthetic_A#12191,1,Botnet,test_attack,2470.6359461117045,61.765898652792615,1
synthetic_A#12192,1,Botnet,test_attack,3076.5641255029327,76.91410313757332,1
synthetic_A#12193,1,Botnet,test_attack,2687.630297413899,67.19075743534748,1
synthetic_A#12194,1,Botnet,test_attack,2440.5836241175884,61.01459060293971,1
synthetic_A#12195,1,Botnet,test_attack,2782.5815297148893,69.56453824287223,1
synthetic_A#12196,1,Botnet,test_attack,91.94676402784584,2.298669100696146,1
synthetic_A#12197,1,Botnet,test_attack,2757.045316641634,68.92613291604086,1
synthetic_A#12198,1,Botnet,test_attack,2493.59994432647,62.33999860816175,1
synthetic_A#12199,1,Botnet,test_attack,2833.60614038181,70.84015350954525,1
synthetic_A#12200,1,Botnet,test_attack,2551.072438463802,63.77681096159505,1
synthetic_A#12201,1,Botnet,test_attack,3170.263974525281,79.25659936313203,1
synthetic_A#12202,1,Botnet,test_attack,3001.756388197965,75.04390970494913,1
synthetic_A#12203,1,Botnet,test_attack,3227.9253603949473,80.69813400987368,1
synthetic_A#12204,1,Botnet,test_attack,2607.4302895761084,65.1857572394027,1
synthetic_A#12205,1,Botnet,test_attack,3181.0090465141357,79.52522616285339,1
synthetic_A#12206,1,Botnet,test_attack,2926.923196652911,73.17307991632278,1
synthetic_A#12207,1,Botnet,test_attack,2877.830417847362,71.94576044618404,1
synthetic_A#12208,1,Botnet,test_attack,3097.9128409149234,77.44782102287309,1
synthetic_A#12209,1,Botnet,test_attack,3386.1665145501725,84.65416286375431,1
synthetic_A#12210,1,Botnet,test_attack,2868.890743351635,71.72226858379088,1
synthetic_A#12211,1,Botnet,test_attack,2751.7732823953443,68.7943320598836,1
synthetic_A#12212,1,Botnet,test_attack,652.1831179038097,16.30457794759524,1
synthetic_A#12213,1,Botnet,test_attack,3016.9747712861404,75.4243692821535,1
synthetic_A#12214,1,Botnet,test_attack,3358.9876035023926,83.97469008755982,1
synthetic_A#12215,1,Botnet,test_attack,3074.7667828922063,76.86916957230515,1
synthetic_A#12216,1,Botnet,test_attack,2564.63955424065,64.11598885601624,1
synthetic_A#12217,1,Botnet,test_attack,2610.7609806528976,65.26902451632245,1
synthetic_A#12218,1,Botnet,test_attack,2856.1364247862875,71.4034106196572,1
synthetic_A#12219,1,Botnet,test_attack,2731.879343987953,68.29698359969882,1
synthetic_A#12220,1,Botnet,test_attack,2663.4685862789806,66.58671465697452,1
synthetic_A#12221,1,Botnet,test_attack,2846.7505762213577,71.16876440553395,1
synthetic_A#12222,1,Botnet,test_attack,2802.1421404084663,70.05355351021166,1
synthetic_A#12223,1,Botnet,test_attack,2743.933262018534,68.59833155046336,1
synthetic_A#12224,1,Botnet,test_attack,2794.706104986333,69.86765262465832,1
synthetic_A#12225,1,Botnet,test_attack,2812.3011000260135,70.30752750065034,1
synthetic_A#12226,1,Botnet,test_attack,3172.667055044101,79.31667637610252,1
synthetic_A#12227,1,Botnet,test_attack,3108.704784325724,77.71761960814311,1
synthetic_A#12228,1,Botnet,test_attack,2717.9700960993005,67.94925240248251,1
synthetic_A#12229,1,Botnet,test_attack,2770.982688613049,69.27456721532623,1
synthetic_A#12230,1,Botnet,test_attack,3446.8619160319467,86.17154790079867,1
synthetic_A#12231,1,Botnet,test_attack,2505.038248804236,62.6259562201059,1
synthetic_A#12232,1,Botnet,test_attack,2483.779464919138,62.094486622978444,1
synthetic_A#12233,1,Botnet,test_attack,2433.6136993775385,60.840342484438466,1
synthetic_A#12234,1,Botnet,test_attack,2327.6953731514063,58.19238432878516,1
synthetic_A#12235,1,Botnet,test_attack,2775.8211778292016,69.39552944573003,1
synthetic_A#12236,1,Botnet,test_attack,2944.076360745253,73.60190901863133,1
synthetic_A#12237,1,Botnet,test_attack,2856.4625900914116,71.41156475228529,1
synthetic_A#12238,1,Botnet,test_attack,2131.5814405589686,53.289536013974214,1
synthetic_A#12239,1,Botnet,test_attack,2957.9754586965614,73.94938646741403,1
synthetic_A#12240,1,Botnet,test_attack,2204.8296558172688,55.12074139543172,1
synthetic_A#12241,1,Botnet,test_attack,2361.480789134358,59.03701972835895,1
synthetic_A#12242,1,Botnet,test_attack,2769.82717572649,69.24567939316225,1
synthetic_A#12243,1,Botnet,test_attack,2826.4275909624484,70.66068977406121,1
synthetic_A#12244,1,Botnet,test_attack,2869.305435191245,71.73263587978113,1
synthetic_A#12245,1,Botnet,test_attack,2906.530590189848,72.66326475474621,1
synthetic_A#12246,1,Botnet,test_attack,3132.096447930936,78.3024111982734,1
synthetic_A#12247,1,Botnet,test_attack,3212.883002203828,80.3220750550957,1
synthetic_A#12248,1,Botnet,test_attack,2497.912093423898,62.44780233559745,1
synthetic_A#12249,1,Botnet,test_attack,2882.229935671198,72.05574839177994,1
synthetic_A#12250,1,Botnet,test_attack,2610.096007708361,65.25240019270902,1
synthetic_A#12251,1,Botnet,test_attack,2857.862694034422,71.44656735086055,1
synthetic_A#12252,1,Botnet,test_attack,2510.4516854564235,62.76129213641059,1
synthetic_A#12253,1,Botnet,test_attack,2995.867342484834,74.89668356212084,1
synthetic_A#12254,1,Botnet,test_attack,2921.512356423721,73.03780891059303,1
synthetic_A#12255,1,Botnet,test_attack,2664.154025082105,66.60385062705262,1
synthetic_A#12256,1,Botnet,test_attack,3190.901243302923,79.77253108257307,1
synthetic_A#12257,1,Botnet,test_attack,2665.2142396257095,66.63035599064274,1
synthetic_A#12258,1,Botnet,test_attack,2350.25962843333,58.75649071083325,1
synthetic_A#12259,1,Botnet,test_attack,2678.7330004778196,66.9683250119455,1
synthetic_A#12260,1,Botnet,test_attack,2566.4840144074446,64.16210036018612,1
synthetic_A#12261,1,Botnet,test_attack,2615.6842694220263,65.39210673555066,1
synthetic_A#12262,1,Botnet,test_attack,3099.0157199018868,77.47539299754717,1
synthetic_A#12263,1,Botnet,test_attack,2263.385717859147,56.584642946478674,1
synthetic_A#12264,1,Botnet,test_attack,2920.864250517695,73.02160626294237,1
synthetic_A#12265,1,Botnet,test_attack,2880.7470988954524,72.01867747238632,1
synthetic_A#12266,1,Botnet,test_attack,2699.6293130745034,67.49073282686258,1
synthetic_A#12267,1,Botnet,test_attack,2873.6423237511503,71.84105809377876,1
synthetic_A#12268,1,Botnet,test_attack,3302.6918561678012,82.56729640419503,1
synthetic_A#12269,1,Botnet,test_attack,2678.275984463835,66.95689961159587,1
synthetic_A#12270,1,Botnet,test_attack,2829.8627966911004,70.74656991727751,1
synthetic_A#12271,1,Botnet,test_attack,2359.4946286467143,58.98736571616786,1
synthetic_A#12272,1,Botnet,test_attack,2666.5427364573343,66.66356841143336,1
synthetic_A#12273,1,Botnet,test_attack,2677.8529209789567,66.94632302447391,1
synthetic_A#12274,1,Botnet,test_attack,3266.4645083317782,81.66161270829446,1
synthetic_A#12275,1,Botnet,test_attack,2794.569102940498,69.86422757351245,1
synthetic_A#12276,1,Botnet,test_attack,2646.9006634731068,66.17251658682767,1
synthetic_A#12277,1,Botnet,test_attack,2937.1051333974956,73.4276283349374,1
synthetic_A#12278,1,Botnet,test_attack,2632.4347680129713,65.81086920032428,1
synthetic_A#12279,1,Botnet,test_attack,2932.305357258173,73.30763393145432,1
synthetic_A#12280,1,Botnet,test_attack,2513.516772365356,62.837919309133895,1
synthetic_A#12281,1,Botnet,test_attack,2704.0586204948177,67.60146551237044,1
synthetic_A#12282,1,Botnet,test_attack,2701.1212182675745,67.52803045668936,1
synthetic_A#12283,1,Botnet,test_attack,2787.2077199960945,69.68019299990236,1
synthetic_A#12284,1,Botnet,test_attack,2634.4243617649195,65.86060904412298,1
synthetic_A#12285,1,Botnet,test_attack,2906.736318883486,72.66840797208715,1
synthetic_A#12286,1,Botnet,test_attack,3443.2777209821334,86.08194302455334,1
synthetic_A#12287,1,Botnet,test_attack,2317.9923464065446,57.94980866016361,1
synthetic_A#12288,1,Botnet,test_attack,2554.234685138584,63.8558671284646,1
synthetic_A#12289,1,Botnet,test_attack,2545.258923897498,63.63147309743745,1
synthetic_A#12290,1,Botnet,test_attack,2965.0115833524524,74.12528958381131,1
synthetic_A#12291,1,Botnet,test_attack,2506.7266390117834,62.668165975294585,1
synthetic_A#12292,1,Botnet,test_attack,2740.8472362745324,68.52118090686331,1
synthetic_A#12293,1,Botnet,test_attack,2813.3131801416116,70.3328295035403,1
synthetic_A#12294,1,Botnet,test_attack,2383.160436890473,59.57901092226183,1
synthetic_A#12295,1,Botnet,test_attack,2436.808197367882,60.920204934197045,1
synthetic_A#12296,1,Botnet,test_attack,2823.0971923494026,70.57742980873506,1
synthetic_A#12297,1,Botnet,test_attack,2891.208406589589,72.28021016473971,1
synthetic_A#12298,1,Botnet,test_attack,3202.540306636859,80.06350766592148,1
synthetic_A#12299,1,Botnet,test_attack,2638.9081506384773,65.97270376596194,1
synthetic_A#12300,1,Botnet,test_attack,2840.593977259622,71.01484943149055,1
synthetic_A#12301,1,Botnet,test_attack,2810.707564402667,70.26768911006667,1
synthetic_A#12302,1,Botnet,test_attack,2315.3714403391223,57.88428600847806,1
synthetic_A#12303,1,Botnet,test_attack,2743.4310471477465,68.58577617869366,1
synthetic_A#12304,1,Botnet,test_attack,2430.147894244203,60.75369735610508,1
synthetic_A#12305,1,Botnet,test_attack,2784.9077825303684,69.62269456325922,1
synthetic_A#12306,1,Botnet,test_attack,2608.8519707091327,65.22129926772831,1
synthetic_A#12307,1,Botnet,test_attack,3035.588075616993,75.88970189042483,1
synthetic_A#12308,1,Botnet,test_attack,3214.8651569428343,80.37162892357085,1
synthetic_A#12309,1,Botnet,test_attack,2956.161706010529,73.90404265026322,1
synthetic_A#12310,1,Botnet,test_attack,3075.5413197899097,76.88853299474775,1
synthetic_A#12311,1,Botnet,test_attack,3700.770387193772,92.5192596798443,1
synthetic_A#12312,1,Botnet,test_attack,3036.9072486732766,75.92268121683192,1
synthetic_A#12313,1,Botnet,test_attack,3065.8146432547774,76.64536608136943,1
synthetic_A#12314,1,Botnet,test_attack,2868.6055124114782,71.71513781028696,1
synthetic_A#12315,1,Botnet,test_attack,2937.034467911999,73.42586169779997,1
synthetic_A#12316,1,Botnet,test_attack,2459.4675636032557,61.48668909008139,1
synthetic_A#12317,1,Botnet,test_attack,2152.5350937297544,53.81337734324386,1
synthetic_A#12318,1,Botnet,test_attack,2850.139076229687,71.25347690574218,1
synthetic_A#12319,1,Botnet,test_attack,3083.7825819871687,77.09456454967922,1
synthetic_A#12320,1,Botnet,test_attack,2985.6512736078366,74.64128184019592,1
synthetic_A#12321,1,Botnet,test_attack,2999.4455933740046,74.98613983435011,1
synthetic_A#12322,1,Botnet,test_attack,2890.074610111923,72.25186525279807,1
synthetic_A#12323,1,Botnet,test_attack,2571.2713482391896,64.28178370597973,1
synthetic_A#12324,1,Botnet,test_attack,2819.1594540214137,70.47898635053534,1
synthetic_A#12325,1,Botnet,test_attack,2714.7797255671967,67.86949313917992,1
synthetic_A#12326,1,Botnet,test_attack,2802.6657730493425,70.06664432623356,1
synthetic_A#12327,1,Botnet,test_attack,2812.9898295520234,70.32474573880059,1
synthetic_A#12328,1,Botnet,test_attack,2621.6795334122703,65.54198833530675,1
synthetic_A#12329,1,Botnet,test_attack,2638.90333695095,65.97258342377374,1
synthetic_A#12330,1,Botnet,test_attack,2538.766927198898,63.46917317997245,1
synthetic_A#12331,1,Botnet,test_attack,2679.747080243699,66.99367700609248,1
synthetic_A#12332,1,Botnet,test_attack,2274.488759908047,56.86221899770118,1
synthetic_A#12333,1,Botnet,test_attack,2738.2936642192763,68.4573416054819,1
synthetic_A#12334,1,Botnet,test_attack,3121.5611834790425,78.03902958697606,1
synthetic_A#12335,1,Botnet,test_attack,2919.42375175613,72.98559379390325,1
synthetic_A#12336,1,Botnet,test_attack,2605.696968437948,65.14242421094869,1
synthetic_A#12337,1,Botnet,test_attack,3127.3862078395323,78.18465519598831,1
synthetic_A#12338,1,Botnet,test_attack,2836.942031023922,70.92355077559804,1
synthetic_A#12339,1,Botnet,test_attack,2427.0994437722384,60.67748609430596,1
synthetic_A#12340,1,Botnet,test_attack,2858.578034565895,71.46445086414738,1
synthetic_A#12341,1,Botnet,test_attack,2889.2517510497373,72.23129377624343,1
synthetic_A#12342,1,Botnet,test_attack,3384.0348808455915,84.60087202113979,1
synthetic_A#12343,1,Botnet,test_attack,2474.8746513805627,61.87186628451407,1
synthetic_A#12344,1,Botnet,test_attack,2698.1948739274962,67.45487184818741,1
synthetic_A#12345,1,Botnet,test_attack,2941.2239056778717,73.5305976419468,1
synthetic_A#12346,1,Botnet,test_attack,2897.0681848099075,72.42670462024769,1
synthetic_A#12347,1,Botnet,test_attack,3121.757796361931,78.04394490904828,1
synthetic_A#12348,1,Botnet,test_attack,2559.8161103749226,63.995402759373064,1
synthetic_A#12349,1,Botnet,test_attack,2630.0233578816155,65.75058394704038,1
synthetic_A#12350,1,Botnet,test_attack,89.33205377836862,2.2333013444592154,1
synthetic_A#12351,1,Botnet,test_attack,3057.9082849023807,76.44770712255952,1
synthetic_A#12352,1,Botnet,test_attack,2887.723936276934,72.19309840692335,1
synthetic_A#12353,1,Botnet,test_attack,2978.8270573697882,74.47067643424471,1
synthetic_A#12354,1,Botnet,test_attack,2625.390953618258,65.63477384045646,1
synthetic_A#12355,1,Botnet,test_attack,2651.4121438273824,66.28530359568455,1
synthetic_A#12356,1,Botnet,test_attack,3645.435196212794,91.13587990531985,1
synthetic_A#12357,1,Botnet,test_attack,2091.018081402918,52.27545203507295,1
synthetic_A#12358,1,Botnet,test_attack,2716.682513860888,67.9170628465222,1
synthetic_A#12359,1,Botnet,test_attack,2471.1889189234266,61.77972297308567,1
synthetic_A#12360,1,Botnet,test_attack,2725.6008621267583,68.14002155316896,1
synthetic_A#12361,1,Botnet,test_attack,2842.9663766221693,71.07415941555423,1
synthetic_A#12362,1,Botnet,test_attack,3103.808529991528,77.5952132497882,1
synthetic_A#12363,1,Botnet,test_attack,3210.9123567872057,80.27280891968014,1
synthetic_A#12364,1,Botnet,test_attack,2167.5759462796423,54.18939865699106,1
synthetic_A#12365,1,Botnet,test_attack,3110.2251364653885,77.75562841163472,1
synthetic_A#12366,1,Botnet,test_attack,3302.4839975862064,82.56209993965516,1
synthetic_A#12367,1,Botnet,test_attack,2354.969181219956,58.87422953049891,1
synthetic_A#12368,1,Botnet,test_attack,2671.848967861335,66.79622419653337,1
synthetic_A#12369,1,Botnet,test_attack,2578.702754978052,64.4675688744513,1
synthetic_A#12370,1,Botnet,test_attack,2107.475929738755,52.686898243468875,1
synthetic_A#12371,1,Botnet,test_attack,2892.2133315361993,72.30533328840498,1
synthetic_A#12372,1,Botnet,test_attack,2859.975897272921,71.49939743182303,1
synthetic_A#12373,1,Botnet,test_attack,3100.545951596845,77.51364878992112,1
synthetic_A#12374,1,Botnet,test_attack,2917.9433859351634,72.94858464837908,1
synthetic_A#12375,1,Botnet,test_attack,3385.9116394286248,84.64779098571562,1
synthetic_A#12376,1,Botnet,test_attack,2449.3094547646424,61.23273636911606,1
synthetic_A#12377,1,Botnet,test_attack,3070.367090177035,76.75917725442588,1
synthetic_A#12378,1,Botnet,test_attack,2475.7654196872336,61.89413549218084,1
synthetic_A#12379,1,Botnet,test_attack,55.636488629466136,1.3909122157366534,1
synthetic_A#12380,1,Botnet,test_attack,2775.872764241517,69.39681910603792,1
synthetic_A#12381,1,Botnet,test_attack,2868.0200836886343,71.70050209221586,1
synthetic_A#12382,1,Botnet,test_attack,3023.359801359257,75.58399503398142,1
synthetic_A#12383,1,Botnet,test_attack,2904.14359840128,72.603589960032,1
synthetic_A#12384,1,Botnet,test_attack,3193.5951712743013,79.83987928185753,1
synthetic_A#12385,1,Botnet,test_attack,2360.9793626229566,59.024484065573915,1
synthetic_A#12386,1,Botnet,test_attack,3083.281820533449,77.08204551333623,1
synthetic_A#12387,1,Botnet,test_attack,2556.6532987586656,63.916332468966644,1
synthetic_A#12388,1,Botnet,test_attack,82.39168089920037,2.0597920224800093,1
synthetic_A#12389,1,Botnet,test_attack,2659.5828972328627,66.48957243082157,1
synthetic_A#12390,1,Botnet,test_attack,3044.077281141823,76.10193202854558,1
synthetic_A#12391,1,Botnet,test_attack,2523.180507676864,63.07951269192161,1
synthetic_A#12392,1,Botnet,test_attack,2475.737078307948,61.89342695769871,1
synthetic_A#12393,1,Botnet,test_attack,2960.7049894469205,74.01762473617302,1
synthetic_A#12394,1,Botnet,test_attack,2571.4511985516874,64.28627996379218,1
synthetic_A#12395,1,Botnet,test_attack,2419.410526404576,60.4852631601144,1
synthetic_A#12396,1,Botnet,test_attack,2800.427414585102,70.01068536462755,1
synthetic_A#12397,1,Botnet,test_attack,2932.956556822067,73.32391392055168,1
synthetic_A#12398,1,Botnet,test_attack,2916.19854077516,72.904963519379,1
synthetic_A#12399,1,Botnet,test_attack,2785.9463127818253,69.64865781954563,1
synthetic_A#12400,1,Botnet,test_attack,2880.9325665633387,72.02331416408347,1
synthetic_A#12401,1,Botnet,test_attack,2891.2030562439013,72.28007640609754,1
synthetic_A#12402,1,Botnet,test_attack,2682.0366228125963,67.05091557031491,1
synthetic_A#12403,1,Botnet,test_attack,2667.584592823704,66.6896148205926,1
synthetic_A#12404,1,Botnet,test_attack,3327.4281651388214,83.18570412847053,1
synthetic_A#12405,1,Botnet,test_attack,2966.4290994813286,74.16072748703321,1
synthetic_A#12406,1,Botnet,test_attack,2715.786114067134,67.89465285167834,1
synthetic_A#12407,1,Botnet,test_attack,2994.3488360241868,74.85872090060467,1
synthetic_A#12408,1,Botnet,test_attack,2662.651872015137,66.56629680037842,1
synthetic_A#12409,1,Botnet,test_attack,3031.7581223565967,75.79395305891492,1
synthetic_A#12410,1,Botnet,test_attack,2775.063522488818,69.37658806222045,1
synthetic_A#12411,1,Botnet,test_attack,3301.023534077896,82.52558835194739,1
synthetic_A#12412,1,Botnet,test_attack,2659.9203384009993,66.49800846002498,1
synthetic_A#12413,1,Botnet,test_attack,2777.950157235118,69.44875393087794,1
synthetic_A#12414,1,Botnet,test_attack,2859.9829914118127,71.49957478529532,1
synthetic_A#12415,1,Botnet,test_attack,2784.053661296817,69.60134153242043,1
synthetic_A#12416,1,Botnet,test_attack,2750.679548218906,68.76698870547264,1
synthetic_A#12417,1,Botnet,test_attack,3734.6637653116613,93.36659413279153,1
synthetic_A#12418,1,Botnet,test_attack,2975.905559074681,74.39763897686703,1
synthetic_A#12419,1,Botnet,test_attack,2821.7437521922056,70.54359380480514,1
synthetic_A#12420,1,Botnet,test_attack,2674.627150055048,66.8656787513762,1
synthetic_A#12421,1,Botnet,test_attack,3038.2458591625646,75.95614647906412,1
synthetic_A#12422,1,Botnet,test_attack,2696.483998687912,67.4120999671978,1
synthetic_A#12423,1,Botnet,test_attack,2619.9724735236296,65.49931183809073,1
synthetic_A#12424,1,Botnet,test_attack,2714.860085367939,67.87150213419848,1
synthetic_A#12425,1,Botnet,test_attack,2548.225267636276,63.7056316909069,1
synthetic_A#12426,1,Botnet,test_attack,2817.805419758403,70.44513549396007,1
synthetic_A#12427,1,Botnet,test_attack,3003.6741293628393,75.09185323407098,1
synthetic_A#12428,1,Botnet,test_attack,3032.9273288647682,75.8231832216192,1
synthetic_A#12429,1,Botnet,test_attack,2746.3333138787402,68.6583328469685,1
synthetic_A#12430,1,Botnet,test_attack,2564.987353540496,64.1246838385124,1
synthetic_A#12431,1,Botnet,test_attack,2850.407423360178,71.26018558400446,1
synthetic_A#12432,1,Botnet,test_attack,2893.977466001384,72.3494366500346,1
synthetic_A#12433,1,Botnet,test_attack,2501.3484513289013,62.53371128322253,1
synthetic_A#12434,1,Botnet,test_attack,2961.5201053707824,74.03800263426956,1
synthetic_A#12435,1,Botnet,test_attack,3235.4052601639282,80.88513150409821,1
synthetic_A#12436,1,Botnet,test_attack,3013.565851233456,75.3391462808364,1
synthetic_A#12437,1,Botnet,test_attack,2821.2947381650124,70.5323684541253,1
synthetic_A#12438,1,Botnet,test_attack,3058.92358462119,76.47308961552974,1
synthetic_A#12439,1,Botnet,test_attack,2535.9367301010443,63.398418252526106,1
synthetic_A#12440,1,Botnet,test_attack,2705.783583411971,67.64458958529927,1
synthetic_A#12441,1,Botnet,test_attack,3160.0448613954813,79.00112153488703,1
synthetic_A#12442,1,Botnet,test_attack,2659.894401698561,66.49736004246402,1
synthetic_A#12443,1,Botnet,test_attack,3176.597718862925,79.41494297157313,1
synthetic_A#12444,1,Botnet,test_attack,2392.5040426464548,59.81260106616137,1
synthetic_A#12445,1,Botnet,test_attack,2361.2136868755183,59.03034217188796,1
synthetic_A#12446,1,Botnet,test_attack,3197.0621369870532,79.92655342467633,1
synthetic_A#12447,1,Botnet,test_attack,2659.062920700634,66.47657301751585,1
synthetic_A#12448,1,Botnet,test_attack,2631.0606834635523,65.77651708658881,1
synthetic_A#12449,1,Botnet,test_attack,2806.0147215055144,70.15036803763786,1
synthetic_A#12450,1,Botnet,test_attack,2948.319715596155,73.70799288990388,1
synthetic_A#12451,1,Botnet,test_attack,3304.8666180702594,82.62166545175648,1
synthetic_A#12452,1,Botnet,test_attack,2725.2845050418346,68.13211262604587,1
synthetic_A#12453,1,Botnet,test_attack,2946.393944435336,73.6598486108834,1
synthetic_A#12454,1,Botnet,test_attack,2992.1774349043635,74.80443587260909,1
synthetic_A#12455,1,Botnet,test_attack,2990.809185598757,74.77022963996892,1
synthetic_A#12456,1,Botnet,test_attack,2743.567664654294,68.58919161635734,1
synthetic_A#12457,1,Botnet,test_attack,3624.2802107834705,90.60700526958676,1
synthetic_A#12458,1,Botnet,test_attack,2398.57513522552,59.964378380638,1
synthetic_A#12459,1,Botnet,test_attack,3079.7120717011408,76.99280179252852,1
synthetic_A#12460,1,Botnet,test_attack,2429.8422609319355,60.746056523298385,1
synthetic_A#12461,1,Botnet,test_attack,2934.789765462804,73.3697441365701,1
synthetic_A#12462,1,Botnet,test_attack,3087.195644607635,77.17989111519088,1
synthetic_A#12463,1,Botnet,test_attack,3123.824363194779,78.09560907986948,1
synthetic_A#12464,1,Botnet,test_attack,2343.444890874354,58.58612227185885,1
synthetic_A#12465,1,Botnet,test_attack,2640.2085922021897,66.00521480505475,1
synthetic_A#12466,1,Botnet,test_attack,3061.864400396039,76.54661000990097,1
synthetic_A#12467,1,Botnet,test_attack,2363.791749589322,59.09479373973305,1
synthetic_A#12468,1,Botnet,test_attack,2755.1198226370334,68.87799556592583,1
synthetic_A#12469,1,Botnet,test_attack,2428.476573246106,60.71191433115265,1
synthetic_A#12470,1,Botnet,test_attack,2797.698799557707,69.94246998894268,1
synthetic_A#12471,1,Botnet,test_attack,2710.7313022957505,67.76828255739376,1
synthetic_A#12472,1,Botnet,test_attack,2633.6261044978237,65.8406526124456,1
synthetic_A#12473,1,Botnet,test_attack,2594.1603171846673,64.85400792961669,1
synthetic_A#12474,1,Botnet,test_attack,2578.30519727185,64.45762993179625,1
synthetic_A#12475,1,Botnet,test_attack,3163.9369823169664,79.09842455792416,1
synthetic_A#12476,1,Botnet,test_attack,2361.6537504529706,59.04134376132426,1
synthetic_A#12477,1,Botnet,test_attack,2962.9928283264067,74.07482070816016,1
synthetic_A#12478,1,Botnet,test_attack,2804.679808583741,70.11699521459352,1
synthetic_A#12479,1,Botnet,test_attack,2559.203759082487,63.980093977062175,1
synthetic_A#12480,1,Botnet,test_attack,3057.19909611659,76.42997740291476,1
synthetic_A#12481,1,Botnet,test_attack,2675.6632887875267,66.89158221968816,1
synthetic_A#12482,1,Botnet,test_attack,2877.539220042949,71.93848050107373,1
synthetic_A#12483,1,Botnet,test_attack,3215.077347127177,80.37693367817943,1
synthetic_A#12484,1,Botnet,test_attack,2672.050190683085,66.80125476707713,1
synthetic_A#12485,1,Botnet,test_attack,2612.8152483438166,65.32038120859542,1
synthetic_A#12486,1,Botnet,test_attack,3224.030556221722,80.60076390554305,1
synthetic_A#12487,1,Botnet,test_attack,2650.0941217600503,66.25235304400125,1
synthetic_A#12488,1,Botnet,test_attack,2737.3468415309194,68.43367103827299,1
synthetic_A#12489,1,Botnet,test_attack,2875.61168575256,71.890292143814,1
synthetic_A#12490,1,Botnet,test_attack,2922.8218743401962,73.07054685850491,1
synthetic_A#12491,1,Botnet,test_attack,2692.362248764793,67.30905621911982,1
synthetic_A#12492,1,Botnet,test_attack,2835.1273667635705,70.87818416908927,1
synthetic_A#12493,1,Botnet,test_attack,3022.900647364032,75.5725161841008,1
synthetic_A#12494,1,Botnet,test_attack,2738.905149587818,68.47262873969545,1
synthetic_A#12495,1,Botnet,test_attack,2677.464180518473,66.93660451296182,1
synthetic_A#12496,1,Botnet,test_attack,2804.2857972535003,70.1071449313375,1
synthetic_A#12497,1,Botnet,test_attack,2721.941880356687,68.04854700891717,1
synthetic_A#12498,1,Botnet,test_attack,2838.8782629804796,70.97195657451199,1
synthetic_A#12499,1,Botnet,test_attack,2321.0777773402456,58.02694443350614,1
synthetic_A#12500,1,BruteForce,test_attack,1.119533100444679,0.027988327511116972,0
synthetic_A#12501,1,BruteForce,test_attack,1.0493828257193705,0.026234570642984262,0
synthetic_A#12502,1,BruteForce,test_attack,10.892743683266946,0.27231859208167364,0
synthetic_A#12503,1,BruteForce,test_attack,6.854845432872781,0.17137113582181954,0
synthetic_A#12504,1,BruteForce,test_attack,46.073426559417676,1.151835663985442,1
synthetic_A#12505,1,BruteForce,test_attack,28.785904589157035,0.7196476147289259,1
synthetic_A#12506,1,BruteForce,test_attack,1.7446055155211373,0.043615137888028434,0
synthetic_A#12507,1,BruteForce,test_attack,1.3276257582338524,0.03319064395584631,0
synthetic_A#12508,1,BruteForce,test_attack,2.3208304921718437,0.05802076230429609,0
synthetic_A#12509,1,BruteForce,test_attack,0.6809455024975144,0.01702363756243786,0
synthetic_A#12510,1,BruteForce,test_attack,0.413220460834052,0.0103305115208513,0
synthetic_A#12511,1,BruteForce,test_attack,0.3434882573341391,0.008587206433353478,0
synthetic_A#12512,1,BruteForce,test_attack,2.1859402257767595,0.05464850564441899,0
synthetic_A#12513,1,BruteForce,test_attack,0.23499886484300625,0.005874971621075156,0
synthetic_A#12514,1,BruteForce,test_attack,2.0525989369643622,0.05131497342410905,0
synthetic_A#12515,1,BruteForce,test_attack,0.5757130769094128,0.01439282692273532,0
synthetic_A#12516,1,BruteForce,test_attack,6.531410510266301,0.16328526275665753,0
synthetic_A#12517,1,BruteForce,test_attack,0.5693294526708795,0.014233236316771989,0
synthetic_A#12518,1,BruteForce,test_attack,15.427964880198962,0.385699122004974,0
synthetic_A#12519,1,BruteForce,test_attack,4.562845587912019,0.11407113969780047,0
synthetic_A#12520,1,BruteForce,test_attack,0.21911066039375848,0.005477766509843962,0
synthetic_A#12521,1,BruteForce,test_attack,5.152623350802257,0.12881558377005642,0
synthetic_A#12522,1,BruteForce,test_attack,0.5472471616150723,0.013681179040376806,0
synthetic_A#12523,1,BruteForce,test_attack,10.548492783802518,0.2637123195950629,0
synthetic_A#12524,1,BruteForce,test_attack,48.63845385764306,1.2159613464410763,1
synthetic_A#12525,1,BruteForce,test_attack,30.295095625825994,0.7573773906456498,1
synthetic_A#12526,1,BruteForce,test_attack,1.0106503110568643,0.025266257776421608,0
synthetic_A#12527,1,BruteForce,test_attack,5.86554045736107,0.14663851143402676,0
synthetic_A#12528,1,BruteForce,test_attack,0.8021140900855926,0.020052852252139815,0
synthetic_A#12529,1,BruteForce,test_attack,0.1800578663318087,0.004501446658295218,0
synthetic_A#12530,1,BruteForce,test_attack,2.2751506033458844,0.05687876508364711,0
synthetic_A#12531,1,BruteForce,test_attack,4.363792378231779,0.10909480945579449,0
synthetic_A#12532,1,BruteForce,test_attack,4.330003656319037,0.10825009140797592,0
synthetic_A#12533,1,BruteForce,test_attack,2.65928827978545,0.06648220699463625,0
synthetic_A#12534,1,BruteForce,test_attack,1.2746346514918954,0.03186586628729739,0
synthetic_A#12535,1,BruteForce,test_attack,0.30857631929235607,0.007714407982308902,0
synthetic_A#12536,1,BruteForce,test_attack,5.854411670861446,0.14636029177153614,0
synthetic_A#12537,1,BruteForce,test_attack,0.40557194180611233,0.010139298545152808,0
synthetic_A#12538,1,BruteForce,test_attack,1.6763613646528484,0.04190903411632121,0
synthetic_A#12539,1,BruteForce,test_attack,6.647974514282284,0.1661993628570571,0
synthetic_A#12540,1,BruteForce,test_attack,20.531624955983478,0.5132906238995869,0
synthetic_A#12541,1,BruteForce,test_attack,4.388230460145081,0.10970576150362703,0
synthetic_A#12542,1,BruteForce,test_attack,4.555070566816742,0.11387676417041855,0
synthetic_A#12543,1,BruteForce,test_attack,3.8401575642707733,0.09600393910676933,0
synthetic_A#12544,1,BruteForce,test_attack,2.7408853491050045,0.06852213372762511,0
synthetic_A#12545,1,BruteForce,test_attack,0.31811962614966727,0.007952990653741682,0
synthetic_A#12546,1,BruteForce,test_attack,0.44691441250106556,0.01117286031252664,0
synthetic_A#12547,1,BruteForce,test_attack,3.8931070634362435,0.09732767658590609,0
synthetic_A#12548,1,BruteForce,test_attack,0.69733544538957,0.01743338613473925,0
synthetic_A#12549,1,BruteForce,test_attack,0.9911786721571917,0.02477946680392979,0
synthetic_A#12550,1,BruteForce,test_attack,1.3683303075044617,0.03420825768761154,0
synthetic_A#12551,1,BruteForce,test_attack,11.440928579363863,0.28602321448409657,0
synthetic_A#12552,1,BruteForce,test_attack,3.6823840141121678,0.0920596003528042,0
synthetic_A#12553,1,BruteForce,test_attack,0.47939772043318096,0.011984943010829524,0
synthetic_A#12554,1,BruteForce,test_attack,5.595788123991943,0.13989470309979857,0
synthetic_A#12555,1,BruteForce,test_attack,0.3776179239351567,0.009440448098378917,0
synthetic_A#12556,1,BruteForce,test_attack,2.8669111018050764,0.07167277754512691,0
synthetic_A#12557,1,BruteForce,test_attack,1.397729312193348,0.034943232804833704,0
synthetic_A#12558,1,BruteForce,test_attack,3.66699509657718,0.0916748774144295,0
synthetic_A#12559,1,BruteForce,test_attack,6.214296163141074,0.15535740407852686,0
synthetic_A#12560,1,BruteForce,test_attack,5.422200983183167,0.1355550245795792,0
synthetic_A#12561,1,BruteForce,test_attack,0.39974896427708456,0.009993724106927114,0
synthetic_A#12562,1,BruteForce,test_attack,1101.4468265401288,27.53617066350322,1
synthetic_A#12563,1,BruteForce,test_attack,5.922543618243752,0.1480635904560938,0
synthetic_A#12564,1,BruteForce,test_attack,2.7632128892225576,0.06908032223056394,0
synthetic_A#12565,1,BruteForce,test_attack,0.3866494330204292,0.00966623582551073,0
synthetic_A#12566,1,BruteForce,test_attack,2.1782874460991763,0.05445718615247941,0
synthetic_A#12567,1,BruteForce,test_attack,0.9419039901139292,0.02354759975284823,0
synthetic_A#12568,1,BruteForce,test_attack,1.7630813892284576,0.04407703473071144,0
synthetic_A#12569,1,BruteForce,test_attack,1.6752939546259138,0.041882348865647845,0
synthetic_A#12570,1,BruteForce,test_attack,7.486779306558166,0.18716948266395414,0
synthetic_A#12571,1,BruteForce,test_attack,1.4972357073031404,0.03743089268257851,0
synthetic_A#12572,1,BruteForce,test_attack,1.3476041608977138,0.033690104022442845,0
synthetic_A#12573,1,BruteForce,test_attack,3.5185973867249647,0.08796493466812412,0
synthetic_A#12574,1,BruteForce,test_attack,1.0838764261459488,0.02709691065364872,0
synthetic_A#12575,1,BruteForce,test_attack,8.248490198534727,0.20621225496336817,0
synthetic_A#12576,1,BruteForce,test_attack,457.898742186242,11.44746855465605,1
synthetic_A#12577,1,BruteForce,test_attack,0.9724931551823031,0.024312328879557577,0
synthetic_A#12578,1,BruteForce,test_attack,4.3643364234705775,0.10910841058676443,0
synthetic_A#12579,1,BruteForce,test_attack,1.3164084399291478,0.032910210998228696,0
synthetic_A#12580,1,BruteForce,test_attack,1.9983701891725423,0.049959254729313556,0
synthetic_A#12581,1,BruteForce,test_attack,2.7369320884327113,0.06842330221081779,0
synthetic_A#12582,1,BruteForce,test_attack,0.905617368769973,0.022640434219249325,0
synthetic_A#12583,1,BruteForce,test_attack,1.2503302894464323,0.03125825723616081,0
synthetic_A#12584,1,BruteForce,test_attack,6.764728698880672,0.1691182174720168,0
synthetic_A#12585,1,BruteForce,test_attack,0.41418789281749646,0.010354697320437412,0
synthetic_A#12586,1,BruteForce,test_attack,1.514388525165251,0.03785971312913127,0
synthetic_A#12587,1,BruteForce,test_attack,3.821929181497693,0.09554822953744233,0
synthetic_A#12588,1,BruteForce,test_attack,3.1827824380706202,0.07956956095176551,0
synthetic_A#12589,1,BruteForce,test_attack,1.510531864181704,0.0377632966045426,0
synthetic_A#12590,1,BruteForce,test_attack,11.851162741634724,0.2962790685408681,0
synthetic_A#12591,1,BruteForce,test_attack,0.6216695504767165,0.015541738761917912,0
synthetic_A#12592,1,BruteForce,test_attack,0.7550674470468491,0.018876686176171227,0
synthetic_A#12593,1,BruteForce,test_attack,0.5843808706557834,0.014609521766394584,0
synthetic_A#12594,1,BruteForce,test_attack,7.097478787645687,0.17743696969114217,0
synthetic_A#12595,1,BruteForce,test_attack,1.5017295525877605,0.03754323881469401,0
synthetic_A#12596,1,BruteForce,test_attack,2.5131314007416146,0.06282828501854036,0
synthetic_A#12597,1,BruteForce,test_attack,1.3635724927263742,0.03408931231815936,0
synthetic_A#12598,1,BruteForce,test_attack,0.5452979740057615,0.013632449350144038,0
synthetic_A#12599,1,BruteForce,test_attack,0.4805375957223444,0.01201343989305861,0
synthetic_A#12600,1,BruteForce,test_attack,1.4013058274203363,0.03503264568550841,0
synthetic_A#12601,1,BruteForce,test_attack,10.943846867837557,0.2735961716959389,0
synthetic_A#12602,1,BruteForce,test_attack,3.794229123242075,0.09485572808105187,0
synthetic_A#12603,1,BruteForce,test_attack,0.911447538457349,0.022786188461433727,0
synthetic_A#12604,1,BruteForce,test_attack,2.5045080696657047,0.06261270174164262,0
synthetic_A#12605,1,BruteForce,test_attack,2.4414831820060576,0.06103707955015144,0
synthetic_A#12606,1,BruteForce,test_attack,0.6645095681375999,0.016612739203439995,0
synthetic_A#12607,1,BruteForce,test_attack,5.576618263555373,0.13941545658888432,0
synthetic_A#12608,1,BruteForce,test_attack,0.5465265738112043,0.013663164345280107,0
synthetic_A#12609,1,BruteForce,test_attack,14.254387102386874,0.35635967755967185,0
synthetic_A#12610,1,BruteForce,test_attack,3.2305766420936997,0.0807644160523425,0
synthetic_A#12611,1,BruteForce,test_attack,1.2682924112974618,0.03170731028243655,0
synthetic_A#12612,1,BruteForce,test_attack,1.575960128388234,0.03939900320970585,0
synthetic_A#12613,1,BruteForce,test_attack,1.3178361502953568,0.03294590375738392,0
synthetic_A#12614,1,BruteForce,test_attack,34.287175669473676,0.8571793917368419,1
synthetic_A#12615,1,BruteForce,test_attack,4.041580880464622,0.10103952201161555,0
synthetic_A#12616,1,BruteForce,test_attack,1.3427650503600301,0.033569126259000756,0
synthetic_A#12617,1,BruteForce,test_attack,38.45803423860415,0.9614508559651037,1
synthetic_A#12618,1,BruteForce,test_attack,3.9750754590803714,0.09937688647700929,0
synthetic_A#12619,1,BruteForce,test_attack,2.1716269563525765,0.05429067390881441,0
synthetic_A#12620,1,BruteForce,test_attack,1.3482330279484067,0.03370582569871017,0
synthetic_A#12621,1,BruteForce,test_attack,0.6070477401606245,0.015176193504015612,0
synthetic_A#12622,1,BruteForce,test_attack,0.8782180001215096,0.02195545000303774,0
synthetic_A#12623,1,BruteForce,test_attack,1.9214061040872283,0.048035152602180706,0
synthetic_A#12624,1,BruteForce,test_attack,0.2297346445798732,0.00574336611449683,0
synthetic_A#12625,1,BruteForce,test_attack,3.317132197020445,0.08292830492551112,0
synthetic_A#12626,1,BruteForce,test_attack,2.6976736378890545,0.06744184094722636,0
synthetic_A#12627,1,BruteForce,test_attack,2.4289810304880497,0.06072452576220124,0
synthetic_A#12628,1,BruteForce,test_attack,11.390667582286639,0.284766689557166,0
synthetic_A#12629,1,BruteForce,test_attack,3.155597223810944,0.0788899305952736,0
synthetic_A#12630,1,BruteForce,test_attack,4.04569911914897,0.10114247797872425,0
synthetic_A#12631,1,BruteForce,test_attack,0.3255484906243419,0.008138712265608547,0
synthetic_A#12632,1,BruteForce,test_attack,2.4122225143447578,0.06030556285861895,0
synthetic_A#12633,1,BruteForce,test_attack,0.41751082105906223,0.010437770526476556,0
synthetic_A#12634,1,BruteForce,test_attack,6.925977484007287,0.17314943710018219,0
synthetic_A#12635,1,BruteForce,test_attack,3.5369287354778547,0.08842321838694636,0
synthetic_A#12636,1,BruteForce,test_attack,1.4185239771505285,0.03546309942876321,0
synthetic_A#12637,1,BruteForce,test_attack,1.82599724313009,0.04564993107825225,0
synthetic_A#12638,1,BruteForce,test_attack,0.8074229466581377,0.020185573666453443,0
synthetic_A#12639,1,BruteForce,test_attack,8.055441605111701,0.20138604012779254,0
synthetic_A#12640,1,BruteForce,test_attack,6.390374981028742,0.15975937452571856,0
synthetic_A#12641,1,BruteForce,test_attack,0.6661366919598429,0.016653417298996075,0
synthetic_A#12642,1,BruteForce,test_attack,0.935325498309258,0.02338313745773145,0
synthetic_A#12643,1,BruteForce,test_attack,0.9515223944796246,0.023788059861990615,0
synthetic_A#12644,1,BruteForce,test_attack,4.117524637521734,0.10293811593804333,0
synthetic_A#12645,1,BruteForce,test_attack,12.302141714733205,0.30755354286833014,0
synthetic_A#12646,1,BruteForce,test_attack,14.267681659435507,0.3566920414858877,0
synthetic_A#12647,1,BruteForce,test_attack,0.9405192747528701,0.023512981868821753,0
synthetic_A#12648,1,BruteForce,test_attack,0.4612569696087059,0.011531424240217646,0
synthetic_A#12649,1,BruteForce,test_attack,6.431358111832106,0.16078395279580265,0
synthetic_A#12650,1,BruteForce,test_attack,10.171963118882253,0.2542990779720563,0
synthetic_A#12651,1,BruteForce,test_attack,2.834438778961882,0.07086096947404705,0
synthetic_A#12652,1,BruteForce,test_attack,11.81369159790965,0.29534228994774125,0
synthetic_A#12653,1,BruteForce,test_attack,0.93515116163034,0.0233787790407585,0
synthetic_A#12654,1,BruteForce,test_attack,0.5814058250742058,0.014535145626855145,0
synthetic_A#12655,1,BruteForce,test_attack,12.391279213463534,0.3097819803365883,0
synthetic_A#12656,1,BruteForce,test_attack,1.4354821790159895,0.035887054475399735,0
synthetic_A#12657,1,BruteForce,test_attack,0.34415675838152454,0.008603918959538114,0
synthetic_A#12658,1,BruteForce,test_attack,1.453782085515794,0.03634455213789485,0
synthetic_A#12659,1,BruteForce,test_attack,0.8890423420272998,0.022226058550682496,0
synthetic_A#12660,1,BruteForce,test_attack,2.54637410948616,0.06365935273715399,0
synthetic_A#12661,1,BruteForce,test_attack,0.6961235260465667,0.01740308815116417,0
synthetic_A#12662,1,BruteForce,test_attack,1.420937470056089,0.035523436751402224,0
synthetic_A#12663,1,BruteForce,test_attack,6.253545002824467,0.15633862507061166,0
synthetic_A#12664,1,BruteForce,test_attack,0.21303853280850502,0.005325963320212625,0
synthetic_A#12665,1,BruteForce,test_attack,3.0732390170833708,0.07683097542708427,0
synthetic_A#12666,1,BruteForce,test_attack,1.20093692572634,0.0300234231431585,0
synthetic_A#12667,1,BruteForce,test_attack,0.621426933384333,0.015535673334608324,0
synthetic_A#12668,1,BruteForce,test_attack,0.36529526275346413,0.009132381568836603,0
synthetic_A#12669,1,BruteForce,test_attack,1.6131879317397657,0.04032969829349414,0
synthetic_A#12670,1,BruteForce,test_attack,2.013051756086543,0.050326293902163574,0
synthetic_A#12671,1,BruteForce,test_attack,3.4239729113421102,0.08559932278355276,0
synthetic_A#12672,1,BruteForce,test_attack,1.5533845369443424,0.03883461342360856,0
synthetic_A#12673,1,BruteForce,test_attack,5.537405782167534,0.13843514455418834,0
synthetic_A#12674,1,BruteForce,test_attack,0.8763913756458523,0.021909784391146308,0
synthetic_A#12675,1,BruteForce,test_attack,0.5260788104748689,0.013151970261871723,0
synthetic_A#12676,1,BruteForce,test_attack,0.3290676249776836,0.00822669062444209,0
synthetic_A#12677,1,BruteForce,test_attack,2.8900200752389886,0.07225050188097472,0
synthetic_A#12678,1,BruteForce,test_attack,1.0850043173075725,0.027125107932689314,0
synthetic_A#12679,1,BruteForce,test_attack,0.505788843326928,0.012644721083173199,0
synthetic_A#12680,1,BruteForce,test_attack,0.39666460552264127,0.009916615138066031,0
synthetic_A#12681,1,BruteForce,test_attack,0.4267965099135753,0.010669912747839383,0
synthetic_A#12682,1,BruteForce,test_attack,2.361927083345065,0.05904817708362663,0
synthetic_A#12683,1,BruteForce,test_attack,6.917557662890879,0.17293894157227196,0
synthetic_A#12684,1,BruteForce,test_attack,1.0902904932052562,0.027257262330131406,0
synthetic_A#12685,1,BruteForce,test_attack,0.21930573959840072,0.005482643489960018,0
synthetic_A#12686,1,BruteForce,test_attack,17.575573167284475,0.4393893291821119,0
synthetic_A#12687,1,BruteForce,test_attack,4.729240161860697,0.11823100404651743,0
synthetic_A#12688,1,BruteForce,test_attack,0.8195925497475348,0.02048981374368837,0
synthetic_A#12689,1,BruteForce,test_attack,13.491343270369756,0.3372835817592439,0
synthetic_A#12690,1,BruteForce,test_attack,4.5657072463202075,0.11414268115800519,0
synthetic_A#12691,1,BruteForce,test_attack,2.1880685508689766,0.05470171377172441,0
synthetic_A#12692,1,BruteForce,test_attack,2.977461617124783,0.07443654042811958,0
synthetic_A#12693,1,BruteForce,test_attack,3.689231248179572,0.0922307812044893,0
synthetic_A#12694,1,BruteForce,test_attack,0.6081328305602833,0.015203320764007083,0
synthetic_A#12695,1,BruteForce,test_attack,2.091101974218922,0.05227754935547305,0
synthetic_A#12696,1,BruteForce,test_attack,1.4252172094776547,0.03563043023694137,0
synthetic_A#12697,1,BruteForce,test_attack,0.5375343684105854,0.013438359210264636,0
synthetic_A#12698,1,BruteForce,test_attack,0.18612388849000833,0.004653097212250208,0
synthetic_A#12699,1,BruteForce,test_attack,0.2278625913265837,0.0056965647831645925,0
synthetic_A#12700,1,BruteForce,test_attack,4.788258800718155,0.11970647001795387,0
synthetic_A#12701,1,BruteForce,test_attack,17.645077118889255,0.44112692797223135,0
synthetic_A#12702,1,BruteForce,test_attack,0.700629781738753,0.017515744543468825,0
synthetic_A#12703,1,BruteForce,test_attack,0.2638807599801932,0.006597018999504831,0
synthetic_A#12704,1,BruteForce,test_attack,3.6231249616578745,0.09057812404144686,0
synthetic_A#12705,1,BruteForce,test_attack,10.481881880176648,0.26204704700441617,0
synthetic_A#12706,1,BruteForce,test_attack,0.8531374264536733,0.021328435661341832,0
synthetic_A#12707,1,BruteForce,test_attack,2.1254074479127674,0.053135186197819186,0
synthetic_A#12708,1,BruteForce,test_attack,27.734496666558194,0.6933624166639548,1
synthetic_A#12709,1,BruteForce,test_attack,4.102353859795438,0.10255884649488596,0
synthetic_A#12710,1,BruteForce,test_attack,3.009779685535157,0.07524449213837893,0
synthetic_A#12711,1,BruteForce,test_attack,0.8882449119189593,0.02220612279797398,0
synthetic_A#12712,1,BruteForce,test_attack,2.8428816534326815,0.07107204133581704,0
synthetic_A#12713,1,BruteForce,test_attack,1.972692718728271,0.04931731796820678,0
synthetic_A#12714,1,BruteForce,test_attack,1.397679629991928,0.0349419907497982,0
synthetic_A#12715,1,BruteForce,test_attack,0.6462176619615485,0.016155441549038713,0
synthetic_A#12716,1,BruteForce,test_attack,0.9100043134601503,0.022750107836503757,0
synthetic_A#12717,1,BruteForce,test_attack,2.799503221730912,0.0699875805432728,0
synthetic_A#12718,1,BruteForce,test_attack,2.1023319505586833,0.05255829876396708,0
synthetic_A#12719,1,BruteForce,test_attack,1.1215806365100973,0.028039515912752434,0
synthetic_A#12720,1,BruteForce,test_attack,4.1595566874909045,0.10398891718727261,0
synthetic_A#12721,1,BruteForce,test_attack,16.343649810693893,0.40859124526734736,0
synthetic_A#12722,1,BruteForce,test_attack,1.6310473428958316,0.04077618357239579,0
synthetic_A#12723,1,BruteForce,test_attack,0.9350092862987992,0.02337523215746998,0
synthetic_A#12724,1,BruteForce,test_attack,2.054722947050378,0.05136807367625945,0
synthetic_A#12725,1,BruteForce,test_attack,26.52340472217839,0.6630851180544598,1
synthetic_A#12726,1,BruteForce,test_attack,1.9692059572242147,0.049230148930605365,0
synthetic_A#12727,1,BruteForce,test_attack,0.4328262819897142,0.010820657049742855,0
synthetic_A#12728,1,BruteForce,test_attack,0.47481300248408864,0.011870325062102217,0
synthetic_A#12729,1,BruteForce,test_attack,0.9534456853950846,0.023836142134877114,0
synthetic_A#12730,1,BruteForce,test_attack,3.39897648333877,0.08497441208346926,0
synthetic_A#12731,1,BruteForce,test_attack,3.596532265184707,0.08991330662961768,0
synthetic_A#12732,1,BruteForce,test_attack,0.20229933928461646,0.005057483482115412,0
synthetic_A#12733,1,BruteForce,test_attack,0.36273866029871427,0.009068466507467857,0
synthetic_A#12734,1,BruteForce,test_attack,2.5978019147664337,0.06494504786916085,0
synthetic_A#12735,1,BruteForce,test_attack,0.4395530950145843,0.010988827375364607,0
synthetic_A#12736,1,BruteForce,test_attack,0.21001398636801102,0.005250349659200276,0
synthetic_A#12737,1,BruteForce,test_attack,0.9412364918567308,0.02353091229641827,0
synthetic_A#12738,1,BruteForce,test_attack,2.039141336705388,0.0509785334176347,0
synthetic_A#12739,1,BruteForce,test_attack,6.165740041034455,0.15414350102586138,0
synthetic_A#12740,1,BruteForce,test_attack,3.2528225162229916,0.0813205629055748,0
synthetic_A#12741,1,BruteForce,test_attack,3.678235851742974,0.09195589629357434,0
synthetic_A#12742,1,BruteForce,test_attack,2.473502808773332,0.0618375702193333,0
synthetic_A#12743,1,BruteForce,test_attack,5.058850989694821,0.12647127474237052,0
synthetic_A#12744,1,BruteForce,test_attack,2.0501355552117864,0.05125338888029466,0
synthetic_A#12745,1,BruteForce,test_attack,2.284926091650747,0.05712315229126867,0
synthetic_A#12746,1,BruteForce,test_attack,2.479226302585987,0.061980657564649676,0
synthetic_A#12747,1,BruteForce,test_attack,0.3846108633744151,0.009615271584360378,0
synthetic_A#12748,1,BruteForce,test_attack,1.2819867443300017,0.032049668608250044,0
synthetic_A#12749,1,BruteForce,test_attack,0.49393656209258374,0.012348414052314594,0
synthetic_A#12750,1,BruteForce,test_attack,4.862044519182998,0.12155111297957495,0
synthetic_A#12751,1,BruteForce,test_attack,1.0713581243409183,0.026783953108522957,0
synthetic_A#12752,1,BruteForce,test_attack,5.657880174667051,0.1414470043666763,0
synthetic_A#12753,1,BruteForce,test_attack,7.12612823199278,0.1781532057998195,0
synthetic_A#12754,1,BruteForce,test_attack,1.4226210045073584,0.03556552511268396,0
synthetic_A#12755,1,BruteForce,test_attack,6.731703576917464,0.1682925894229366,0
synthetic_A#12756,1,BruteForce,test_attack,1.9860694784529378,0.049651736961323446,0
synthetic_A#12757,1,BruteForce,test_attack,0.3431201184506906,0.008578002961267265,0
synthetic_A#12758,1,BruteForce,test_attack,0.9444158671467167,0.023610396678667916,0
synthetic_A#12759,1,BruteForce,test_attack,1.0445714334565719,0.026114285836414296,0
synthetic_A#12760,1,BruteForce,test_attack,0.47978192729728175,0.011994548182432044,0
synthetic_A#12761,1,BruteForce,test_attack,1.6195502652564309,0.04048875663141077,0
synthetic_A#12762,1,BruteForce,test_attack,2.0905099900428126,0.052262749751070314,0
synthetic_A#12763,1,BruteForce,test_attack,5.212257701503865,0.13030644253759663,0
synthetic_A#12764,1,BruteForce,test_attack,0.6356218004617964,0.01589054501154491,0
synthetic_A#12765,1,BruteForce,test_attack,0.26774633422368904,0.006693658355592226,0
synthetic_A#12766,1,BruteForce,test_attack,1.337153265941672,0.0334288316485418,0
synthetic_A#12767,1,BruteForce,test_attack,1.993903515263466,0.04984758788158665,0
synthetic_A#12768,1,BruteForce,test_attack,0.7603926045964335,0.019009815114910837,0
synthetic_A#12769,1,BruteForce,test_attack,0.5600115906959202,0.014000289767398005,0
synthetic_A#12770,1,BruteForce,test_attack,3.898431453268328,0.09746078633170821,0
synthetic_A#12771,1,BruteForce,test_attack,2.685735231278822,0.06714338078197055,0
synthetic_A#12772,1,BruteForce,test_attack,1.679475780495362,0.04198689451238405,0
synthetic_A#12773,1,BruteForce,test_attack,15.840907102480926,0.39602267756202314,0
synthetic_A#12774,1,BruteForce,test_attack,1.7639297155104674,0.044098242887761686,0
synthetic_A#12775,1,BruteForce,test_attack,2.3977374602120527,0.05994343650530132,0
synthetic_A#12776,1,BruteForce,test_attack,2.126447959718136,0.05316119899295339,0
synthetic_A#12777,1,BruteForce,test_attack,0.24094861416068658,0.006023715354017164,0
synthetic_A#12778,1,BruteForce,test_attack,1.47552665151259,0.03688816628781475,0
synthetic_A#12779,1,BruteForce,test_attack,0.26932792797644356,0.006733198199411089,0
synthetic_A#12780,1,BruteForce,test_attack,1.1954363025030577,0.02988590756257644,0
synthetic_A#12781,1,BruteForce,test_attack,6.592062334686933,0.1648015583671733,0
synthetic_A#12782,1,BruteForce,test_attack,1.306214880283659,0.032655372007091475,0
synthetic_A#12783,1,BruteForce,test_attack,1.3581016663524457,0.03395254165881114,0
synthetic_A#12784,1,BruteForce,test_attack,0.8139780428962253,0.020349451072405635,0
synthetic_A#12785,1,BruteForce,test_attack,3.3404223530634862,0.08351055882658716,0
synthetic_A#12786,1,BruteForce,test_attack,2.564858848912127,0.06412147122280318,0
synthetic_A#12787,1,BruteForce,test_attack,0.7618119482221248,0.01904529870555312,0
synthetic_A#12788,1,BruteForce,test_attack,1.3853757132153235,0.03463439283038309,0
synthetic_A#12789,1,BruteForce,test_attack,0.44962075654630074,0.011240518913657519,0
synthetic_A#12790,1,BruteForce,test_attack,3.5990203052293994,0.08997550763073499,0
synthetic_A#12791,1,BruteForce,test_attack,4.324505041964696,0.1081126260491174,0
synthetic_A#12792,1,BruteForce,test_attack,0.6812259339078147,0.017030648347695368,0
synthetic_A#12793,1,BruteForce,test_attack,1.009949717983103,0.025248742949577574,0
synthetic_A#12794,1,BruteForce,test_attack,1.2046903544945646,0.030117258862364115,0
synthetic_A#12795,1,BruteForce,test_attack,19.25957192773567,0.48148929819339176,0
synthetic_A#12796,1,BruteForce,test_attack,0.564819692244468,0.0141204923061117,0
synthetic_A#12797,1,BruteForce,test_attack,0.7326211825533487,0.01831552956383372,0
synthetic_A#12798,1,BruteForce,test_attack,2.1930842041017806,0.054827105102544516,0
synthetic_A#12799,1,BruteForce,test_attack,8.833824450291186,0.22084561125727964,0
synthetic_A#12800,1,BruteForce,test_attack,1.194757295692157,0.029868932392303926,0
synthetic_A#12801,1,BruteForce,test_attack,3.8100839541547185,0.09525209885386796,0
synthetic_A#12802,1,BruteForce,test_attack,1.5530432355425996,0.03882608088856499,0
synthetic_A#12803,1,BruteForce,test_attack,6.925938312119397,0.17314845780298493,0
synthetic_A#12804,1,BruteForce,test_attack,12.392237498120387,0.30980593745300966,0
synthetic_A#12805,1,BruteForce,test_attack,0.8562178436084165,0.02140544609021041,0
synthetic_A#12806,1,BruteForce,test_attack,8.785291769599784,0.21963229423999459,0
synthetic_A#12807,1,BruteForce,test_attack,1.5048554220084471,0.037621385550211175,0
synthetic_A#12808,1,BruteForce,test_attack,3.3559518744203443,0.0838987968605086,0
synthetic_A#12809,1,BruteForce,test_attack,5.674044475340079,0.14185111188350197,0
synthetic_A#12810,1,BruteForce,test_attack,5.772951862417794,0.14432379656044486,0
synthetic_A#12811,1,BruteForce,test_attack,1.6018704781371893,0.04004676195342973,0
synthetic_A#12812,1,BruteForce,test_attack,1.3364379064586998,0.033410947661467495,0
synthetic_A#12813,1,BruteForce,test_attack,8.618152456224747,0.21545381140561867,0
synthetic_A#12814,1,BruteForce,test_attack,67.7899785523756,1.69474946380939,1
synthetic_A#12815,1,BruteForce,test_attack,7.646840893438334,0.19117102233595834,0
synthetic_A#12816,1,BruteForce,test_attack,0.2312746367037254,0.005781865917593135,0
synthetic_A#12817,1,BruteForce,test_attack,7.127786532297246,0.17819466330743114,0
synthetic_A#12818,1,BruteForce,test_attack,1.3727152198254613,0.034317880495636534,0
synthetic_A#12819,1,BruteForce,test_attack,1.466224327095265,0.03665560817738163,0
synthetic_A#12820,1,BruteForce,test_attack,0.5486153480508231,0.013715383701270577,0
synthetic_A#12821,1,BruteForce,test_attack,1.108524489061506,0.02771311222653765,0
synthetic_A#12822,1,BruteForce,test_attack,3.92046688195048,0.098011672048762,0
synthetic_A#12823,1,BruteForce,test_attack,1.6825383623121968,0.04206345905780492,0
synthetic_A#12824,1,BruteForce,test_attack,4.93022194574532,0.123255548643633,0
synthetic_A#12825,1,BruteForce,test_attack,1.6241910356222071,0.04060477589055518,0
synthetic_A#12826,1,BruteForce,test_attack,7.306610851486102,0.18266527128715254,0
synthetic_A#12827,1,BruteForce,test_attack,0.4154325839118722,0.010385814597796805,0
synthetic_A#12828,1,BruteForce,test_attack,1.7245480142750464,0.04311370035687616,0
synthetic_A#12829,1,BruteForce,test_attack,0.3509044270438401,0.008772610676096002,0
synthetic_A#12830,1,BruteForce,test_attack,3.052481852513282,0.07631204631283205,0
synthetic_A#12831,1,BruteForce,test_attack,0.4073782548157999,0.010184456370394997,0
synthetic_A#12832,1,BruteForce,test_attack,4.0978915742350726,0.10244728935587681,0
synthetic_A#12833,1,BruteForce,test_attack,1.8798108604606834,0.046995271511517084,0
synthetic_A#12834,1,BruteForce,test_attack,3.830436752734652,0.0957609188183663,0
synthetic_A#12835,1,BruteForce,test_attack,1.0503399105625475,0.026258497764063686,0
synthetic_A#12836,1,BruteForce,test_attack,5.071482144772722,0.12678705361931805,0
synthetic_A#12837,1,BruteForce,test_attack,0.41689350904048783,0.010422337726012195,0
synthetic_A#12838,1,BruteForce,test_attack,0.3233660805418203,0.008084152013545507,0
synthetic_A#12839,1,BruteForce,test_attack,16.954728448213526,0.42386821120533813,0
synthetic_A#12840,1,BruteForce,test_attack,1.5546724126993658,0.038866810317484145,0
synthetic_A#12841,1,BruteForce,test_attack,3.7768688584617913,0.09442172146154479,0
synthetic_A#12842,1,BruteForce,test_attack,4.658873444613112,0.11647183611532781,0
synthetic_A#12843,1,BruteForce,test_attack,1.4858623535702224,0.037146558839255564,0
synthetic_A#12844,1,BruteForce,test_attack,0.9851469917205217,0.02462867479301304,0
synthetic_A#12845,1,BruteForce,test_attack,7.613632050150217,0.19034080125375544,0
synthetic_A#12846,1,BruteForce,test_attack,4.519767527189929,0.11299418817974823,0
synthetic_A#12847,1,BruteForce,test_attack,14.838380851900872,0.3709595212975218,0
synthetic_A#12848,1,BruteForce,test_attack,2.5185872518569936,0.06296468129642484,0
synthetic_A#12849,1,BruteForce,test_attack,1.6844367758963519,0.0421109193974088,0
synthetic_A#12850,1,BruteForce,test_attack,0.4370060983313668,0.01092515245828417,0
synthetic_A#12851,1,BruteForce,test_attack,4.314993072353182,0.10787482680882957,0
synthetic_A#12852,1,BruteForce,test_attack,6.534472280965939,0.16336180702414846,0
synthetic_A#12853,1,BruteForce,test_attack,0.9933784557775128,0.02483446139443782,0
synthetic_A#12854,1,BruteForce,test_attack,13.572217826774814,0.3393054456693704,0
synthetic_A#12855,1,BruteForce,test_attack,0.4062646877282572,0.01015661719320643,0
synthetic_A#12856,1,BruteForce,test_attack,0.3003292599324526,0.007508231498311315,0
synthetic_A#12857,1,BruteForce,test_attack,3.6818937790453736,0.09204734447613434,0
synthetic_A#12858,1,BruteForce,test_attack,0.9077048891148068,0.02269262222787017,0
synthetic_A#12859,1,BruteForce,test_attack,6.358868660877675,0.1589717165219419,0
synthetic_A#12860,1,BruteForce,test_attack,178.70200169036224,4.467550042259056,1
synthetic_A#12861,1,BruteForce,test_attack,0.46661037196730865,0.011665259299182716,0
synthetic_A#12862,1,BruteForce,test_attack,1.9008683630817444,0.04752170907704361,0
synthetic_A#12863,1,BruteForce,test_attack,4.1891899630967195,0.10472974907741799,0
synthetic_A#12864,1,BruteForce,test_attack,3.4385966216300483,0.08596491554075121,0
synthetic_A#12865,1,BruteForce,test_attack,0.5439480378479183,0.013598700946197959,0
synthetic_A#12866,1,BruteForce,test_attack,1.0694567446235683,0.02673641861558921,0
synthetic_A#12867,1,BruteForce,test_attack,0.8366967249705222,0.020917418124263055,0
synthetic_A#12868,1,BruteForce,test_attack,0.42920461351855416,0.010730115337963853,0
synthetic_A#12869,1,BruteForce,test_attack,1.2905539530403,0.0322638488260075,0
synthetic_A#12870,1,BruteForce,test_attack,17.622393088016334,0.44055982720040837,0
synthetic_A#12871,1,BruteForce,test_attack,2.488516451223062,0.06221291128057656,0
synthetic_A#12872,1,BruteForce,test_attack,14.982713548317243,0.3745678387079311,0
synthetic_A#12873,1,BruteForce,test_attack,1.2118721530866048,0.03029680382716512,0
synthetic_A#12874,1,BruteForce,test_attack,0.17553493626072675,0.004388373406518169,0
synthetic_A#12875,1,BruteForce,test_attack,8.959652683296902,0.22399131708242254,0
synthetic_A#12876,1,BruteForce,test_attack,52.773685156351036,1.319342128908776,1
synthetic_A#12877,1,BruteForce,test_attack,2.6048364717358807,0.06512091179339702,0
synthetic_A#12878,1,BruteForce,test_attack,2.162308415054299,0.05405771037635747,0
synthetic_A#12879,1,BruteForce,test_attack,32.535601677751586,0.8133900419437896,1
synthetic_A#12880,1,BruteForce,test_attack,0.4537063413247173,0.011342658533117934,0
synthetic_A#12881,1,BruteForce,test_attack,0.6611567216924575,0.01652891804231144,0
synthetic_A#12882,1,BruteForce,test_attack,0.8505935640051371,0.021264839100128427,0
synthetic_A#12883,1,BruteForce,test_attack,1.3287390196605378,0.033218475491513445,0
synthetic_A#12884,1,BruteForce,test_attack,1.9849059111816174,0.04962264777954044,0
synthetic_A#12885,1,BruteForce,test_attack,0.7291057683452482,0.018227644208631204,0
synthetic_A#12886,1,BruteForce,test_attack,0.4320373712424238,0.010800934281060595,0
synthetic_A#12887,1,BruteForce,test_attack,2.2811824773707463,0.057029561934268655,0
synthetic_A#12888,1,BruteForce,test_attack,1.911520354818386,0.04778800887045965,0
synthetic_A#12889,1,BruteForce,test_attack,0.3604630858905459,0.009011577147263647,0
synthetic_A#12890,1,BruteForce,test_attack,4.935118483450914,0.12337796208627286,0
synthetic_A#12891,1,BruteForce,test_attack,10.954246547397496,0.27385616368493737,0
synthetic_A#12892,1,BruteForce,test_attack,2.0530807330634375,0.05132701832658594,0
synthetic_A#12893,1,BruteForce,test_attack,47.73801137040202,1.1934502842600505,1
synthetic_A#12894,1,BruteForce,test_attack,10.385590090982289,0.2596397522745572,0
synthetic_A#12895,1,BruteForce,test_attack,1.7860637621990207,0.04465159405497552,0
synthetic_A#12896,1,BruteForce,test_attack,5.2731615883568725,0.13182903970892182,0
synthetic_A#12897,1,BruteForce,test_attack,1.1946391858035814,0.029865979645089535,0
synthetic_A#12898,1,BruteForce,test_attack,5.848908968646326,0.14622272421615815,0
synthetic_A#12899,1,BruteForce,test_attack,0.33580841072230017,0.008395210268057503,0
synthetic_A#12900,1,BruteForce,test_attack,6.417684734721508,0.1604421183680377,0
synthetic_A#12901,1,BruteForce,test_attack,2.2727483248138327,0.05681870812034582,0
synthetic_A#12902,1,BruteForce,test_attack,5.253523077586538,0.13133807693966343,0
synthetic_A#12903,1,BruteForce,test_attack,0.535317356760143,0.013382933919003576,0
synthetic_A#12904,1,BruteForce,test_attack,2.9528821207021902,0.07382205301755476,0
synthetic_A#12905,1,BruteForce,test_attack,1.3110807088672385,0.032777017721680964,0
synthetic_A#12906,1,BruteForce,test_attack,2.0352207253819037,0.050880518134547595,0
synthetic_A#12907,1,BruteForce,test_attack,6.756232599289333,0.1689058149822333,0
synthetic_A#12908,1,BruteForce,test_attack,9.640333075756278,0.24100832689390694,0
synthetic_A#12909,1,BruteForce,test_attack,0.9343707053882999,0.023359267634707498,0
synthetic_A#12910,1,BruteForce,test_attack,16.529713015703756,0.4132428253925939,0
synthetic_A#12911,1,BruteForce,test_attack,66.17708839764893,1.6544272099412232,1
synthetic_A#12912,1,BruteForce,test_attack,5.585561882263267,0.13963904705658167,0
synthetic_A#12913,1,BruteForce,test_attack,7.028221281129491,0.17570553202823727,0
synthetic_A#12914,1,BruteForce,test_attack,0.2573083663742129,0.006432709159355322,0
synthetic_A#12915,1,BruteForce,test_attack,1.2647627171843836,0.03161906792960959,0
synthetic_A#12916,1,BruteForce,test_attack,3.5427046260558024,0.08856761565139507,0
synthetic_A#12917,1,BruteForce,test_attack,0.38657706252780305,0.009664426563195076,0
synthetic_A#12918,1,BruteForce,test_attack,1.8273807979087442,0.045684519947718605,0
synthetic_A#12919,1,BruteForce,test_attack,15.283229501271341,0.3820807375317835,0
synthetic_A#12920,1,BruteForce,test_attack,48.861864960634534,1.2215466240158634,1
synthetic_A#12921,1,BruteForce,test_attack,0.27733283017731525,0.006933320754432881,0
synthetic_A#12922,1,BruteForce,test_attack,6.793660449020637,0.1698415112255159,0
synthetic_A#12923,1,BruteForce,test_attack,2.2405523032039625,0.056013807580099065,0
synthetic_A#12924,1,BruteForce,test_attack,1.8832349663888095,0.04708087415972024,0
synthetic_A#12925,1,BruteForce,test_attack,0.1969479106420568,0.00492369776605142,0
synthetic_A#12926,1,BruteForce,test_attack,9.856872706079107,0.24642181765197768,0
synthetic_A#12927,1,BruteForce,test_attack,2.024558332508816,0.0506139583127204,0
synthetic_A#12928,1,BruteForce,test_attack,14.880808834077106,0.37202022085192765,0
synthetic_A#12929,1,BruteForce,test_attack,11.815389580284355,0.29538473950710886,0
synthetic_A#12930,1,BruteForce,test_attack,9.081434067285016,0.22703585168212542,0
synthetic_A#12931,1,BruteForce,test_attack,30.52481055627503,0.7631202639068757,1
synthetic_A#12932,1,BruteForce,test_attack,2.7329868831659483,0.0683246720791487,0
synthetic_A#12933,1,BruteForce,test_attack,1.0477187965098271,0.026192969912745678,0
synthetic_A#12934,1,BruteForce,test_attack,4.592434303787438,0.11481085759468594,0
synthetic_A#12935,1,BruteForce,test_attack,0.9520432919219064,0.02380108229804766,0
synthetic_A#12936,1,BruteForce,test_attack,2.5241072888107077,0.06310268222026769,0
synthetic_A#12937,1,BruteForce,test_attack,3.2944965048837886,0.08236241262209472,0
synthetic_A#12938,1,BruteForce,test_attack,27.652475236756132,0.6913118809189033,1
synthetic_A#12939,1,BruteForce,test_attack,5.957002458906886,0.14892506147267215,0
synthetic_A#12940,1,BruteForce,test_attack,1.0150741738255644,0.025376854345639112,0
synthetic_A#12941,1,BruteForce,test_attack,2.1458388055142716,0.05364597013785679,0
synthetic_A#12942,1,BruteForce,test_attack,10.413840929625483,0.26034602324063705,0
synthetic_A#12943,1,BruteForce,test_attack,1.7902585275849452,0.04475646318962363,0
synthetic_A#12944,1,BruteForce,test_attack,1.231213323283412,0.030780333082085297,0
synthetic_A#12945,1,BruteForce,test_attack,0.787408768127474,0.01968521920318685,0
synthetic_A#12946,1,BruteForce,test_attack,1.0873385960198563,0.027183464900496408,0
synthetic_A#12947,1,BruteForce,test_attack,2.6786327257657905,0.06696581814414476,0
synthetic_A#12948,1,BruteForce,test_attack,1.8539529798823158,0.04634882449705789,0
synthetic_A#12949,1,BruteForce,test_attack,1.0006165345323,0.0250154133633075,0
synthetic_A#12950,1,BruteForce,test_attack,49.18063451481811,1.2295158628704528,1
synthetic_A#12951,1,BruteForce,test_attack,2.5733957131832637,0.06433489282958159,0
synthetic_A#12952,1,BruteForce,test_attack,1.4460054639525817,0.03615013659881454,0
synthetic_A#12953,1,BruteForce,test_attack,0.3650597763692111,0.009126494409230277,0
synthetic_A#12954,1,BruteForce,test_attack,1.613743689526166,0.040343592238154154,0
synthetic_A#12955,1,BruteForce,test_attack,0.5046865603620593,0.012617164009051482,0
synthetic_A#12956,1,BruteForce,test_attack,0.9710580448271231,0.024276451120678076,0
synthetic_A#12957,1,BruteForce,test_attack,2.77499809248727,0.06937495231218174,0
synthetic_A#12958,1,BruteForce,test_attack,11.79890285095792,0.294972571273948,0
synthetic_A#12959,1,BruteForce,test_attack,0.8797735105378313,0.02199433776344578,0
synthetic_A#12960,1,BruteForce,test_attack,0.4630379575009524,0.01157594893752381,0
synthetic_A#12961,1,BruteForce,test_attack,0.33739836370720516,0.00843495909268013,0
synthetic_A#12962,1,BruteForce,test_attack,28.963890816439775,0.7240972704109944,1
synthetic_A#12963,1,BruteForce,test_attack,2.7735077645430635,0.06933769411357658,0
synthetic_A#12964,1,BruteForce,test_attack,1.445286871753051,0.03613217179382627,0
synthetic_A#12965,1,BruteForce,test_attack,0.2578625077203715,0.006446562693009287,0
synthetic_A#12966,1,BruteForce,test_attack,9.903644585900343,0.24759111464750858,0
synthetic_A#12967,1,BruteForce,test_attack,5.650101705928472,0.1412525426482118,0
synthetic_A#12968,1,BruteForce,test_attack,31.433868310146618,0.7858467077536655,1
synthetic_A#12969,1,BruteForce,test_attack,1.4519471125262071,0.03629867781315518,0
synthetic_A#12970,1,BruteForce,test_attack,0.4077036373301031,0.010192590933252577,0
synthetic_A#12971,1,BruteForce,test_attack,0.7956366189273316,0.01989091547318329,0
synthetic_A#12972,1,BruteForce,test_attack,5.696557823793171,0.14241394559482928,0
synthetic_A#12973,1,BruteForce,test_attack,0.9138764287955871,0.022846910719889677,0
synthetic_A#12974,1,BruteForce,test_attack,11.857940073651202,0.29644850184128,0
synthetic_A#12975,1,BruteForce,test_attack,1.953781931972261,0.048844548299306526,0
synthetic_A#12976,1,BruteForce,test_attack,8.69345886456743,0.21733647161418576,0
synthetic_A#12977,1,BruteForce,test_attack,6.077857247707673,0.15194643119269183,0
synthetic_A#12978,1,BruteForce,test_attack,2.7748981925750114,0.06937245481437529,0
synthetic_A#12979,1,BruteForce,test_attack,21.77546895269022,0.5443867238172555,0
synthetic_A#12980,1,BruteForce,test_attack,0.27735233822230676,0.006933808455557669,0
synthetic_A#12981,1,BruteForce,test_attack,4.284651112478431,0.10711627781196079,0
synthetic_A#12982,1,BruteForce,test_attack,27.90761617620579,0.6976904044051447,1
synthetic_A#12983,1,BruteForce,test_attack,1.4156234388436062,0.035390585971090155,0
synthetic_A#12984,1,BruteForce,test_attack,0.18098603111224962,0.00452465077780624,0
synthetic_A#12985,1,BruteForce,test_attack,1.2464378688979862,0.031160946722449658,0
synthetic_A#12986,1,BruteForce,test_attack,4.281101349973124,0.1070275337493281,0
synthetic_A#12987,1,BruteForce,test_attack,1.4684560831263478,0.03671140207815869,0
synthetic_A#12988,1,BruteForce,test_attack,5.4320961816367594,0.135802404540919,0
synthetic_A#12989,1,BruteForce,test_attack,2.2863157473395064,0.05715789368348766,0
synthetic_A#12990,1,BruteForce,test_attack,2.0775914560685176,0.05193978640171294,0
synthetic_A#12991,1,BruteForce,test_attack,1.8607158223989821,0.046517895559974556,0
synthetic_A#12992,1,BruteForce,test_attack,16.281740417190115,0.40704351042975284,0
synthetic_A#12993,1,BruteForce,test_attack,12.242996669397685,0.30607491673494214,0
synthetic_A#12994,1,BruteForce,test_attack,0.8697203485342638,0.021743008713356597,0
synthetic_A#12995,1,BruteForce,test_attack,1.1782802748693126,0.029457006871732815,0
synthetic_A#12996,1,BruteForce,test_attack,2.199045449968288,0.0549761362492072,0
synthetic_A#12997,1,BruteForce,test_attack,4.597156119066982,0.11492890297667455,0
synthetic_A#12998,1,BruteForce,test_attack,1.0146168938566709,0.025365422346416772,0
synthetic_A#12999,1,BruteForce,test_attack,0.4587008246062476,0.01146752061515619,0
synthetic_A#13000,1,BruteForce,test_attack,35.5377425744817,0.8884435643620424,1
synthetic_A#13001,1,BruteForce,test_attack,20.060094225706116,0.5015023556426529,0
synthetic_A#13002,1,BruteForce,test_attack,1.2630374136114981,0.03157593534028745,0
synthetic_A#13003,1,BruteForce,test_attack,5.632138005283913,0.14080345013209783,0
synthetic_A#13004,1,BruteForce,test_attack,0.41415164791948245,0.010353791197987062,0
synthetic_A#13005,1,BruteForce,test_attack,5.937258797798758,0.14843146994496895,0
synthetic_A#13006,1,BruteForce,test_attack,28.15524087900786,0.7038810219751965,1
synthetic_A#13007,1,BruteForce,test_attack,1.5757722003572279,0.039394305008930694,0
synthetic_A#13008,1,BruteForce,test_attack,16.385608404746854,0.40964021011867136,0
synthetic_A#13009,1,BruteForce,test_attack,0.5344314166869312,0.013360785417173279,0
synthetic_A#13010,1,BruteForce,test_attack,91.52173788966654,2.2880434472416633,1
synthetic_A#13011,1,BruteForce,test_attack,3.465678570635242,0.08664196426588106,0
synthetic_A#13012,1,BruteForce,test_attack,4.470543901556811,0.11176359753892026,0
synthetic_A#13013,1,BruteForce,test_attack,1.227153118076962,0.03067882795192405,0
synthetic_A#13014,1,BruteForce,test_attack,6.849129072094872,0.1712282268023718,0
synthetic_A#13015,1,BruteForce,test_attack,1.5623777073002678,0.0390594426825067,0
synthetic_A#13016,1,BruteForce,test_attack,1.9597713176862177,0.048994282942155444,0
synthetic_A#13017,1,BruteForce,test_attack,6.869965598248012,0.17174913995620028,0
synthetic_A#13018,1,BruteForce,test_attack,12.582032538022334,0.31455081345055835,0
synthetic_A#13019,1,BruteForce,test_attack,0.7296359400634522,0.018240898501586306,0
synthetic_A#13020,1,BruteForce,test_attack,2.6768700649792816,0.06692175162448204,0
synthetic_A#13021,1,BruteForce,test_attack,6.629436992545692,0.1657359248136423,0
synthetic_A#13022,1,BruteForce,test_attack,0.20379926857332478,0.00509498171433312,0
synthetic_A#13023,1,BruteForce,test_attack,2.156712072221053,0.05391780180552632,0
synthetic_A#13024,1,BruteForce,test_attack,1.7499577615985904,0.04374894403996476,0
synthetic_A#13025,1,BruteForce,test_attack,0.5282867519396193,0.013207168798490482,0
synthetic_A#13026,1,BruteForce,test_attack,0.7366993767467797,0.018417484418669493,0
synthetic_A#13027,1,BruteForce,test_attack,1.8793948280339365,0.04698487070084841,0
synthetic_A#13028,1,BruteForce,test_attack,0.4827074877904774,0.012067687194761935,0
synthetic_A#13029,1,BruteForce,test_attack,0.42135863060521245,0.01053396576513031,0
synthetic_A#13030,1,BruteForce,test_attack,1.3027893058435884,0.032569732646089714,0
synthetic_A#13031,1,BruteForce,test_attack,0.7578788294629628,0.01894697073657407,0
synthetic_A#13032,1,BruteForce,test_attack,1.8198960970026572,0.04549740242506643,0
synthetic_A#13033,1,BruteForce,test_attack,0.9063762042207173,0.02265940510551793,0
synthetic_A#13034,1,BruteForce,test_attack,6.485789990944826,0.16214474977362064,0
synthetic_A#13035,1,BruteForce,test_attack,2.375968797634586,0.059399219940864646,0
synthetic_A#13036,1,BruteForce,test_attack,1.0453433394769867,0.026133583486924666,0
synthetic_A#13037,1,BruteForce,test_attack,0.4331138103011289,0.010827845257528222,0
synthetic_A#13038,1,BruteForce,test_attack,61.678475381136785,1.5419618845284195,1
synthetic_A#13039,1,BruteForce,test_attack,22.916775961459894,0.5729193990364974,1
synthetic_A#13040,1,BruteForce,test_attack,1.1032679031290387,0.027581697578225966,0
synthetic_A#13041,1,BruteForce,test_attack,13.063835750947092,0.3265958937736773,0
synthetic_A#13042,1,BruteForce,test_attack,3.707707481881167,0.09269268704702918,0
synthetic_A#13043,1,BruteForce,test_attack,4.757636067619336,0.1189409016904834,0
synthetic_A#13044,1,BruteForce,test_attack,4.182649615903775,0.10456624039759436,0
synthetic_A#13045,1,BruteForce,test_attack,4.096139284348399,0.10240348210870998,0
synthetic_A#13046,1,BruteForce,test_attack,1.5081725159039525,0.03770431289759881,0
synthetic_A#13047,1,BruteForce,test_attack,1.758321274868526,0.04395803187171315,0
synthetic_A#13048,1,BruteForce,test_attack,1.1930579763183513,0.029826449407958783,0
synthetic_A#13049,1,BruteForce,test_attack,3.767636477938762,0.09419091194846904,0
synthetic_A#13050,1,BruteForce,test_attack,1.583078384610548,0.0395769596152637,0
synthetic_A#13051,1,BruteForce,test_attack,0.8976443102609608,0.02244110775652402,0
synthetic_A#13052,1,BruteForce,test_attack,1.1971996218078393,0.029929990545195982,0
synthetic_A#13053,1,BruteForce,test_attack,0.32734119798590444,0.00818352994964761,0
synthetic_A#13054,1,BruteForce,test_attack,27.279994954660683,0.6819998738665171,1
synthetic_A#13055,1,BruteForce,test_attack,0.34692608984381224,0.008673152246095306,0
synthetic_A#13056,1,BruteForce,test_attack,5.570374180828317,0.13925935452070792,0
synthetic_A#13057,1,BruteForce,test_attack,0.6489525160150491,0.01622381290037623,0
synthetic_A#13058,1,BruteForce,test_attack,5.476223256317947,0.13690558140794867,0
synthetic_A#13059,1,BruteForce,test_attack,5.516414708042575,0.13791036770106438,0
synthetic_A#13060,1,BruteForce,test_attack,0.6959724983877176,0.01739931245969294,0
synthetic_A#13061,1,BruteForce,test_attack,1.5754162569225336,0.03938540642306334,0
synthetic_A#13062,1,BruteForce,test_attack,1.9004802124179523,0.04751200531044881,0
synthetic_A#13063,1,BruteForce,test_attack,1.180993183826801,0.029524829595670026,0
synthetic_A#13064,1,BruteForce,test_attack,13.265329372542027,0.3316332343135507,0
synthetic_A#13065,1,BruteForce,test_attack,19.053166039407223,0.4763291509851806,0
synthetic_A#13066,1,BruteForce,test_attack,1.379694345742303,0.034492358643557576,0
synthetic_A#13067,1,BruteForce,test_attack,0.3105160938070166,0.0077629023451754155,0
synthetic_A#13068,1,BruteForce,test_attack,5.809719146316144,0.14524297865790362,0
synthetic_A#13069,1,BruteForce,test_attack,2.2947919632586533,0.05736979908146633,0
synthetic_A#13070,1,BruteForce,test_attack,1.1546028843011111,0.028865072107527777,0
synthetic_A#13071,1,BruteForce,test_attack,71.33404670344794,1.7833511675861984,1
synthetic_A#13072,1,BruteForce,test_attack,1.6673889525430832,0.04168472381357708,0
synthetic_A#13073,1,BruteForce,test_attack,0.4520838415924745,0.011302096039811863,0
synthetic_A#13074,1,BruteForce,test_attack,9.047295388154852,0.2261823847038713,0
synthetic_A#13075,1,BruteForce,test_attack,29.00412993370215,0.7251032483425537,1
synthetic_A#13076,1,BruteForce,test_attack,1.6926451171627865,0.042316127929069663,0
synthetic_A#13077,1,BruteForce,test_attack,1.0940220666229516,0.02735055166557379,0
synthetic_A#13078,1,BruteForce,test_attack,5.2180047372561145,0.13045011843140286,0
synthetic_A#13079,1,BruteForce,test_attack,0.6075926583671727,0.015189816459179318,0
synthetic_A#13080,1,BruteForce,test_attack,1.3878557119910417,0.034696392799776044,0
synthetic_A#13081,1,BruteForce,test_attack,0.7494272360910794,0.018735680902276987,0
synthetic_A#13082,1,BruteForce,test_attack,2.2210977534889507,0.055527443837223765,0
synthetic_A#13083,1,BruteForce,test_attack,40.54761312379132,1.013690328094783,1
synthetic_A#13084,1,BruteForce,test_attack,1.0791518154411257,0.026978795386028143,0
synthetic_A#13085,1,BruteForce,test_attack,1.7819367193746152,0.04454841798436538,0
synthetic_A#13086,1,BruteForce,test_attack,1.3242566263159485,0.033106415657898715,0
synthetic_A#13087,1,BruteForce,test_attack,3.367279184249764,0.0841819796062441,0
synthetic_A#13088,1,BruteForce,test_attack,4.081467427677944,0.1020366856919486,0
synthetic_A#13089,1,BruteForce,test_attack,0.9533497320288407,0.023833743300721015,0
synthetic_A#13090,1,BruteForce,test_attack,0.8554527821035494,0.021386319552588733,0
synthetic_A#13091,1,BruteForce,test_attack,6.230529571838456,0.15576323929596142,0
synthetic_A#13092,1,BruteForce,test_attack,3.848731602874545,0.09621829007186362,0
synthetic_A#13093,1,BruteForce,test_attack,1.0387365831563984,0.02596841457890996,0
synthetic_A#13094,1,BruteForce,test_attack,0.9081248765466826,0.022703121913667065,0
synthetic_A#13095,1,BruteForce,test_attack,5.357890242886002,0.13394725607215005,0
synthetic_A#13096,1,BruteForce,test_attack,12.028955927203324,0.3007238981800831,0
synthetic_A#13097,1,BruteForce,test_attack,1.4385412221353564,0.03596353055338391,0
synthetic_A#13098,1,BruteForce,test_attack,0.5726365913440636,0.01431591478360159,0
synthetic_A#13099,1,BruteForce,test_attack,7.441923481336916,0.1860480870334229,0
synthetic_A#13100,1,BruteForce,test_attack,0.4664399154578066,0.011660997886445165,0
synthetic_A#13101,1,BruteForce,test_attack,23.47819248564813,0.5869548121412033,1
synthetic_A#13102,1,BruteForce,test_attack,0.25077801935013516,0.006269450483753379,0
synthetic_A#13103,1,BruteForce,test_attack,13.921013644073472,0.3480253411018368,0
synthetic_A#13104,1,BruteForce,test_attack,1.063787637933951,0.026594690948348775,0
synthetic_A#13105,1,BruteForce,test_attack,6.14403888009495,0.15360097200237374,0
synthetic_A#13106,1,BruteForce,test_attack,0.2745963318850104,0.0068649082971252605,0
synthetic_A#13107,1,BruteForce,test_attack,4.216732724394053,0.10541831810985132,0
synthetic_A#13108,1,BruteForce,test_attack,23.012391545054726,0.5753097886263682,1
synthetic_A#13109,1,BruteForce,test_attack,0.7014605558834532,0.017536513897086332,0
synthetic_A#13110,1,BruteForce,test_attack,3.2355646081865084,0.08088911520466271,0
synthetic_A#13111,1,BruteForce,test_attack,0.7074981772817648,0.01768745443204412,0
synthetic_A#13112,1,BruteForce,test_attack,0.9943236123433099,0.02485809030858275,0
synthetic_A#13113,1,BruteForce,test_attack,1.3059072306231139,0.03264768076557785,0
synthetic_A#13114,1,BruteForce,test_attack,1.8918312401868012,0.04729578100467003,0
synthetic_A#13115,1,BruteForce,test_attack,2.6294187318573536,0.06573546829643384,0
synthetic_A#13116,1,BruteForce,test_attack,3.682844277403521,0.09207110693508802,0
synthetic_A#13117,1,BruteForce,test_attack,5.025769142161616,0.1256442285540404,0
synthetic_A#13118,1,BruteForce,test_attack,21.968186763827596,0.5492046690956899,0
synthetic_A#13119,1,BruteForce,test_attack,28.93263931425506,0.7233159828563764,1
synthetic_A#13120,1,BruteForce,test_attack,4.512392245618905,0.11280980614047262,0
synthetic_A#13121,1,BruteForce,test_attack,0.6758401572487587,0.016896003931218966,0
synthetic_A#13122,1,BruteForce,test_attack,0.45443001755563467,0.011360750438890867,0
synthetic_A#13123,1,BruteForce,test_attack,0.7659954273173855,0.019149885682934638,0
synthetic_A#13124,1,BruteForce,test_attack,6.444850342295719,0.16112125855739295,0
synthetic_A#13125,1,BruteForce,test_attack,0.6419424970350598,0.016048562425876496,0
synthetic_A#13126,1,BruteForce,test_attack,1.2040455289101504,0.03010113822275376,0
synthetic_A#13127,1,BruteForce,test_attack,2.6855109963587642,0.0671377749089691,0
synthetic_A#13128,1,BruteForce,test_attack,15.575696835638684,0.3893924208909671,0
synthetic_A#13129,1,BruteForce,test_attack,3.978386616553456,0.0994596654138364,0
synthetic_A#13130,1,BruteForce,test_attack,14.115318673395741,0.3528829668348935,0
synthetic_A#13131,1,BruteForce,test_attack,1.2922793261103718,0.032306983152759296,0
synthetic_A#13132,1,BruteForce,test_attack,2.1888561168311127,0.05472140292077782,0
synthetic_A#13133,1,BruteForce,test_attack,0.7739127404649642,0.019347818511624103,0
synthetic_A#13134,1,BruteForce,test_attack,1.555417515343469,0.038885437883586726,0
synthetic_A#13135,1,BruteForce,test_attack,5.746993999647319,0.143674849991183,0
synthetic_A#13136,1,BruteForce,test_attack,0.5867054142874022,0.014667635357185054,0
synthetic_A#13137,1,BruteForce,test_attack,1.2248064372446588,0.03062016093111647,0
synthetic_A#13138,1,BruteForce,test_attack,1.1407761484637808,0.02851940371159452,0
synthetic_A#13139,1,BruteForce,test_attack,1.6186489354423097,0.040466223386057744,0
synthetic_A#13140,1,BruteForce,test_attack,0.9771674833079305,0.024429187082698263,0
synthetic_A#13141,1,BruteForce,test_attack,1.0029039468137995,0.025072598670344986,0
synthetic_A#13142,1,BruteForce,test_attack,0.5917331042951102,0.014793327607377754,0
synthetic_A#13143,1,BruteForce,test_attack,1.478279663752275,0.03695699159380687,0
synthetic_A#13144,1,BruteForce,test_attack,3.0254152260747054,0.07563538065186763,0
synthetic_A#13145,1,BruteForce,test_attack,32.23982734864684,0.805995683716171,1
synthetic_A#13146,1,BruteForce,test_attack,52.76692677973501,1.3191731694933753,1
synthetic_A#13147,1,BruteForce,test_attack,1.6003752852562538,0.04000938213140635,0
synthetic_A#13148,1,BruteForce,test_attack,7.390700338398798,0.18476750845996995,0
synthetic_A#13149,1,BruteForce,test_attack,0.4831279948740207,0.012078199871850517,0
synthetic_A#13150,1,BruteForce,test_attack,2.164531428522654,0.05411328571306635,0
synthetic_A#13151,1,BruteForce,test_attack,1.2655488206333556,0.03163872051583389,0
synthetic_A#13152,1,BruteForce,test_attack,0.45583807950912514,0.011395951987728128,0
synthetic_A#13153,1,BruteForce,test_attack,0.4951618303384157,0.012379045758460393,0
synthetic_A#13154,1,BruteForce,test_attack,5.756052655779492,0.1439013163944873,0
synthetic_A#13155,1,BruteForce,test_attack,1.8605297374970715,0.046513243437426785,0
synthetic_A#13156,1,BruteForce,test_attack,2.0343558374657893,0.050858895936644735,0
synthetic_A#13157,1,BruteForce,test_attack,8.15807177148027,0.20395179428700674,0
synthetic_A#13158,1,BruteForce,test_attack,0.887411151814139,0.022185278795353473,0
synthetic_A#13159,1,BruteForce,test_attack,0.7382172524263592,0.01845543131065898,0
synthetic_A#13160,1,BruteForce,test_attack,0.9050916505654254,0.022627291264135634,0
synthetic_A#13161,1,BruteForce,test_attack,1.1957039595021561,0.029892598987553903,0
synthetic_A#13162,1,BruteForce,test_attack,1.4334864068766704,0.03583716017191676,0
synthetic_A#13163,1,BruteForce,test_attack,1.6990523416121635,0.042476308540304084,0
synthetic_A#13164,1,BruteForce,test_attack,7.240111645713057,0.1810027911428264,0
synthetic_A#13165,1,BruteForce,test_attack,0.37647672465031323,0.009411918116257832,0
synthetic_A#13166,1,BruteForce,test_attack,2.904408871029739,0.07261022177574347,0
synthetic_A#13167,1,BruteForce,test_attack,22.202503961438786,0.5550625990359697,0
synthetic_A#13168,1,BruteForce,test_attack,9.740606333060452,0.2435151583265113,0
synthetic_A#13169,1,BruteForce,test_attack,1.403302450801989,0.035082561270049724,0
synthetic_A#13170,1,BruteForce,test_attack,5.5947139948563365,0.1398678498714084,0
synthetic_A#13171,1,BruteForce,test_attack,8.42198010388444,0.210549502597111,0
synthetic_A#13172,1,BruteForce,test_attack,0.7366910043596894,0.018417275108992236,0
synthetic_A#13173,1,BruteForce,test_attack,4.375461004189317,0.10938652510473293,0
synthetic_A#13174,1,BruteForce,test_attack,3.4100867863887916,0.0852521696597198,0
synthetic_A#13175,1,BruteForce,test_attack,5.9500143878947345,0.14875035969736836,0
synthetic_A#13176,1,BruteForce,test_attack,8.410447444760427,0.21026118611901068,0
synthetic_A#13177,1,BruteForce,test_attack,2.527536925456512,0.06318842313641279,0
synthetic_A#13178,1,BruteForce,test_attack,0.3392874642370996,0.00848218660592749,0
synthetic_A#13179,1,BruteForce,test_attack,2.3012947409234945,0.057532368523087365,0
synthetic_A#13180,1,BruteForce,test_attack,20.899062509390305,0.5224765627347576,0
synthetic_A#13181,1,BruteForce,test_attack,2.046208933874781,0.051155223346869526,0
synthetic_A#13182,1,BruteForce,test_attack,0.6779770127549323,0.016949425318873307,0
synthetic_A#13183,1,BruteForce,test_attack,0.44042068447282123,0.011010517111820531,0
synthetic_A#13184,1,BruteForce,test_attack,0.7325284713539864,0.018313211783849658,0
synthetic_A#13185,1,BruteForce,test_attack,5.935064300423309,0.14837660751058274,0
synthetic_A#13186,1,BruteForce,test_attack,2.2629291669207627,0.05657322917301907,0
synthetic_A#13187,1,BruteForce,test_attack,7.372102469860934,0.18430256174652335,0
synthetic_A#13188,1,BruteForce,test_attack,1.0315413512125038,0.025788533780312595,0
synthetic_A#13189,1,BruteForce,test_attack,0.8554941885083653,0.021387354712709132,0
synthetic_A#13190,1,BruteForce,test_attack,1.8111968877799591,0.04527992219449898,0
synthetic_A#13191,1,BruteForce,test_attack,0.5874770622558716,0.01468692655639679,0
synthetic_A#13192,1,BruteForce,test_attack,0.7072989678010504,0.01768247419502626,0
synthetic_A#13193,1,BruteForce,test_attack,8.361638327674012,0.20904095819185028,0
synthetic_A#13194,1,BruteForce,test_attack,2.4162520675651034,0.060406301689127584,0
synthetic_A#13195,1,BruteForce,test_attack,19.999443893789564,0.4999860973447391,0
synthetic_A#13196,1,BruteForce,test_attack,0.7397035450091641,0.018492588625229102,0
synthetic_A#13197,1,BruteForce,test_attack,18.26580362495274,0.4566450906238185,0
synthetic_A#13198,1,BruteForce,test_attack,5.341989054461447,0.13354972636153617,0
synthetic_A#13199,1,BruteForce,test_attack,21.796636153315912,0.5449159038328978,0
synthetic_A#13200,1,BruteForce,test_attack,1.4781722677647327,0.03695430669411832,0
synthetic_A#13201,1,BruteForce,test_attack,3.0512264694773448,0.07628066173693362,0
synthetic_A#13202,1,BruteForce,test_attack,1.4927395301477013,0.037318488253692536,0
synthetic_A#13203,1,BruteForce,test_attack,0.6334977278953273,0.015837443197383182,0
synthetic_A#13204,1,BruteForce,test_attack,3.40450010739854,0.0851125026849635,0
synthetic_A#13205,1,BruteForce,test_attack,2.4709837355272817,0.061774593388182045,0
synthetic_A#13206,1,BruteForce,test_attack,2.323278811586603,0.05808197028966507,0
synthetic_A#13207,1,BruteForce,test_attack,0.7067537651467968,0.017668844128669918,0
synthetic_A#13208,1,BruteForce,test_attack,1.9094021804400256,0.047735054511000644,0
synthetic_A#13209,1,BruteForce,test_attack,19.010295048772043,0.4752573762193011,0
synthetic_A#13210,1,BruteForce,test_attack,1.5181130167291264,0.037952825418228156,0
synthetic_A#13211,1,BruteForce,test_attack,1.443110514019057,0.036077762850476425,0
synthetic_A#13212,1,BruteForce,test_attack,1.7492145626206708,0.043730364065516766,0
synthetic_A#13213,1,BruteForce,test_attack,5.746992730290698,0.14367481825726744,0
synthetic_A#13214,1,BruteForce,test_attack,0.1758847276572073,0.004397118191430183,0
synthetic_A#13215,1,BruteForce,test_attack,2.6594491585999602,0.066486228964999,0
synthetic_A#13216,1,BruteForce,test_attack,14.66498201087693,0.36662455027192326,0
synthetic_A#13217,1,BruteForce,test_attack,0.44929574087825286,0.011232393521956322,0
synthetic_A#13218,1,BruteForce,test_attack,0.5135465544954678,0.012838663862386695,0
synthetic_A#13219,1,BruteForce,test_attack,7.235976842296516,0.1808994210574129,0
synthetic_A#13220,1,BruteForce,test_attack,0.7757156452095206,0.019392891130238017,0
synthetic_A#13221,1,BruteForce,test_attack,0.22292588818176537,0.005573147204544134,0
synthetic_A#13222,1,BruteForce,test_attack,0.8689430054938914,0.021723575137347285,0
synthetic_A#13223,1,BruteForce,test_attack,1.235136317674627,0.030878407941865676,0
synthetic_A#13224,1,BruteForce,test_attack,1.2512298786835723,0.03128074696708931,0
synthetic_A#13225,1,BruteForce,test_attack,0.5448987971654877,0.013622469929137192,0
synthetic_A#13226,1,BruteForce,test_attack,1.6660134827024646,0.04165033706756162,0
synthetic_A#13227,1,BruteForce,test_attack,29.257630858254018,0.7314407714563504,1
synthetic_A#13228,1,BruteForce,test_attack,2.950829069290615,0.07377072673226538,0
synthetic_A#13229,1,BruteForce,test_attack,6.723007554854062,0.16807518887135156,0
synthetic_A#13230,1,BruteForce,test_attack,1.3034732026128126,0.032586830065320316,0
synthetic_A#13231,1,BruteForce,test_attack,1.5294833599616156,0.03823708399904039,0
synthetic_A#13232,1,BruteForce,test_attack,0.7158912714669379,0.017897281786673446,0
synthetic_A#13233,1,BruteForce,test_attack,1.7600255817665422,0.044000639544163556,0
synthetic_A#13234,1,BruteForce,test_attack,5.787692503182802,0.14469231257957005,0
synthetic_A#13235,1,BruteForce,test_attack,0.7228397289102508,0.018070993222756272,0
synthetic_A#13236,1,BruteForce,test_attack,1.924186798008907,0.048104669950222674,0
synthetic_A#13237,1,BruteForce,test_attack,1.1669103160404657,0.02917275790101164,0
synthetic_A#13238,1,BruteForce,test_attack,3.7298632205239346,0.09324658051309836,0
synthetic_A#13239,1,BruteForce,test_attack,1.978462505759298,0.04946156264398245,0
synthetic_A#13240,1,BruteForce,test_attack,2.3879105917130117,0.05969776479282529,0
synthetic_A#13241,1,BruteForce,test_attack,0.3553719691734426,0.008884299229336066,0
synthetic_A#13242,1,BruteForce,test_attack,3.1079229967463506,0.07769807491865877,0
synthetic_A#13243,1,BruteForce,test_attack,2.3831590159309135,0.05957897539827284,0
synthetic_A#13244,1,BruteForce,test_attack,2.114105560583562,0.05285263901458905,0
synthetic_A#13245,1,BruteForce,test_attack,2.5296112018690953,0.06324028004672738,0
synthetic_A#13246,1,BruteForce,test_attack,0.2907352641527613,0.007268381603819032,0
synthetic_A#13247,1,BruteForce,test_attack,10.01186874452351,0.2502967186130877,0
synthetic_A#13248,1,BruteForce,test_attack,7.058181941692889,0.17645454854232223,0
synthetic_A#13249,1,BruteForce,test_attack,0.6177699346487868,0.01544424836621967,0
synthetic_A#13250,1,BruteForce,test_attack,0.414708091177166,0.01036770227942915,0
synthetic_A#13251,1,BruteForce,test_attack,5.81559537280626,0.14538988432015648,0
synthetic_A#13252,1,BruteForce,test_attack,1.1183225634628873,0.02795806408657218,0
synthetic_A#13253,1,BruteForce,test_attack,11.749271174131533,0.2937317793532883,0
synthetic_A#13254,1,BruteForce,test_attack,5.233096975320706,0.13082742438301764,0
synthetic_A#13255,1,BruteForce,test_attack,18.914852710532593,0.4728713177633148,0
synthetic_A#13256,1,BruteForce,test_attack,12.004679591240453,0.3001169897810113,0
synthetic_A#13257,1,BruteForce,test_attack,2.7086986915819713,0.06771746728954928,0
synthetic_A#13258,1,BruteForce,test_attack,3.042259393061244,0.0760564848265311,0
synthetic_A#13259,1,BruteForce,test_attack,3.691027470542115,0.09227568676355288,0
synthetic_A#13260,1,BruteForce,test_attack,7.931994207157325,0.19829985517893312,0
synthetic_A#13261,1,BruteForce,test_attack,3.0955303502442955,0.07738825875610739,0
synthetic_A#13262,1,BruteForce,test_attack,1.4150459727893412,0.03537614931973353,0
synthetic_A#13263,1,BruteForce,test_attack,1.9118197539476631,0.04779549384869158,0
synthetic_A#13264,1,BruteForce,test_attack,2.5269547888316826,0.06317386972079206,0
synthetic_A#13265,1,BruteForce,test_attack,10.004320481110433,0.25010801202776084,0
synthetic_A#13266,1,BruteForce,test_attack,3.348060282490011,0.08370150706225028,0
synthetic_A#13267,1,BruteForce,test_attack,0.8236891590631373,0.020592228976578433,0
synthetic_A#13268,1,BruteForce,test_attack,0.4833861422308471,0.012084653555771176,0
synthetic_A#13269,1,BruteForce,test_attack,0.27797334025318754,0.0069493335063296885,0
synthetic_A#13270,1,BruteForce,test_attack,6.771186717943548,0.1692796679485887,0
synthetic_A#13271,1,BruteForce,test_attack,0.1552767863121443,0.0038819196578036078,0
synthetic_A#13272,1,BruteForce,test_attack,8.243210688044519,0.20608026720111297,0
synthetic_A#13273,1,BruteForce,test_attack,2.9633271745063974,0.07408317936265993,0
synthetic_A#13274,1,BruteForce,test_attack,0.4509297399785735,0.011273243499464337,0
synthetic_A#13275,1,BruteForce,test_attack,3.007017646300651,0.07517544115751627,0
synthetic_A#13276,1,BruteForce,test_attack,0.367842577198794,0.00919606442996985,0
synthetic_A#13277,1,BruteForce,test_attack,33.79648267143118,0.8449120667857795,1
synthetic_A#13278,1,BruteForce,test_attack,0.7864886092963744,0.01966221523240936,0
synthetic_A#13279,1,BruteForce,test_attack,3.4732149508567867,0.08683037377141967,0
synthetic_A#13280,1,BruteForce,test_attack,3.542629699143821,0.08856574247859553,0
synthetic_A#13281,1,BruteForce,test_attack,1.4350741091615835,0.035876852729039586,0
synthetic_A#13282,1,BruteForce,test_attack,0.8684236768347857,0.021710591920869642,0
synthetic_A#13283,1,BruteForce,test_attack,0.4555452405568,0.01138863101392,0
synthetic_A#13284,1,BruteForce,test_attack,0.7601119842987192,0.01900279960746798,0
synthetic_A#13285,1,BruteForce,test_attack,5.840249072375757,0.14600622680939393,0
synthetic_A#13286,1,BruteForce,test_attack,0.5661824593887568,0.014154561484718919,0
synthetic_A#13287,1,BruteForce,test_attack,0.7625845838999985,0.019064614597499963,0
synthetic_A#13288,1,BruteForce,test_attack,1.326476544182691,0.03316191360456727,0
synthetic_A#13289,1,BruteForce,test_attack,0.4228714762879713,0.010571786907199282,0
synthetic_A#13290,1,BruteForce,test_attack,0.5528991007861983,0.013822477519654958,0
synthetic_A#13291,1,BruteForce,test_attack,5.865018882591852,0.14662547206479631,0
synthetic_A#13292,1,BruteForce,test_attack,0.5494202320907058,0.013735505802267645,0
synthetic_A#13293,1,BruteForce,test_attack,1.4575877826076917,0.03643969456519229,0
synthetic_A#13294,1,BruteForce,test_attack,4.250029787326355,0.10625074468315887,0
synthetic_A#13295,1,BruteForce,test_attack,1.329164699489472,0.033229117487236795,0
synthetic_A#13296,1,BruteForce,test_attack,4.396092790841623,0.10990231977104056,0
synthetic_A#13297,1,BruteForce,test_attack,4.899880120650782,0.12249700301626956,0
synthetic_A#13298,1,BruteForce,test_attack,10.014123228204589,0.25035308070511475,0
synthetic_A#13299,1,BruteForce,test_attack,28.241588865792558,0.706039721644814,1
synthetic_A#13300,1,BruteForce,test_attack,1.8928646441883723,0.04732161610470931,0
synthetic_A#13301,1,BruteForce,test_attack,37.38436030531537,0.9346090076328842,1
synthetic_A#13302,1,BruteForce,test_attack,2.1825880041317607,0.05456470010329402,0
synthetic_A#13303,1,BruteForce,test_attack,4.6675299737501055,0.11668824934375263,0
synthetic_A#13304,1,BruteForce,test_attack,0.5798851345120625,0.014497128362801561,0
synthetic_A#13305,1,BruteForce,test_attack,1.8131656762092847,0.045329141905232115,0
synthetic_A#13306,1,BruteForce,test_attack,73.09578517704514,1.8273946294261285,1
synthetic_A#13307,1,BruteForce,test_attack,36.64854115192645,0.9162135287981613,1
synthetic_A#13308,1,BruteForce,test_attack,2.902510040299599,0.07256275100748998,0
synthetic_A#13309,1,BruteForce,test_attack,0.5500687543877034,0.013751718859692586,0
synthetic_A#13310,1,BruteForce,test_attack,4.808828975606857,0.12022072439017142,0
synthetic_A#13311,1,BruteForce,test_attack,0.6703349399110077,0.016758373497775193,0
synthetic_A#13312,1,BruteForce,test_attack,0.48947965219276923,0.012236991304819232,0
synthetic_A#13313,1,BruteForce,test_attack,6.820464426289449,0.17051161065723625,0
synthetic_A#13314,1,BruteForce,test_attack,1.8255550317086155,0.04563887579271539,0
synthetic_A#13315,1,BruteForce,test_attack,4.822900829934077,0.12057252074835192,0
synthetic_A#13316,1,BruteForce,test_attack,1.9214043110701078,0.0480351077767527,0
synthetic_A#13317,1,BruteForce,test_attack,1.1557593492401685,0.028893983731004214,0
synthetic_A#13318,1,BruteForce,test_attack,1.4345491610753909,0.03586372902688477,0
synthetic_A#13319,1,BruteForce,test_attack,1.340224004358217,0.033505600108955425,0
synthetic_A#13320,1,BruteForce,test_attack,1.0367159020645667,0.025917897551614166,0
synthetic_A#13321,1,BruteForce,test_attack,0.5420711600010228,0.013551779000025571,0
synthetic_A#13322,1,BruteForce,test_attack,1.8582108349015773,0.046455270872539436,0
synthetic_A#13323,1,BruteForce,test_attack,32.40300505275354,0.8100751263188386,1
synthetic_A#13324,1,BruteForce,test_attack,2.234014170183097,0.055850354254577426,0
synthetic_A#13325,1,BruteForce,test_attack,2.2882172728085415,0.05720543182021354,0
synthetic_A#13326,1,BruteForce,test_attack,3.9285520849926496,0.09821380212481624,0
synthetic_A#13327,1,BruteForce,test_attack,6.526306429480628,0.1631576607370157,0
synthetic_A#13328,1,BruteForce,test_attack,26.738746755024415,0.6684686688756104,1
synthetic_A#13329,1,BruteForce,test_attack,3.911198936613771,0.09777997341534428,0
synthetic_A#13330,1,BruteForce,test_attack,1.3906144789569064,0.03476536197392266,0
synthetic_A#13331,1,BruteForce,test_attack,3.1586254525575757,0.0789656363139394,0
synthetic_A#13332,1,BruteForce,test_attack,6.607250727792659,0.16518126819481646,0
synthetic_A#13333,1,BruteForce,test_attack,1.5480961963109947,0.038702404907774865,0
synthetic_A#13334,1,BruteForce,test_attack,8.936217489694418,0.22340543724236045,0
synthetic_A#13335,1,BruteForce,test_attack,3.7262527737459497,0.09315631934364874,0
synthetic_A#13336,1,BruteForce,test_attack,0.502145085766216,0.012553627144155399,0
synthetic_A#13337,1,BruteForce,test_attack,4.124193192821933,0.10310482982054832,0
synthetic_A#13338,1,BruteForce,test_attack,0.09631098577161715,0.002407774644290429,0
synthetic_A#13339,1,BruteForce,test_attack,1.1818741666833006,0.029546854167082515,0
synthetic_A#13340,1,BruteForce,test_attack,2.28211534318136,0.057052883579533996,0
synthetic_A#13341,1,BruteForce,test_attack,0.6167459549444708,0.01541864887361177,0
synthetic_A#13342,1,BruteForce,test_attack,1.724233946456167,0.04310584866140417,0
synthetic_A#13343,1,BruteForce,test_attack,3.0571434856611064,0.07642858714152766,0
synthetic_A#13344,1,BruteForce,test_attack,2.5655981492152273,0.06413995373038069,0
synthetic_A#13345,1,BruteForce,test_attack,0.3764550167623333,0.009411375419058333,0
synthetic_A#13346,1,BruteForce,test_attack,0.84319564221412,0.021079891055353,0
synthetic_A#13347,1,BruteForce,test_attack,0.6605030612477802,0.016512576531194506,0
synthetic_A#13348,1,BruteForce,test_attack,0.3201300950332564,0.00800325237583141,0
synthetic_A#13349,1,BruteForce,test_attack,1.719149758310423,0.04297874395776057,0
synthetic_A#13350,1,BruteForce,test_attack,1.6368289428736675,0.04092072357184169,0
synthetic_A#13351,1,BruteForce,test_attack,0.5482730981716937,0.013706827454292341,0
synthetic_A#13352,1,BruteForce,test_attack,1.0871602755199494,0.027179006887998736,0
synthetic_A#13353,1,BruteForce,test_attack,0.31299652348683954,0.007824913087170988,0
synthetic_A#13354,1,BruteForce,test_attack,1.099565412366234,0.027489135309155848,0
synthetic_A#13355,1,BruteForce,test_attack,0.533590851263371,0.013339771281584275,0
synthetic_A#13356,1,BruteForce,test_attack,0.44001092823553245,0.011000273205888311,0
synthetic_A#13357,1,BruteForce,test_attack,1.2536305134483587,0.03134076283620897,0
synthetic_A#13358,1,BruteForce,test_attack,2.621364442693831,0.06553411106734577,0
synthetic_A#13359,1,BruteForce,test_attack,3.3689864913069467,0.08422466228267367,0
synthetic_A#13360,1,BruteForce,test_attack,1.866316598659669,0.04665791496649173,0
synthetic_A#13361,1,BruteForce,test_attack,0.7809887859487343,0.01952471964871836,0
synthetic_A#13362,1,BruteForce,test_attack,3.993031228229379,0.09982578070573447,0
synthetic_A#13363,1,BruteForce,test_attack,0.5656242994090519,0.014140607485226298,0
synthetic_A#13364,1,BruteForce,test_attack,0.9839480819069711,0.024598702047674278,0
synthetic_A#13365,1,BruteForce,test_attack,0.9322833553337342,0.023307083883343356,0
synthetic_A#13366,1,BruteForce,test_attack,0.3038412498194986,0.007596031245487465,0
synthetic_A#13367,1,BruteForce,test_attack,0.9331159969565339,0.023327899923913348,0
synthetic_A#13368,1,BruteForce,test_attack,0.40801333355546077,0.010200333338886518,0
synthetic_A#13369,1,BruteForce,test_attack,0.36426981323742136,0.009106745330935534,0
synthetic_A#13370,1,BruteForce,test_attack,0.809389404741431,0.020234735118535775,0
synthetic_A#13371,1,BruteForce,test_attack,1.646254584529545,0.04115636461323863,0
synthetic_A#13372,1,BruteForce,test_attack,0.7649714888813847,0.019124287222034617,0
synthetic_A#13373,1,BruteForce,test_attack,0.6489696667843321,0.016224241669608303,0
synthetic_A#13374,1,BruteForce,test_attack,2.111888437078096,0.0527972109269524,0
synthetic_A#13375,1,BruteForce,test_attack,2.65176010045762,0.06629400251144049,0
synthetic_A#13376,1,BruteForce,test_attack,4.006928078862174,0.10017320197155435,0
synthetic_A#13377,1,BruteForce,test_attack,1.7682804824924732,0.044207012062311826,0
synthetic_A#13378,1,BruteForce,test_attack,4.135114746464921,0.10337786866162302,0
synthetic_A#13379,1,BruteForce,test_attack,1.2792146157555226,0.031980365393888065,0
synthetic_A#13380,1,BruteForce,test_attack,0.8112934025132356,0.02028233506283089,0
synthetic_A#13381,1,BruteForce,test_attack,15.799276265525108,0.3949819066381277,0
synthetic_A#13382,1,BruteForce,test_attack,1.046560671363976,0.0261640167840994,0
synthetic_A#13383,1,BruteForce,test_attack,5.749661979563697,0.14374154948909243,0
synthetic_A#13384,1,BruteForce,test_attack,0.37129785013281746,0.009282446253320437,0
synthetic_A#13385,1,BruteForce,test_attack,1.2419373041339874,0.031048432603349684,0
synthetic_A#13386,1,BruteForce,test_attack,7.666387838582738,0.19165969596456844,0
synthetic_A#13387,1,BruteForce,test_attack,1.234226763177198,0.030855669079429947,0
synthetic_A#13388,1,BruteForce,test_attack,2.096536455249999,0.052413411381249976,0
synthetic_A#13389,1,BruteForce,test_attack,2.485092130100068,0.062127303252501695,0
synthetic_A#13390,1,BruteForce,test_attack,7.749019901065215,0.19372549752663037,0
synthetic_A#13391,1,BruteForce,test_attack,0.9628725155719313,0.024071812889298282,0
synthetic_A#13392,1,BruteForce,test_attack,3.530508514015419,0.08826271285038548,0
synthetic_A#13393,1,BruteForce,test_attack,1.3404235104601794,0.033510587761504486,0
synthetic_A#13394,1,BruteForce,test_attack,10.927447424048317,0.27318618560120794,0
synthetic_A#13395,1,BruteForce,test_attack,0.7163643421178512,0.01790910855294628,0
synthetic_A#13396,1,BruteForce,test_attack,0.8894807888214076,0.02223701972053519,0
synthetic_A#13397,1,BruteForce,test_attack,0.5341972344817887,0.013354930862044718,0
synthetic_A#13398,1,BruteForce,test_attack,40.17540751444232,1.004385187861058,1
synthetic_A#13399,1,BruteForce,test_attack,0.7846730346959767,0.019616825867399417,0
synthetic_A#13400,1,BruteForce,test_attack,18.704154842811032,0.4676038710702758,0
synthetic_A#13401,1,BruteForce,test_attack,5.074217090237899,0.12685542725594748,0
synthetic_A#13402,1,BruteForce,test_attack,1.2757754994494732,0.03189438748623683,0
synthetic_A#13403,1,BruteForce,test_attack,0.4034997526337848,0.01008749381584462,0
synthetic_A#13404,1,BruteForce,test_attack,0.9726668502078486,0.024316671255196216,0
synthetic_A#13405,1,BruteForce,test_attack,5.41973275982723,0.13549331899568076,0
synthetic_A#13406,1,BruteForce,test_attack,2.334843107419011,0.05837107768547527,0
synthetic_A#13407,1,BruteForce,test_attack,2.23509184334563,0.05587729608364075,0
synthetic_A#13408,1,BruteForce,test_attack,9.974327492883965,0.24935818732209913,0
synthetic_A#13409,1,BruteForce,test_attack,12.238884964114183,0.30597212410285457,0
synthetic_A#13410,1,BruteForce,test_attack,19.949179492461298,0.49872948731153244,0
synthetic_A#13411,1,BruteForce,test_attack,0.8046265447157893,0.020115663617894734,0
synthetic_A#13412,1,BruteForce,test_attack,1.9801145222574996,0.04950286305643749,0
synthetic_A#13413,1,BruteForce,test_attack,4.605606584390934,0.11514016460977335,0
synthetic_A#13414,1,BruteForce,test_attack,4.031177319815258,0.10077943299538146,0
synthetic_A#13415,1,BruteForce,test_attack,4.2753073187613175,0.10688268296903294,0
synthetic_A#13416,1,BruteForce,test_attack,0.3508934672959597,0.008772336682398994,0
synthetic_A#13417,1,BruteForce,test_attack,1.510658431466723,0.03776646078666808,0
synthetic_A#13418,1,BruteForce,test_attack,0.3649343845369697,0.009123359613424243,0
synthetic_A#13419,1,BruteForce,test_attack,0.4807669976508505,0.012019174941271263,0
synthetic_A#13420,1,BruteForce,test_attack,33.55193613093623,0.8387984032734057,1
synthetic_A#13421,1,BruteForce,test_attack,50.846137465374504,1.2711534366343626,1
synthetic_A#13422,1,BruteForce,test_attack,8.51950914751303,0.21298772868782576,0
synthetic_A#13423,1,BruteForce,test_attack,12.590215448462484,0.31475538621156207,0
synthetic_A#13424,1,BruteForce,test_attack,1.752193461959502,0.04380483654898755,0
synthetic_A#13425,1,BruteForce,test_attack,5.479294339037885,0.13698235847594714,0
synthetic_A#13426,1,BruteForce,test_attack,3.7482936774423603,0.09370734193605901,0
synthetic_A#13427,1,BruteForce,test_attack,1.2335248163016452,0.03083812040754113,0
synthetic_A#13428,1,BruteForce,test_attack,11.414085607792703,0.2853521401948176,0
synthetic_A#13429,1,BruteForce,test_attack,0.38072144668234353,0.009518036167058588,0
synthetic_A#13430,1,BruteForce,test_attack,0.5084218716015397,0.012710546790038493,0
synthetic_A#13431,1,BruteForce,test_attack,2.0864948881731817,0.052162372204329545,0
synthetic_A#13432,1,BruteForce,test_attack,3.2477738021340943,0.08119434505335235,0
synthetic_A#13433,1,BruteForce,test_attack,16.523703266401224,0.4130925816600306,0
synthetic_A#13434,1,BruteForce,test_attack,1.1785341770147706,0.029463354425369265,0
synthetic_A#13435,1,BruteForce,test_attack,17.247473142965298,0.43118682857413243,0
synthetic_A#13436,1,BruteForce,test_attack,0.9903229996452081,0.024758074991130204,0
synthetic_A#13437,1,BruteForce,test_attack,3.210218279948452,0.08025545699871131,0
synthetic_A#13438,1,BruteForce,test_attack,4.582180623936907,0.11455451559842267,0
synthetic_A#13439,1,BruteForce,test_attack,1.3386177215019086,0.03346544303754771,0
synthetic_A#13440,1,BruteForce,test_attack,6.061001263482283,0.15152503158705707,0
synthetic_A#13441,1,BruteForce,test_attack,5.256094364350631,0.13140235910876577,0
synthetic_A#13442,1,BruteForce,test_attack,10.198210971267443,0.2549552742816861,0
synthetic_A#13443,1,BruteForce,test_attack,2.958457319689092,0.07396143299222731,0
synthetic_A#13444,1,BruteForce,test_attack,2.0031360645480625,0.05007840161370156,0
synthetic_A#13445,1,BruteForce,test_attack,9.32124063481126,0.23303101587028152,0
synthetic_A#13446,1,BruteForce,test_attack,7.028414159817942,0.17571035399544854,0
synthetic_A#13447,1,BruteForce,test_attack,0.40101500461634343,0.010025375115408585,0
synthetic_A#13448,1,BruteForce,test_attack,1.063339350749925,0.026583483768748122,0
synthetic_A#13449,1,BruteForce,test_attack,1.8311779894727842,0.045779449736819605,0
synthetic_A#13450,1,BruteForce,test_attack,2.0165989765873147,0.050414974414682866,0
synthetic_A#13451,1,BruteForce,test_attack,0.5929583511863712,0.01482395877965928,0
synthetic_A#13452,1,BruteForce,test_attack,10.313514173544622,0.25783785433861556,0
synthetic_A#13453,1,BruteForce,test_attack,0.2150663199845196,0.0053766579996129904,0
synthetic_A#13454,1,BruteForce,test_attack,2.3142463006882714,0.05785615751720678,0
synthetic_A#13455,1,BruteForce,test_attack,0.44851530549853025,0.011212882637463256,0
synthetic_A#13456,1,BruteForce,test_attack,16.255543470544403,0.40638858676361006,0
synthetic_A#13457,1,BruteForce,test_attack,5.632420547257578,0.14081051368143943,0
synthetic_A#13458,1,BruteForce,test_attack,2.6083266823704827,0.06520816705926206,0
synthetic_A#13459,1,BruteForce,test_attack,17.179731427577796,0.4294932856894449,0
synthetic_A#13460,1,BruteForce,test_attack,5.835152039917654,0.14587880099794134,0
synthetic_A#13461,1,BruteForce,test_attack,5.544214695174503,0.13860536737936258,0
synthetic_A#13462,1,BruteForce,test_attack,3.2181261976350153,0.08045315494087538,0
synthetic_A#13463,1,BruteForce,test_attack,8.001479129542908,0.2000369782385727,0
synthetic_A#13464,1,BruteForce,test_attack,4.913207578812923,0.12283018947032306,0
synthetic_A#13465,1,BruteForce,test_attack,20.45438276830732,0.511359569207683,0
synthetic_A#13466,1,BruteForce,test_attack,0.9889158214689884,0.024722895536724708,0
synthetic_A#13467,1,BruteForce,test_attack,23.292591850639422,0.5823147962659856,1
synthetic_A#13468,1,BruteForce,test_attack,4.386907092587692,0.1096726773146923,0
synthetic_A#13469,1,BruteForce,test_attack,1.5665901109699814,0.03916475277424954,0
synthetic_A#13470,1,BruteForce,test_attack,3.5996930510140803,0.089992326275352,0
synthetic_A#13471,1,BruteForce,test_attack,0.43768498697151703,0.010942124674287925,0
synthetic_A#13472,1,BruteForce,test_attack,1.4557011693820678,0.0363925292345517,0
synthetic_A#13473,1,BruteForce,test_attack,0.3647499251638028,0.00911874812909507,0
synthetic_A#13474,1,BruteForce,test_attack,1.779584006719574,0.04448960016798935,0
synthetic_A#13475,1,BruteForce,test_attack,1.8795433217954782,0.046988583044886956,0
synthetic_A#13476,1,BruteForce,test_attack,71.17592968620767,1.7793982421551917,1
synthetic_A#13477,1,BruteForce,test_attack,0.7788812646248506,0.019472031615621267,0
synthetic_A#13478,1,BruteForce,test_attack,8.850335865182412,0.22125839662956032,0
synthetic_A#13479,1,BruteForce,test_attack,5.111063674136696,0.12777659185341741,0
synthetic_A#13480,1,BruteForce,test_attack,2.8329719023069106,0.07082429755767276,0
synthetic_A#13481,1,BruteForce,test_attack,1.8263574277915047,0.045658935694787614,0
synthetic_A#13482,1,BruteForce,test_attack,6.879916666620745,0.1719979166655186,0
synthetic_A#13483,1,BruteForce,test_attack,15.25407880798874,0.3813519701997185,0
synthetic_A#13484,1,BruteForce,test_attack,2.9052651202120012,0.07263162800530003,0
synthetic_A#13485,1,BruteForce,test_attack,4.000695497377921,0.10001738743444803,0
synthetic_A#13486,1,BruteForce,test_attack,0.6162792739802931,0.01540698184950733,0
synthetic_A#13487,1,BruteForce,test_attack,11.243988603692733,0.28109971509231835,0
synthetic_A#13488,1,BruteForce,test_attack,1.1555310868458224,0.02888827717114556,0
synthetic_A#13489,1,BruteForce,test_attack,3.412872387350494,0.08532180968376235,0
synthetic_A#13490,1,BruteForce,test_attack,3.6372830269671397,0.09093207567417849,0
synthetic_A#13491,1,BruteForce,test_attack,1.145375026312461,0.028634375657811524,0
synthetic_A#13492,1,BruteForce,test_attack,1.6416612980974126,0.04104153245243532,0
synthetic_A#13493,1,BruteForce,test_attack,0.664028512102335,0.016600712802558378,0
synthetic_A#13494,1,BruteForce,test_attack,0.898431821786603,0.022460795544665076,0
synthetic_A#13495,1,BruteForce,test_attack,7.5191730787281665,0.18797932696820416,0
synthetic_A#13496,1,BruteForce,test_attack,2.144038824896894,0.05360097062242235,0
synthetic_A#13497,1,BruteForce,test_attack,0.8470013155553822,0.021175032888884553,0
synthetic_A#13498,1,BruteForce,test_attack,5.637624716772219,0.14094061791930548,0
synthetic_A#13499,1,BruteForce,test_attack,1.5175327470812596,0.03793831867703149,0
synthetic_A#13500,1,BruteForce,test_attack,2.2826835556778557,0.057067088891946394,0
synthetic_A#13501,1,BruteForce,test_attack,9.603451359860205,0.24008628399650514,0
synthetic_A#13502,1,BruteForce,test_attack,13.277285053858165,0.33193212634645414,0
synthetic_A#13503,1,BruteForce,test_attack,2.1558316424920436,0.05389579106230109,0
synthetic_A#13504,1,BruteForce,test_attack,5.77889414146895,0.14447235353672375,0
synthetic_A#13505,1,BruteForce,test_attack,0.5836914250195435,0.014592285625488588,0
synthetic_A#13506,1,BruteForce,test_attack,3.629523182020079,0.09073807955050198,0
synthetic_A#13507,1,BruteForce,test_attack,0.7896959747889852,0.01974239936972463,0
synthetic_A#13508,1,BruteForce,test_attack,0.6831016335254083,0.01707754083813521,0
synthetic_A#13509,1,BruteForce,test_attack,0.2605509925845354,0.006513774814613385,0
synthetic_A#13510,1,BruteForce,test_attack,11.307001408825904,0.28267503522064763,0
synthetic_A#13511,1,BruteForce,test_attack,1.6186910680858289,0.04046727670214572,0
synthetic_A#13512,1,BruteForce,test_attack,0.1988368721349543,0.0049709218033738576,0
synthetic_A#13513,1,BruteForce,test_attack,3.1779492716723117,0.0794487317918078,0
synthetic_A#13514,1,BruteForce,test_attack,11.682206482155575,0.29205516205388937,0
synthetic_A#13515,1,BruteForce,test_attack,0.573319595793254,0.014332989894831349,0
synthetic_A#13516,1,BruteForce,test_attack,3.5068063759941595,0.08767015939985398,0
synthetic_A#13517,1,BruteForce,test_attack,1.1447587575664662,0.028618968939161653,0
synthetic_A#13518,1,BruteForce,test_attack,4.306650761523548,0.1076662690380887,0
synthetic_A#13519,1,BruteForce,test_attack,0.7694044928568926,0.019235112321422315,0
synthetic_A#13520,1,BruteForce,test_attack,2.9941935651264746,0.07485483912816186,0
synthetic_A#13521,1,BruteForce,test_attack,4.180842072761207,0.10452105181903018,0
synthetic_A#13522,1,BruteForce,test_attack,2.2733207992163735,0.056833019980409336,0
synthetic_A#13523,1,BruteForce,test_attack,27.625180059690837,0.690629501492271,1
synthetic_A#13524,1,BruteForce,test_attack,2.562316569086026,0.06405791422715065,0
synthetic_A#13525,1,BruteForce,test_attack,1.8987245983926313,0.04746811495981578,0
synthetic_A#13526,1,BruteForce,test_attack,2.3510899011407904,0.05877724752851976,0
synthetic_A#13527,1,BruteForce,test_attack,0.9033416111640749,0.022583540279101873,0
synthetic_A#13528,1,BruteForce,test_attack,12.928649461179408,0.32321623652948517,0
synthetic_A#13529,1,BruteForce,test_attack,15.350906765551066,0.38377266913877667,0
synthetic_A#13530,1,BruteForce,test_attack,5.171259919640713,0.12928149799101782,0
synthetic_A#13531,1,BruteForce,test_attack,0.9617566330925953,0.024043915827314882,0
synthetic_A#13532,1,BruteForce,test_attack,0.4810925808552211,0.012027314521380528,0
synthetic_A#13533,1,BruteForce,test_attack,7.381405767405326,0.18453514418513314,0
synthetic_A#13534,1,BruteForce,test_attack,3.2419069350104253,0.08104767337526063,0
synthetic_A#13535,1,BruteForce,test_attack,0.8941157045961589,0.02235289261490397,0
synthetic_A#13536,1,BruteForce,test_attack,3.804174287364556,0.09510435718411389,0
synthetic_A#13537,1,BruteForce,test_attack,4.241952212561938,0.10604880531404845,0
synthetic_A#13538,1,BruteForce,test_attack,7.118044273418507,0.17795110683546267,0
synthetic_A#13539,1,BruteForce,test_attack,0.9400098562796967,0.023500246406992418,0
synthetic_A#13540,1,BruteForce,test_attack,2.11020343485442,0.0527550858713605,0
synthetic_A#13541,1,BruteForce,test_attack,2.586552751754156,0.0646638187938539,0
synthetic_A#13542,1,BruteForce,test_attack,3.273208854870932,0.0818302213717733,0
synthetic_A#13543,1,BruteForce,test_attack,9.392719945561089,0.23481799863902722,0
synthetic_A#13544,1,BruteForce,test_attack,1.4112361558559186,0.035280903896397965,0
synthetic_A#13545,1,BruteForce,test_attack,1.284570279074054,0.03211425697685135,0
synthetic_A#13546,1,BruteForce,test_attack,4.9117959037766274,0.12279489759441568,0
synthetic_A#13547,1,BruteForce,test_attack,20.23564980330032,0.5058912450825079,0
synthetic_A#13548,1,BruteForce,test_attack,5.972998098953759,0.14932495247384397,0
synthetic_A#13549,1,BruteForce,test_attack,3.4838456577432035,0.08709614144358009,0
synthetic_A#13550,1,BruteForce,test_attack,1.852706304937292,0.046317657623432304,0
synthetic_A#13551,1,BruteForce,test_attack,2.2738100283345872,0.05684525070836468,0
synthetic_A#13552,1,BruteForce,test_attack,0.30052633399094086,0.007513158349773522,0
synthetic_A#13553,1,BruteForce,test_attack,7.792111880263803,0.19480279700659509,0
synthetic_A#13554,1,BruteForce,test_attack,0.4125397635397257,0.010313494088493143,0
synthetic_A#13555,1,BruteForce,test_attack,0.9720657000510071,0.02430164250127518,0
synthetic_A#13556,1,BruteForce,test_attack,1.6891295941012885,0.04222823985253221,0
synthetic_A#13557,1,BruteForce,test_attack,19.93488640712114,0.49837216017802854,0
synthetic_A#13558,1,BruteForce,test_attack,6.811852261968869,0.17029630654922173,0
synthetic_A#13559,1,BruteForce,test_attack,5.2089654762943844,0.13022413690735962,0
synthetic_A#13560,1,BruteForce,test_attack,1.7852075959533489,0.04463018989883372,0
synthetic_A#13561,1,BruteForce,test_attack,4.207989175159763,0.10519972937899406,0
synthetic_A#13562,1,BruteForce,test_attack,1.168413504418862,0.029210337610471548,0
synthetic_A#13563,1,BruteForce,test_attack,2.2322692486280484,0.05580673121570121,0
synthetic_A#13564,1,BruteForce,test_attack,0.4091104394325177,0.010227760985812942,0
synthetic_A#13565,1,BruteForce,test_attack,0.7493095553766944,0.01873273888441736,0
synthetic_A#13566,1,BruteForce,test_attack,1.8064209710569958,0.0451605242764249,0
synthetic_A#13567,1,BruteForce,test_attack,16.58295084097896,0.414573771024474,0
synthetic_A#13568,1,BruteForce,test_attack,4.709564590149921,0.11773911475374803,0
synthetic_A#13569,1,BruteForce,test_attack,0.13363441721748318,0.0033408604304370794,0
synthetic_A#13570,1,BruteForce,test_attack,1.0415642617799918,0.026039106544499795,0
synthetic_A#13571,1,BruteForce,test_attack,1.5097828571851535,0.03774457142962884,0
synthetic_A#13572,1,BruteForce,test_attack,0.9934666231987431,0.024836665579968577,0
synthetic_A#13573,1,BruteForce,test_attack,3.0810690912795695,0.07702672728198924,0
synthetic_A#13574,1,BruteForce,test_attack,1.0657907932807698,0.026644769832019244,0
synthetic_A#13575,1,BruteForce,test_attack,2.316205225874641,0.05790513064686602,0
synthetic_A#13576,1,BruteForce,test_attack,3.590853739225012,0.08977134348062529,0
synthetic_A#13577,1,BruteForce,test_attack,1.5541477100078256,0.03885369275019564,0
synthetic_A#13578,1,BruteForce,test_attack,0.3824735580207764,0.009561838950519411,0
synthetic_A#13579,1,BruteForce,test_attack,17.868562295819302,0.44671405739548253,0
synthetic_A#13580,1,BruteForce,test_attack,0.5310857055677201,0.013277142639193001,0
synthetic_A#13581,1,BruteForce,test_attack,1.142634600550846,0.028565865013771154,0
synthetic_A#13582,1,BruteForce,test_attack,8.481965237238162,0.21204913093095407,0
synthetic_A#13583,1,BruteForce,test_attack,15.227015403951604,0.3806753850987901,0
synthetic_A#13584,1,BruteForce,test_attack,0.4724444981696712,0.01181111245424178,0
synthetic_A#13585,1,BruteForce,test_attack,3.5735542299541025,0.08933885574885256,0
synthetic_A#13586,1,BruteForce,test_attack,1.0725626594699538,0.026814066486748844,0
synthetic_A#13587,1,BruteForce,test_attack,4.330043140232604,0.1082510785058151,0
synthetic_A#13588,1,BruteForce,test_attack,19.458302356564648,0.4864575589141162,0
synthetic_A#13589,1,BruteForce,test_attack,1.2181690258785915,0.03045422564696479,0
synthetic_A#13590,1,BruteForce,test_attack,2.23814677827718,0.0559536694569295,0
synthetic_A#13591,1,BruteForce,test_attack,2.1167295935816406,0.05291823983954101,0
synthetic_A#13592,1,BruteForce,test_attack,9.575167969312185,0.23937919923280462,0
synthetic_A#13593,1,BruteForce,test_attack,0.4369866704307559,0.010924666760768897,0
synthetic_A#13594,1,BruteForce,test_attack,0.6584043586914925,0.016460108967287314,0
synthetic_A#13595,1,BruteForce,test_attack,9.207160854312024,0.2301790213578006,0
synthetic_A#13596,1,BruteForce,test_attack,2.040458183140973,0.05101145457852433,0
synthetic_A#13597,1,BruteForce,test_attack,8.452759239281267,0.21131898098203167,0
synthetic_A#13598,1,BruteForce,test_attack,0.6017968997168819,0.015044922492922047,0
synthetic_A#13599,1,BruteForce,test_attack,0.785115693907932,0.0196278923476983,0
synthetic_A#13600,1,BruteForce,test_attack,5.505097879756514,0.13762744699391286,0
synthetic_A#13601,1,BruteForce,test_attack,1.6958609621612855,0.04239652405403214,0
synthetic_A#13602,1,BruteForce,test_attack,20.12410280595608,0.503102570148902,0
synthetic_A#13603,1,BruteForce,test_attack,1.3769358150835151,0.03442339537708788,0
synthetic_A#13604,1,BruteForce,test_attack,28.980879011923548,0.7245219752980887,1
synthetic_A#13605,1,BruteForce,test_attack,0.38291046341038315,0.00957276158525958,0
synthetic_A#13606,1,BruteForce,test_attack,3.0601683772912702,0.07650420943228176,0
synthetic_A#13607,1,BruteForce,test_attack,1.502949516939887,0.03757373792349718,0
synthetic_A#13608,1,BruteForce,test_attack,0.8547350190341603,0.021368375475854007,0
synthetic_A#13609,1,BruteForce,test_attack,5.06089746555178,0.1265224366387945,0
synthetic_A#13610,1,BruteForce,test_attack,0.9302311978539293,0.023255779946348233,0
synthetic_A#13611,1,BruteForce,test_attack,0.7589463830430536,0.01897365957607634,0
synthetic_A#13612,1,BruteForce,test_attack,5.02002514288003,0.12550062857200076,0
synthetic_A#13613,1,BruteForce,test_attack,1.2464719747742823,0.031161799369357056,0
synthetic_A#13614,1,BruteForce,test_attack,1.9799442661470517,0.049498606653676294,0
synthetic_A#13615,1,BruteForce,test_attack,1.0896549351117442,0.027241373377793605,0
synthetic_A#13616,1,BruteForce,test_attack,5.144803535416743,0.12862008838541858,0
synthetic_A#13617,1,BruteForce,test_attack,1.8074469312258472,0.04518617328064618,0
synthetic_A#13618,1,BruteForce,test_attack,0.7804440002910348,0.01951110000727587,0
synthetic_A#13619,1,BruteForce,test_attack,1.0598852100289888,0.02649713025072472,0
synthetic_A#13620,1,BruteForce,test_attack,1.7152870331146894,0.042882175827867235,0
synthetic_A#13621,1,BruteForce,test_attack,1.0250519247440293,0.025626298118600732,0
synthetic_A#13622,1,BruteForce,test_attack,0.7516652884928077,0.018791632212320192,0
synthetic_A#13623,1,BruteForce,test_attack,5.9261992914665,0.14815498228666252,0
synthetic_A#13624,1,BruteForce,test_attack,1.2557947766408026,0.031394869416020064,0
synthetic_A#13625,1,BruteForce,test_attack,2.196621298744219,0.05491553246860548,0
synthetic_A#13626,1,BruteForce,test_attack,0.5294233154246217,0.013235582885615544,0
synthetic_A#13627,1,BruteForce,test_attack,3.3210230086251142,0.08302557521562785,0
synthetic_A#13628,1,BruteForce,test_attack,2.4648176098777608,0.06162044024694402,0
synthetic_A#13629,1,BruteForce,test_attack,0.6033251831837934,0.015083129579594835,0
synthetic_A#13630,1,BruteForce,test_attack,1.1112615128933712,0.02778153782233428,0
synthetic_A#13631,1,BruteForce,test_attack,1.144181282382812,0.0286045320595703,0
synthetic_A#13632,1,BruteForce,test_attack,1.4084883619265738,0.03521220904816434,0
synthetic_A#13633,1,BruteForce,test_attack,8.56772824851762,0.2141932062129405,0
synthetic_A#13634,1,BruteForce,test_attack,0.9834023103790186,0.024585057759475466,0
synthetic_A#13635,1,BruteForce,test_attack,5.334316150008232,0.1333579037502058,0
synthetic_A#13636,1,BruteForce,test_attack,0.5633718870868105,0.014084297177170264,0
synthetic_A#13637,1,BruteForce,test_attack,2.156156312827462,0.05390390782068655,0
synthetic_A#13638,1,BruteForce,test_attack,1.304546753630889,0.03261366884077223,0
synthetic_A#13639,1,BruteForce,test_attack,0.6751825910540056,0.01687956477635014,0
synthetic_A#13640,1,BruteForce,test_attack,28.18573375759702,0.7046433439399256,1
synthetic_A#13641,1,BruteForce,test_attack,0.5158686102229284,0.01289671525557321,0
synthetic_A#13642,1,BruteForce,test_attack,1.4006266935212963,0.03501566733803241,0
synthetic_A#13643,1,BruteForce,test_attack,3.9729872503176296,0.09932468125794074,0
synthetic_A#13644,1,BruteForce,test_attack,0.8746308302004218,0.021865770755010543,0
synthetic_A#13645,1,BruteForce,test_attack,5.519178436114843,0.13797946090287108,0
synthetic_A#13646,1,BruteForce,test_attack,2.842027331843055,0.07105068329607638,0
synthetic_A#13647,1,BruteForce,test_attack,21.80633867872953,0.5451584669682383,0
synthetic_A#13648,1,BruteForce,test_attack,1.4917405330064462,0.037293513325161155,0
synthetic_A#13649,1,BruteForce,test_attack,2.709814916137987,0.06774537290344967,0
synthetic_A#13650,1,BruteForce,test_attack,0.6373117895894836,0.01593279473973709,0
synthetic_A#13651,1,BruteForce,test_attack,11.774375733151182,0.29435939332877953,0
synthetic_A#13652,1,BruteForce,test_attack,2.9762615334341564,0.07440653833585391,0
synthetic_A#13653,1,BruteForce,test_attack,0.7831691323495023,0.019579228308737557,0
synthetic_A#13654,1,BruteForce,test_attack,0.9620894628214887,0.024052236570537216,0
synthetic_A#13655,1,BruteForce,test_attack,0.8895179741402623,0.022237949353506557,0
synthetic_A#13656,1,BruteForce,test_attack,0.7348130198849037,0.018370325497122593,0
synthetic_A#13657,1,BruteForce,test_attack,4.765782638426292,0.1191445659606573,0
synthetic_A#13658,1,BruteForce,test_attack,0.4796474531930306,0.011991186329825765,0
synthetic_A#13659,1,BruteForce,test_attack,2.3710590911850242,0.05927647727962561,0
synthetic_A#13660,1,BruteForce,test_attack,1.6764476449154633,0.04191119112288658,0
synthetic_A#13661,1,BruteForce,test_attack,2.2611207640560487,0.05652801910140122,0
synthetic_A#13662,1,BruteForce,test_attack,0.5114469674243092,0.01278617418560773,0
synthetic_A#13663,1,BruteForce,test_attack,1.1811325920144153,0.029528314800360382,0
synthetic_A#13664,1,BruteForce,test_attack,11.584902164048486,0.2896225541012122,0
synthetic_A#13665,1,BruteForce,test_attack,2.7941631045389377,0.06985407761347344,0
synthetic_A#13666,1,BruteForce,test_attack,6.513694915822551,0.16284237289556378,0
synthetic_A#13667,1,BruteForce,test_attack,0.5887064766170651,0.014717661915426627,0
synthetic_A#13668,1,BruteForce,test_attack,21.009567302780237,0.525239182569506,0
synthetic_A#13669,1,BruteForce,test_attack,1.0176949261135335,0.025442373152838337,0
synthetic_A#13670,1,BruteForce,test_attack,0.9340739596430869,0.023351848991077173,0
synthetic_A#13671,1,BruteForce,test_attack,0.4991350423220782,0.012478376058051955,0
synthetic_A#13672,1,BruteForce,test_attack,0.48760387734182764,0.012190096933545691,0
synthetic_A#13673,1,BruteForce,test_attack,4.305850313095145,0.10764625782737862,0
synthetic_A#13674,1,BruteForce,test_attack,2.359994020434054,0.05899985051085135,0
synthetic_A#13675,1,BruteForce,test_attack,3.324806685870935,0.08312016714677337,0
synthetic_A#13676,1,BruteForce,test_attack,0.4744267730819405,0.011860669327048512,0
synthetic_A#13677,1,BruteForce,test_attack,11.224506756390268,0.28061266890975667,0
synthetic_A#13678,1,BruteForce,test_attack,6.981950691209687,0.17454876728024218,0
synthetic_A#13679,1,BruteForce,test_attack,24.845611227589657,0.6211402806897415,1
synthetic_A#13680,1,BruteForce,test_attack,3.4180811695785844,0.08545202923946461,0
synthetic_A#13681,1,BruteForce,test_attack,1.2788301960248973,0.031970754900622435,0
synthetic_A#13682,1,BruteForce,test_attack,4.082421296959814,0.10206053242399535,0
synthetic_A#13683,1,BruteForce,test_attack,0.18950416023569866,0.0047376040058924665,0
synthetic_A#13684,1,BruteForce,test_attack,1.502717759663107,0.037567943991577674,0
synthetic_A#13685,1,BruteForce,test_attack,2.2098500397511724,0.05524625099377931,0
synthetic_A#13686,1,BruteForce,test_attack,0.6863560054120174,0.017158900135300435,0
synthetic_A#13687,1,BruteForce,test_attack,7.41169440171734,0.1852923600429335,0
synthetic_A#13688,1,BruteForce,test_attack,6.521988487465559,0.16304971218663897,0
synthetic_A#13689,1,BruteForce,test_attack,0.860503131460455,0.021512578286511375,0
synthetic_A#13690,1,BruteForce,test_attack,0.3900853612222708,0.00975213403055677,0
synthetic_A#13691,1,BruteForce,test_attack,26.513294415093664,0.6628323603773416,1
synthetic_A#13692,1,BruteForce,test_attack,1.791698999451622,0.04479247498629055,0
synthetic_A#13693,1,BruteForce,test_attack,2.6151427468132886,0.06537856867033222,0
synthetic_A#13694,1,BruteForce,test_attack,0.9833395563525935,0.024583488908814836,0
synthetic_A#13695,1,BruteForce,test_attack,18.17385517727743,0.4543463794319358,0
synthetic_A#13696,1,BruteForce,test_attack,0.625184071496365,0.015629601787409124,0
synthetic_A#13697,1,BruteForce,test_attack,12.283761625941946,0.3070940406485486,0
synthetic_A#13698,1,BruteForce,test_attack,1.523758828650423,0.03809397071626057,0
synthetic_A#13699,1,BruteForce,test_attack,1.139326557391391,0.028483163934784776,0
synthetic_A#13700,1,BruteForce,test_attack,1.7045713483455271,0.04261428370863818,0
synthetic_A#13701,1,BruteForce,test_attack,4.182945829921193,0.10457364574802983,0
synthetic_A#13702,1,BruteForce,test_attack,4.865821302777981,0.12164553256944952,0
synthetic_A#13703,1,BruteForce,test_attack,1.898032891229394,0.04745082228073485,0
synthetic_A#13704,1,BruteForce,test_attack,4.115010032840943,0.10287525082102358,0
synthetic_A#13705,1,BruteForce,test_attack,0.9215104460545106,0.023037761151362766,0
synthetic_A#13706,1,BruteForce,test_attack,0.22485430286432834,0.005621357571608208,0
synthetic_A#13707,1,BruteForce,test_attack,2.3962424302170238,0.059906060755425594,0
synthetic_A#13708,1,BruteForce,test_attack,5.940915572584591,0.14852288931461477,0
synthetic_A#13709,1,BruteForce,test_attack,2.43902285980164,0.060975571495041,0
synthetic_A#13710,1,BruteForce,test_attack,1.0590089807647358,0.026475224519118396,0
synthetic_A#13711,1,BruteForce,test_attack,1.4677483316200803,0.03669370829050201,0
synthetic_A#13712,1,BruteForce,test_attack,21.805386130686458,0.5451346532671615,0
synthetic_A#13713,1,BruteForce,test_attack,1.4329218821393828,0.03582304705348457,0
synthetic_A#13714,1,BruteForce,test_attack,0.8711705401716783,0.021779263504291956,0
synthetic_A#13715,1,BruteForce,test_attack,0.25171237878350744,0.006292809469587686,0
synthetic_A#13716,1,BruteForce,test_attack,1.7938638493154089,0.04484659623288522,0
synthetic_A#13717,1,BruteForce,test_attack,1.4872422162798742,0.03718105540699686,0
synthetic_A#13718,1,BruteForce,test_attack,45.58906059905094,1.1397265149762734,1
synthetic_A#13719,1,BruteForce,test_attack,4.396324998074283,0.10990812495185706,0
synthetic_A#13720,1,BruteForce,test_attack,1.0137676176000774,0.025344190440001933,0
synthetic_A#13721,1,BruteForce,test_attack,2.3079022326149516,0.057697555815373794,0
synthetic_A#13722,1,BruteForce,test_attack,0.6093358790070716,0.015233396975176791,0
synthetic_A#13723,1,BruteForce,test_attack,5.024907459456809,0.12562268648642022,0
synthetic_A#13724,1,BruteForce,test_attack,0.8603567231007063,0.021508918077517657,0
synthetic_A#13725,1,BruteForce,test_attack,2.931282029013224,0.0732820507253306,0
synthetic_A#13726,1,BruteForce,test_attack,2.5712979628761437,0.06428244907190359,0
synthetic_A#13727,1,BruteForce,test_attack,47.34296025452951,1.1835740063632376,1
synthetic_A#13728,1,BruteForce,test_attack,0.7524493327017006,0.018811233317542513,0
synthetic_A#13729,1,BruteForce,test_attack,1.8164943195669019,0.04541235798917255,0
synthetic_A#13730,1,BruteForce,test_attack,0.2771856759866118,0.006929641899665296,0
synthetic_A#13731,1,BruteForce,test_attack,6.178720893787293,0.15446802234468232,0
synthetic_A#13732,1,BruteForce,test_attack,2.9625223458152075,0.07406305864538018,0
synthetic_A#13733,1,BruteForce,test_attack,158.44402317263695,3.9611005793159237,1
synthetic_A#13734,1,BruteForce,test_attack,1.228490513019913,0.030712262825497827,0
synthetic_A#13735,1,BruteForce,test_attack,0.715121600686995,0.017878040017174877,0
synthetic_A#13736,1,BruteForce,test_attack,1.1647854065111698,0.029119635162779246,0
synthetic_A#13737,1,BruteForce,test_attack,2.0113947956618468,0.050284869891546166,0
synthetic_A#13738,1,BruteForce,test_attack,2.0512574186495316,0.05128143546623829,0
synthetic_A#13739,1,BruteForce,test_attack,0.3285487346499891,0.008213718366249729,0
synthetic_A#13740,1,BruteForce,test_attack,3.956468288417936,0.0989117072104484,0
synthetic_A#13741,1,BruteForce,test_attack,0.3042458152065438,0.007606145380163595,0
synthetic_A#13742,1,BruteForce,test_attack,0.9528171553664307,0.02382042888416077,0
synthetic_A#13743,1,BruteForce,test_attack,0.6438341212500667,0.016095853031251668,0
synthetic_A#13744,1,BruteForce,test_attack,2.436310797333666,0.06090776993334165,0
synthetic_A#13745,1,BruteForce,test_attack,1.6947028331302656,0.04236757082825664,0
synthetic_A#13746,1,BruteForce,test_attack,5.17680872330887,0.12942021808272175,0
synthetic_A#13747,1,BruteForce,test_attack,2.047184143614353,0.05117960359035882,0
synthetic_A#13748,1,BruteForce,test_attack,0.8299857416765197,0.020749643541912992,0
synthetic_A#13749,1,BruteForce,test_attack,3.7557744779976314,0.09389436194994079,0
synthetic_A#13750,1,BruteForce,test_attack,2.7103047637451496,0.06775761909362873,0
synthetic_A#13751,1,BruteForce,test_attack,3.4528953966609794,0.08632238491652448,0
synthetic_A#13752,1,BruteForce,test_attack,5.189355617010195,0.12973389042525488,0
synthetic_A#13753,1,BruteForce,test_attack,3.506546201110474,0.08766365502776186,0
synthetic_A#13754,1,BruteForce,test_attack,0.4816585811746166,0.012041464529365414,0
synthetic_A#13755,1,BruteForce,test_attack,0.4845746709659506,0.012114366774148764,0
synthetic_A#13756,1,BruteForce,test_attack,1.2497238391245817,0.031243095978114543,0
synthetic_A#13757,1,BruteForce,test_attack,51.15806120290085,1.2789515300725214,1
synthetic_A#13758,1,BruteForce,test_attack,1.0936265394486226,0.027340663486215565,0
synthetic_A#13759,1,BruteForce,test_attack,0.3774224515472516,0.009435561288681291,0
synthetic_A#13760,1,BruteForce,test_attack,5.357086089514718,0.13392715223786794,0
synthetic_A#13761,1,BruteForce,test_attack,0.2522872944492132,0.00630718236123033,0
synthetic_A#13762,1,BruteForce,test_attack,2.2728323312868257,0.05682080828217064,0
synthetic_A#13763,1,BruteForce,test_attack,1.1378350306471054,0.028445875766177638,0
synthetic_A#13764,1,BruteForce,test_attack,0.6175482076775057,0.015438705191937643,0
synthetic_A#13765,1,BruteForce,test_attack,2.203984361429797,0.05509960903574492,0
synthetic_A#13766,1,BruteForce,test_attack,12.916551192060219,0.3229137798015055,0
synthetic_A#13767,1,BruteForce,test_attack,0.39439917598451835,0.009859979399612959,0
synthetic_A#13768,1,BruteForce,test_attack,1.6547508572321277,0.04136877143080319,0
synthetic_A#13769,1,BruteForce,test_attack,0.7815439300225188,0.01953859825056297,0
synthetic_A#13770,1,BruteForce,test_attack,0.5181742921402311,0.01295435730350578,0
synthetic_A#13771,1,BruteForce,test_attack,1.182678585169349,0.02956696462923373,0
synthetic_A#13772,1,BruteForce,test_attack,1.2987315292807284,0.03246828823201821,0
synthetic_A#13773,1,BruteForce,test_attack,12.753498080550408,0.3188374520137602,0
synthetic_A#13774,1,BruteForce,test_attack,0.6171102855501034,0.015427757138752584,0
synthetic_A#13775,1,BruteForce,test_attack,5.329872774665978,0.13324681936664945,0
synthetic_A#13776,1,BruteForce,test_attack,3.747435023992074,0.09368587559980185,0
synthetic_A#13777,1,BruteForce,test_attack,0.4677274068083511,0.011693185170208778,0
synthetic_A#13778,1,BruteForce,test_attack,2.6786900949257317,0.0669672523731433,0
synthetic_A#13779,1,BruteForce,test_attack,1.6971242954328534,0.04242810738582133,0
synthetic_A#13780,1,BruteForce,test_attack,3.3142891514108195,0.08285722878527049,0
synthetic_A#13781,1,BruteForce,test_attack,0.5784398217913748,0.01446099554478437,0
synthetic_A#13782,1,BruteForce,test_attack,7.600306620651212,0.1900076655162803,0
synthetic_A#13783,1,BruteForce,test_attack,3.031468028562645,0.07578670071406612,0
synthetic_A#13784,1,BruteForce,test_attack,15.4191664818474,0.385479162046185,0
synthetic_A#13785,1,BruteForce,test_attack,1.7394752114273353,0.043486880285683385,0
synthetic_A#13786,1,BruteForce,test_attack,2.2135868819846016,0.05533967204961504,0
synthetic_A#13787,1,BruteForce,test_attack,0.23937912667434252,0.005984478166858563,0
synthetic_A#13788,1,BruteForce,test_attack,1.8769425798506605,0.046923564496266515,0
synthetic_A#13789,1,BruteForce,test_attack,2.6456756081198427,0.06614189020299607,0
synthetic_A#13790,1,BruteForce,test_attack,5.66492510402032,0.141623127600508,0
synthetic_A#13791,1,BruteForce,test_attack,18.356226649184286,0.45890566622960716,0
synthetic_A#13792,1,BruteForce,test_attack,4.575576699004067,0.11438941747510167,0
synthetic_A#13793,1,BruteForce,test_attack,0.5767167269075988,0.01441791817268997,0
synthetic_A#13794,1,BruteForce,test_attack,7.313132625686489,0.18282831564216223,0
synthetic_A#13795,1,BruteForce,test_attack,0.7861902580522785,0.019654756451306963,0
synthetic_A#13796,1,BruteForce,test_attack,3.8496437550395415,0.09624109387598853,0
synthetic_A#13797,1,BruteForce,test_attack,0.6478447705455438,0.016196119263638595,0
synthetic_A#13798,1,BruteForce,test_attack,3.0166301638348028,0.07541575409587006,0
synthetic_A#13799,1,BruteForce,test_attack,4.959276380371778,0.12398190950929444,0
synthetic_A#13800,1,BruteForce,test_attack,44.40968648908894,1.1102421622272236,1
synthetic_A#13801,1,BruteForce,test_attack,1.5549372795515586,0.03887343198878897,0
synthetic_A#13802,1,BruteForce,test_attack,0.8139252592758583,0.02034813148189646,0
synthetic_A#13803,1,BruteForce,test_attack,0.33444894356544363,0.008361223589136092,0
synthetic_A#13804,1,BruteForce,test_attack,3.906311242075422,0.09765778105188555,0
synthetic_A#13805,1,BruteForce,test_attack,2.9063542880127144,0.07265885720031787,0
synthetic_A#13806,1,BruteForce,test_attack,2.192932683693759,0.05482331709234397,0
synthetic_A#13807,1,BruteForce,test_attack,5.812461576997632,0.1453115394249408,0
synthetic_A#13808,1,BruteForce,test_attack,1.5133830037521128,0.03783457509380282,0
synthetic_A#13809,1,BruteForce,test_attack,1.465136422330732,0.0366284105582683,0
synthetic_A#13810,1,BruteForce,test_attack,2.798134839876248,0.0699533709969062,0
synthetic_A#13811,1,BruteForce,test_attack,3.1718899929387216,0.07929724982346804,0
synthetic_A#13812,1,BruteForce,test_attack,3.6235609261159687,0.09058902315289921,0
synthetic_A#13813,1,BruteForce,test_attack,3.0625265729742477,0.0765631643243562,0
synthetic_A#13814,1,BruteForce,test_attack,1.871218507361891,0.04678046268404727,0
synthetic_A#13815,1,BruteForce,test_attack,5.412730217113855,0.13531825542784637,0
synthetic_A#13816,1,BruteForce,test_attack,0.32001498776571646,0.008000374694142911,0
synthetic_A#13817,1,BruteForce,test_attack,2.047501328628872,0.0511875332157218,0
synthetic_A#13818,1,BruteForce,test_attack,0.4965861264978954,0.012414653162447385,0
synthetic_A#13819,1,BruteForce,test_attack,15.950495899595523,0.39876239748988807,0
synthetic_A#13820,1,BruteForce,test_attack,1.655176768162225,0.04137941920405562,0
synthetic_A#13821,1,BruteForce,test_attack,0.5244365470327071,0.013110913675817678,0
synthetic_A#13822,1,BruteForce,test_attack,3.7298182543230194,0.09324545635807549,0
synthetic_A#13823,1,BruteForce,test_attack,3.3547850524205316,0.08386962631051328,0
synthetic_A#13824,1,BruteForce,test_attack,11.27447802409537,0.2818619506023842,0
synthetic_A#13825,1,BruteForce,test_attack,1.3046472980396855,0.03261618245099214,0
synthetic_A#13826,1,BruteForce,test_attack,9.906335019068688,0.2476583754767172,0
synthetic_A#13827,1,BruteForce,test_attack,2.5182918653482,0.062957296633705,0
synthetic_A#13828,1,BruteForce,test_attack,2.244644286318205,0.05611610715795512,0
synthetic_A#13829,1,BruteForce,test_attack,8.076834379633876,0.2019208594908469,0
synthetic_A#13830,1,BruteForce,test_attack,2.1778771279535487,0.054446928198838715,0
synthetic_A#13831,1,BruteForce,test_attack,0.41838294964069445,0.010459573741017362,0
synthetic_A#13832,1,BruteForce,test_attack,0.6400080996214845,0.016000202490537112,0
synthetic_A#13833,1,BruteForce,test_attack,2.970842575351841,0.07427106438379602,0
synthetic_A#13834,1,BruteForce,test_attack,0.30309571684662284,0.007577392921165571,0
synthetic_A#13835,1,BruteForce,test_attack,0.9375758137761825,0.023439395344404562,0
synthetic_A#13836,1,BruteForce,test_attack,3.571854305483156,0.08929635763707891,0
synthetic_A#13837,1,BruteForce,test_attack,3.809283618992807,0.09523209047482017,0
synthetic_A#13838,1,BruteForce,test_attack,0.8848254526123427,0.022120636315308567,0
synthetic_A#13839,1,BruteForce,test_attack,3.160712222338402,0.07901780555846005,0
synthetic_A#13840,1,BruteForce,test_attack,37.86081388242583,0.9465203470606458,1
synthetic_A#13841,1,BruteForce,test_attack,0.7745266702273192,0.019363166755682983,0
synthetic_A#13842,1,BruteForce,test_attack,1.8265511768607312,0.04566377942151828,0
synthetic_A#13843,1,BruteForce,test_attack,19.813302664349777,0.4953325666087444,0
synthetic_A#13844,1,BruteForce,test_attack,1.5623544652627082,0.0390588616315677,0
synthetic_A#13845,1,BruteForce,test_attack,4.150141622871859,0.10375354057179646,0
synthetic_A#13846,1,BruteForce,test_attack,6.3383755629096505,0.15845938907274126,0
synthetic_A#13847,1,BruteForce,test_attack,2.4218098539990933,0.060545246349977336,0
synthetic_A#13848,1,BruteForce,test_attack,0.2941118538087714,0.0073527963452192854,0
synthetic_A#13849,1,BruteForce,test_attack,0.7236299843128369,0.018090749607820922,0
synthetic_A#13850,1,BruteForce,test_attack,5.359160977438785,0.13397902443596962,0
synthetic_A#13851,1,BruteForce,test_attack,0.22168469385542633,0.005542117346385658,0
synthetic_A#13852,1,BruteForce,test_attack,0.5881966947219042,0.014704917368047604,0
synthetic_A#13853,1,BruteForce,test_attack,0.3070672421015388,0.0076766810525384695,0
synthetic_A#13854,1,BruteForce,test_attack,14.248437317682367,0.3562109329420592,0
synthetic_A#13855,1,BruteForce,test_attack,4.553261699325746,0.11383154248314364,0
synthetic_A#13856,1,BruteForce,test_attack,2.294717832256169,0.05736794580640423,0
synthetic_A#13857,1,BruteForce,test_attack,0.7438864548088147,0.018597161370220366,0
synthetic_A#13858,1,BruteForce,test_attack,2.7849204553148885,0.06962301138287222,0
synthetic_A#13859,1,BruteForce,test_attack,0.23508403570067996,0.005877100892516999,0
synthetic_A#13860,1,BruteForce,test_attack,12.332741205359927,0.3083185301339982,0
synthetic_A#13861,1,BruteForce,test_attack,0.5855169888476718,0.014637924721191794,0
synthetic_A#13862,1,BruteForce,test_attack,0.49776646080599485,0.012444161520149872,0
synthetic_A#13863,1,BruteForce,test_attack,0.16982542927134625,0.0042456357317836564,0
synthetic_A#13864,1,BruteForce,test_attack,1.143019346651809,0.028575483666295226,0
synthetic_A#13865,1,BruteForce,test_attack,5.224805058630009,0.13062012646575022,0
synthetic_A#13866,1,BruteForce,test_attack,0.1958171502946554,0.004895428757366385,0
synthetic_A#13867,1,BruteForce,test_attack,1.809816774754675,0.04524541936886688,0
synthetic_A#13868,1,BruteForce,test_attack,1.343363985572554,0.03358409963931385,0
synthetic_A#13869,1,BruteForce,test_attack,2.5842834388868177,0.06460708597217044,0
synthetic_A#13870,1,BruteForce,test_attack,0.41375585455484315,0.010343896363871079,0
synthetic_A#13871,1,BruteForce,test_attack,7.32552435797007,0.18313810894925175,0
synthetic_A#13872,1,BruteForce,test_attack,3.4702347344139555,0.08675586836034889,0
synthetic_A#13873,1,BruteForce,test_attack,1.2108869657746284,0.03027217414436571,0
synthetic_A#13874,1,BruteForce,test_attack,41.89513965679288,1.0473784914198219,1
synthetic_A#13875,1,BruteForce,test_attack,10.234253625128206,0.25585634062820517,0
synthetic_A#13876,1,BruteForce,test_attack,1.533543367266743,0.03833858418166857,0
synthetic_A#13877,1,BruteForce,test_attack,0.6349096496485852,0.01587274124121463,0
synthetic_A#13878,1,BruteForce,test_attack,5.367205570235734,0.13418013925589337,0
synthetic_A#13879,1,BruteForce,test_attack,2.867867156656354,0.07169667891640885,0
synthetic_A#13880,1,BruteForce,test_attack,17.13496831261479,0.4283742078153698,0
synthetic_A#13881,1,BruteForce,test_attack,1.38778179218271,0.034694544804567753,0
synthetic_A#13882,1,BruteForce,test_attack,5.7062191159303755,0.1426554778982594,0
synthetic_A#13883,1,BruteForce,test_attack,2.3983116136898293,0.05995779034224573,0
synthetic_A#13884,1,BruteForce,test_attack,5.048901514116611,0.1262225378529153,0
synthetic_A#13885,1,BruteForce,test_attack,43.0204304606423,1.0755107615160575,1
synthetic_A#13886,1,BruteForce,test_attack,6.483805429176673,0.16209513572941683,0
synthetic_A#13887,1,BruteForce,test_attack,2.9027181297640348,0.07256795324410087,0
synthetic_A#13888,1,BruteForce,test_attack,2.5100764068847696,0.06275191017211924,0
synthetic_A#13889,1,BruteForce,test_attack,7.127664848018876,0.17819162120047188,0
synthetic_A#13890,1,BruteForce,test_attack,0.4479798354650344,0.01119949588662586,0
synthetic_A#13891,1,BruteForce,test_attack,0.21253355852842243,0.005313338963210561,0
synthetic_A#13892,1,BruteForce,test_attack,0.6827389136566981,0.017068472841417454,0
synthetic_A#13893,1,BruteForce,test_attack,2.1800142929306507,0.05450035732326627,0
synthetic_A#13894,1,BruteForce,test_attack,1.2593712147824423,0.03148428036956106,0
synthetic_A#13895,1,BruteForce,test_attack,5.915150942964823,0.14787877357412058,0
synthetic_A#13896,1,BruteForce,test_attack,1.0202500995438681,0.025506252488596705,0
synthetic_A#13897,1,BruteForce,test_attack,2.7943073069552775,0.06985768267388194,0
synthetic_A#13898,1,BruteForce,test_attack,2.601520542548018,0.06503801356370045,0
synthetic_A#13899,1,BruteForce,test_attack,10.10186911770612,0.252546727942653,0
synthetic_A#13900,1,BruteForce,test_attack,22.986428068511294,0.5746607017127824,1
synthetic_A#13901,1,BruteForce,test_attack,8.894426103775107,0.22236065259437768,0
synthetic_A#13902,1,BruteForce,test_attack,1.1332247996975406,0.028330619992438515,0
synthetic_A#13903,1,BruteForce,test_attack,2.451880654737189,0.06129701636842973,0
synthetic_A#13904,1,BruteForce,test_attack,3.8719727901088783,0.09679931975272196,0
synthetic_A#13905,1,BruteForce,test_attack,3.974137489571965,0.09935343723929912,0
synthetic_A#13906,1,BruteForce,test_attack,9.97383026407708,0.24934575660192698,0
synthetic_A#13907,1,BruteForce,test_attack,4.838992898441739,0.12097482246104348,0
synthetic_A#13908,1,BruteForce,test_attack,1.5952289192507767,0.03988072298126942,0
synthetic_A#13909,1,BruteForce,test_attack,5.904895370039859,0.14762238425099647,0
synthetic_A#13910,1,BruteForce,test_attack,1.7056049751241864,0.04264012437810466,0
synthetic_A#13911,1,BruteForce,test_attack,8.353180468235605,0.20882951170589012,0
synthetic_A#13912,1,BruteForce,test_attack,1.3341219793663779,0.033353049484159444,0
synthetic_A#13913,1,BruteForce,test_attack,0.4207365824237108,0.01051841456059277,0
synthetic_A#13914,1,BruteForce,test_attack,3.1406322854981963,0.0785158071374549,0
synthetic_A#13915,1,BruteForce,test_attack,0.2931683620647746,0.007329209051619365,0
synthetic_A#13916,1,BruteForce,test_attack,6.772995978552235,0.16932489946380586,0
synthetic_A#13917,1,BruteForce,test_attack,1.6160268976552667,0.040400672441381666,0
synthetic_A#13918,1,BruteForce,test_attack,1.5382052837750408,0.038455132094376024,0
synthetic_A#13919,1,BruteForce,test_attack,0.23114964936298163,0.0057787412340745406,0
synthetic_A#13920,1,BruteForce,test_attack,1.5383595369185954,0.038458988422964885,0
synthetic_A#13921,1,BruteForce,test_attack,0.718282145853945,0.017957053646348625,0
synthetic_A#13922,1,BruteForce,test_attack,0.9432633046131361,0.023581582615328403,0
synthetic_A#13923,1,BruteForce,test_attack,0.6948880028623698,0.017372200071559245,0
synthetic_A#13924,1,BruteForce,test_attack,1.1774469112418005,0.02943617278104501,0
synthetic_A#13925,1,BruteForce,test_attack,7.126029270999996,0.1781507317749999,0
synthetic_A#13926,1,BruteForce,test_attack,1.2255781660956377,0.030639454152390944,0
synthetic_A#13927,1,BruteForce,test_attack,3.597905842124594,0.08994764605311485,0
synthetic_A#13928,1,BruteForce,test_attack,14.330953744855318,0.3582738436213829,0
synthetic_A#13929,1,BruteForce,test_attack,1.1658683279077704,0.02914670819769426,0
synthetic_A#13930,1,BruteForce,test_attack,0.7819578567853787,0.019548946419634467,0
synthetic_A#13931,1,BruteForce,test_attack,280.48803541117945,7.012200885279486,1
synthetic_A#13932,1,BruteForce,test_attack,3.437389474589854,0.08593473686474636,0
synthetic_A#13933,1,BruteForce,test_attack,0.8774483047245614,0.021936207618114035,0
synthetic_A#13934,1,BruteForce,test_attack,0.7859207044199819,0.019648017610499547,0
synthetic_A#13935,1,BruteForce,test_attack,0.5106060866444586,0.012765152166111465,0
synthetic_A#13936,1,BruteForce,test_attack,6.6467382319570305,0.16616845579892575,0
synthetic_A#13937,1,BruteForce,test_attack,0.2842316937923903,0.0071057923448097585,0
synthetic_A#13938,1,BruteForce,test_attack,4.0058147526018875,0.10014536881504718,0
synthetic_A#13939,1,BruteForce,test_attack,1.7863514748264109,0.04465878687066027,0
synthetic_A#13940,1,BruteForce,test_attack,0.3454567866093723,0.008636419665234308,0
synthetic_A#13941,1,BruteForce,test_attack,3.233753473105012,0.0808438368276253,0
synthetic_A#13942,1,BruteForce,test_attack,3.727752915787798,0.09319382289469495,0
synthetic_A#13943,1,BruteForce,test_attack,1.2952131169208898,0.03238032792302224,0
synthetic_A#13944,1,BruteForce,test_attack,3.908403154008952,0.0977100788502238,0
synthetic_A#13945,1,BruteForce,test_attack,8.662130079740972,0.21655325199352432,0
synthetic_A#13946,1,BruteForce,test_attack,3.5525257902908427,0.08881314475727106,0
synthetic_A#13947,1,BruteForce,test_attack,3.2394511482020363,0.0809862787050509,0
synthetic_A#13948,1,BruteForce,test_attack,15.825306417631044,0.3956326604407761,0
synthetic_A#13949,1,BruteForce,test_attack,1.0928532782597113,0.027321331956492785,0
synthetic_A#13950,1,BruteForce,test_attack,1.7842816978555627,0.044607042446389064,0
synthetic_A#13951,1,BruteForce,test_attack,0.8567749181546611,0.021419372953866526,0
synthetic_A#13952,1,BruteForce,test_attack,0.8247414904832024,0.020618537262080062,0
synthetic_A#13953,1,BruteForce,test_attack,3.19893879110624,0.079973469777656,0
synthetic_A#13954,1,BruteForce,test_attack,8.964811340782056,0.2241202835195514,0
synthetic_A#13955,1,BruteForce,test_attack,1.1369482498152998,0.028423706245382496,0
synthetic_A#13956,1,BruteForce,test_attack,0.5578717420397425,0.013946793550993564,0
synthetic_A#13957,1,BruteForce,test_attack,3.9792362784224,0.09948090696056,0
synthetic_A#13958,1,BruteForce,test_attack,3.5025132169937,0.0875628304248425,0
synthetic_A#13959,1,BruteForce,test_attack,1.0473192624301593,0.026182981560753982,0
synthetic_A#13960,1,BruteForce,test_attack,1.5070524386356354,0.037676310965890886,0
synthetic_A#13961,1,BruteForce,test_attack,3.5331171827442502,0.08832792956860626,0
synthetic_A#13962,1,BruteForce,test_attack,3.435816752987178,0.08589541882467945,0
synthetic_A#13963,1,BruteForce,test_attack,1.2334949571430553,0.030837373928576384,0
synthetic_A#13964,1,BruteForce,test_attack,0.5624396178431732,0.01406099044607933,0
synthetic_A#13965,1,BruteForce,test_attack,0.8059781960463012,0.020149454901157528,0
synthetic_A#13966,1,BruteForce,test_attack,2.3943904682234627,0.059859761705586566,0
synthetic_A#13967,1,BruteForce,test_attack,0.8618132180082281,0.0215453304502057,0
synthetic_A#13968,1,BruteForce,test_attack,2.588950615294331,0.06472376538235827,0
synthetic_A#13969,1,BruteForce,test_attack,1.9284048917228351,0.04821012229307088,0
synthetic_A#13970,1,BruteForce,test_attack,1.8561815121259575,0.04640453780314894,0
synthetic_A#13971,1,BruteForce,test_attack,2.4343833085159345,0.06085958271289836,0
synthetic_A#13972,1,BruteForce,test_attack,0.4706289463115504,0.01176572365778876,0
synthetic_A#13973,1,BruteForce,test_attack,0.6311487376381006,0.015778718440952515,0
synthetic_A#13974,1,BruteForce,test_attack,3.4251989687647852,0.08562997421911964,0
synthetic_A#13975,1,BruteForce,test_attack,2.821330373765556,0.0705332593441389,0
synthetic_A#13976,1,BruteForce,test_attack,6.224251116842483,0.15560627792106208,0
synthetic_A#13977,1,BruteForce,test_attack,0.9019638680983604,0.02254909670245901,0
synthetic_A#13978,1,BruteForce,test_attack,1.9187996951997175,0.047969992379992936,0
synthetic_A#13979,1,BruteForce,test_attack,3.0769459822101544,0.07692364955525385,0
synthetic_A#13980,1,BruteForce,test_attack,1.2239688496205516,0.030599221240513792,0
synthetic_A#13981,1,BruteForce,test_attack,0.5580874921370685,0.013952187303426714,0
synthetic_A#13982,1,BruteForce,test_attack,23.523177642792447,0.5880794410698111,1
synthetic_A#13983,1,BruteForce,test_attack,6.653997353676301,0.16634993384190752,0
synthetic_A#13984,1,BruteForce,test_attack,0.13487090890652184,0.003371772722663046,0
synthetic_A#13985,1,BruteForce,test_attack,6.267476696742106,0.15668691741855265,0
synthetic_A#13986,1,BruteForce,test_attack,2.4149378687567156,0.06037344671891789,0
synthetic_A#13987,1,BruteForce,test_attack,4.163824647415344,0.10409561618538361,0
synthetic_A#13988,1,BruteForce,test_attack,3.698006047851095,0.09245015119627738,0
synthetic_A#13989,1,BruteForce,test_attack,0.8804894750931787,0.022012236877329467,0
synthetic_A#13990,1,BruteForce,test_attack,0.8782947486138837,0.021957368715347092,0
synthetic_A#13991,1,BruteForce,test_attack,9.06393005873452,0.22659825146836302,0
synthetic_A#13992,1,BruteForce,test_attack,0.760255755288689,0.019006393882217226,0
synthetic_A#13993,1,BruteForce,test_attack,9.915127917514662,0.24787819793786653,0
synthetic_A#13994,1,BruteForce,test_attack,1.3656191915827063,0.034140479789567656,0
synthetic_A#13995,1,BruteForce,test_attack,4.062459663415487,0.10156149158538716,0
synthetic_A#13996,1,BruteForce,test_attack,3.131107649006493,0.07827769122516233,0
synthetic_A#13997,1,BruteForce,test_attack,1.84020299616027,0.04600507490400675,0
synthetic_A#13998,1,BruteForce,test_attack,3.0824635496742774,0.07706158874185694,0
synthetic_A#13999,1,BruteForce,test_attack,10.11467162564983,0.25286679064124573,0
